Time/Date,Value
01/10/2023 00:00,0.7
01/10/2023 00:15,0.7
01/10/2023 00:30,0.7
01/10/2023 00:45,0.7
01/10/2023 01:00,0.7
01/10/2023 01:15,0.69
01/10/2023 01:30,0.69
01/10/2023 01:45,0.69
01/10/2023 02:00,0.69
01/10/2023 02:15,0.69
01/10/2023 02:30,0.69
01/10/2023 02:45,0.69
01/10/2023 03:00,0.69
01/10/2023 03:15,0.68
01/10/2023 03:30,0.68
01/10/2023 03:45,0.68
01/10/2023 04:00,0.68
01/10/2023 04:15,0.68
01/10/2023 04:30,0.68
01/10/2023 04:45,0.68
01/10/2023 05:00,0.68
01/10/2023 05:15,0.68
01/10/2023 05:30,0.67
01/10/2023 05:45,0.67
01/10/2023 06:00,0.67
01/10/2023 06:15,0.67
01/10/2023 06:30,0.67
01/10/2023 06:45,0.67
01/10/2023 07:00,0.67
01/10/2023 07:15,0.67
01/10/2023 07:30,0.67
01/10/2023 07:45,0.67
01/10/2023 08:00,0.66
01/10/2023 08:15,0.67
01/10/2023 08:30,0.66
01/10/2023 08:45,0.66
01/10/2023 09:00,0.66
01/10/2023 09:15,0.66
01/10/2023 09:30,0.66
01/10/2023 09:45,0.66
01/10/2023 10:00,0.66
01/10/2023 10:15,0.66
01/10/2023 10:30,0.65
01/10/2023 10:45,0.65
01/10/2023 11:00,0.65
01/10/2023 11:15,0.65
01/10/2023 11:30,0.65
01/10/2023 11:45,0.65
01/10/2023 12:00,0.65
01/10/2023 12:15,0.65
01/10/2023 12:30,0.65
01/10/2023 12:45,0.65
01/10/2023 13:00,0.65
01/10/2023 13:15,0.65
01/10/2023 13:30,0.65
01/10/2023 13:45,0.65
01/10/2023 14:00,0.65
01/10/2023 14:15,0.65
01/10/2023 14:30,0.65
01/10/2023 14:45,0.65
01/10/2023 15:00,0.65
01/10/2023 15:15,0.65
01/10/2023 15:30,0.65
01/10/2023 15:45,0.65
01/10/2023 16:00,0.65
01/10/2023 16:15,0.65
01/10/2023 16:30,0.65
01/10/2023 16:45,0.65
01/10/2023 17:00,0.65
01/10/2023 17:15,0.65
01/10/2023 17:30,0.65
01/10/2023 17:45,0.65
01/10/2023 18:00,0.65
01/10/2023 18:15,0.65
01/10/2023 18:30,0.65
01/10/2023 18:45,0.65
01/10/2023 19:00,0.65
01/10/2023 19:15,0.65
01/10/2023 19:30,0.65
01/10/2023 19:45,0.65
01/10/2023 20:00,0.65
01/10/2023 20:15,0.65
01/10/2023 20:30,0.65
01/10/2023 20:45,0.66
01/10/2023 21:00,0.66
01/10/2023 21:15,0.66
01/10/2023 21:30,0.66
01/10/2023 21:45,0.67
01/10/2023 22:00,0.67
01/10/2023 22:15,0.68
01/10/2023 22:30,0.68
01/10/2023 22:45,0.69
01/10/2023 23:00,0.7
01/10/2023 23:15,0.71
01/10/2023 23:30,0.72
01/10/2023 23:45,0.74
02/10/2023 00:00,0.75
02/10/2023 00:15,0.76
02/10/2023 00:30,0.78
02/10/2023 00:45,0.8
02/10/2023 01:00,0.82
02/10/2023 01:15,0.84
02/10/2023 01:30,0.86
02/10/2023 01:45,0.87
02/10/2023 02:00,0.89
02/10/2023 02:15,0.91
02/10/2023 02:30,0.93
02/10/2023 02:45,0.95
02/10/2023 03:00,0.97
02/10/2023 03:15,0.98
02/10/2023 03:30,1
02/10/2023 03:45,1.01
02/10/2023 04:00,1.02
02/10/2023 04:15,1.04
02/10/2023 04:30,1.05
02/10/2023 04:45,1.06
02/10/2023 05:00,1.07
02/10/2023 05:15,1.08
02/10/2023 05:30,1.09
02/10/2023 05:45,1.09
02/10/2023 06:00,1.1
02/10/2023 06:15,1.11
02/10/2023 06:30,1.12
02/10/2023 06:45,1.12
02/10/2023 07:00,1.12
02/10/2023 07:15,1.13
02/10/2023 07:30,1.13
02/10/2023 07:45,1.14
02/10/2023 08:00,1.15
02/10/2023 08:15,1.15
02/10/2023 08:30,1.17
02/10/2023 08:45,1.17
02/10/2023 09:00,1.18
02/10/2023 09:15,1.19
02/10/2023 09:30,1.2
02/10/2023 09:45,1.22
02/10/2023 10:00,1.24
02/10/2023 10:15,1.26
02/10/2023 10:30,1.28
02/10/2023 10:45,1.3
02/10/2023 11:00,1.33
02/10/2023 11:15,1.36
02/10/2023 11:30,1.39
02/10/2023 11:45,1.42
02/10/2023 12:00,1.45
02/10/2023 12:15,1.49
02/10/2023 12:30,1.51
02/10/2023 12:45,1.55
02/10/2023 13:00,1.58
02/10/2023 13:15,1.61
02/10/2023 13:30,1.64
02/10/2023 13:45,1.67
02/10/2023 14:00,1.7
02/10/2023 14:15,1.73
02/10/2023 14:30,1.75
02/10/2023 14:45,1.78
02/10/2023 15:00,1.8
02/10/2023 15:15,1.83
02/10/2023 15:30,1.85
02/10/2023 15:45,1.87
02/10/2023 16:00,1.89
02/10/2023 16:15,1.9
02/10/2023 16:30,1.91
02/10/2023 16:45,1.93
02/10/2023 17:00,1.95
02/10/2023 17:15,1.95
02/10/2023 17:30,1.96
02/10/2023 17:45,1.96
02/10/2023 18:00,1.97
02/10/2023 18:15,1.98
02/10/2023 18:30,1.98
02/10/2023 18:45,1.99
02/10/2023 19:00,1.99
02/10/2023 19:15,1.99
02/10/2023 19:30,1.99
02/10/2023 19:45,1.98
02/10/2023 20:00,1.98
02/10/2023 20:15,1.97
02/10/2023 20:30,1.97
02/10/2023 20:45,1.96
02/10/2023 21:00,1.96
02/10/2023 21:15,1.95
02/10/2023 21:30,1.94
02/10/2023 21:45,1.93
02/10/2023 22:00,1.92
02/10/2023 22:15,1.91
02/10/2023 22:30,1.91
02/10/2023 22:45,1.89
02/10/2023 23:00,1.88
02/10/2023 23:15,1.87
02/10/2023 23:30,1.86
02/10/2023 23:45,1.85
03/10/2023 00:00,1.84
03/10/2023 00:15,1.82
03/10/2023 00:30,1.81
03/10/2023 00:45,1.8
03/10/2023 01:00,1.78
03/10/2023 01:15,1.77
03/10/2023 01:30,1.77
03/10/2023 01:45,1.75
03/10/2023 02:00,1.73
03/10/2023 02:15,1.72
03/10/2023 02:30,1.71
03/10/2023 02:45,1.7
03/10/2023 03:00,1.68
03/10/2023 03:15,1.67
03/10/2023 03:30,1.66
03/10/2023 03:45,1.65
03/10/2023 04:00,1.63
03/10/2023 04:15,1.63
03/10/2023 04:30,1.62
03/10/2023 04:45,1.6
03/10/2023 05:00,1.59
03/10/2023 05:15,1.58
03/10/2023 05:30,1.57
03/10/2023 05:45,1.56
03/10/2023 06:00,1.55
03/10/2023 06:15,1.54
03/10/2023 06:30,1.53
03/10/2023 06:45,1.52
03/10/2023 07:00,1.51
03/10/2023 07:15,1.5
03/10/2023 07:30,1.49
03/10/2023 07:45,1.48
03/10/2023 08:00,1.47
03/10/2023 08:15,1.46
03/10/2023 08:30,1.46
03/10/2023 08:45,1.45
03/10/2023 09:00,1.44
03/10/2023 09:15,1.44
03/10/2023 09:30,1.43
03/10/2023 09:45,1.42
03/10/2023 10:00,1.41
03/10/2023 10:15,1.41
03/10/2023 10:30,1.4
03/10/2023 10:45,1.39
03/10/2023 11:00,1.38
03/10/2023 11:15,1.38
03/10/2023 11:30,1.37
03/10/2023 11:45,1.37
03/10/2023 12:00,1.36
03/10/2023 12:15,1.35
03/10/2023 12:30,1.35
03/10/2023 12:45,1.35
03/10/2023 13:00,1.34
03/10/2023 13:15,1.33
03/10/2023 13:30,1.33
03/10/2023 13:45,1.33
03/10/2023 14:00,1.32
03/10/2023 14:15,1.31
03/10/2023 14:30,1.31
03/10/2023 14:45,1.3
03/10/2023 15:00,1.3
03/10/2023 15:15,1.3
03/10/2023 15:30,1.29
03/10/2023 15:45,1.3
03/10/2023 16:00,1.29
03/10/2023 16:15,1.28
03/10/2023 16:30,1.28
03/10/2023 16:45,1.28
03/10/2023 17:00,1.27
03/10/2023 17:15,1.27
03/10/2023 17:30,1.27
03/10/2023 17:45,1.26
03/10/2023 18:00,1.26
03/10/2023 18:15,1.26
03/10/2023 18:30,1.26
03/10/2023 18:45,1.26
03/10/2023 19:00,1.26
03/10/2023 19:15,1.26
03/10/2023 19:30,1.25
03/10/2023 19:45,1.26
03/10/2023 20:00,1.25
03/10/2023 20:15,1.26
03/10/2023 20:30,1.26
03/10/2023 20:45,1.25
03/10/2023 21:00,1.26
03/10/2023 21:15,1.26
03/10/2023 21:30,1.25
03/10/2023 21:45,1.26
03/10/2023 22:00,1.26
03/10/2023 22:15,1.26
03/10/2023 22:30,1.26
03/10/2023 22:45,1.27
03/10/2023 23:00,1.28
03/10/2023 23:15,1.27
03/10/2023 23:30,1.27
03/10/2023 23:45,1.27
04/10/2023 00:00,1.27
04/10/2023 00:15,1.27
04/10/2023 00:30,1.28
04/10/2023 00:45,1.27
04/10/2023 01:00,1.28
04/10/2023 01:15,1.27
04/10/2023 01:30,1.28
04/10/2023 01:45,1.28
04/10/2023 02:00,1.28
04/10/2023 02:15,1.28
04/10/2023 02:30,1.28
04/10/2023 02:45,1.27
04/10/2023 03:00,1.28
04/10/2023 03:15,1.28
04/10/2023 03:30,1.28
04/10/2023 03:45,1.28
04/10/2023 04:00,1.27
04/10/2023 04:15,1.27
04/10/2023 04:30,1.27
04/10/2023 04:45,1.28
04/10/2023 05:00,1.26
04/10/2023 05:15,1.27
04/10/2023 05:30,1.26
04/10/2023 05:45,1.26
04/10/2023 06:00,1.26
04/10/2023 06:15,1.26
04/10/2023 06:30,1.26
04/10/2023 06:45,1.25
04/10/2023 07:00,1.25
04/10/2023 07:15,1.25
04/10/2023 07:30,1.25
04/10/2023 07:45,1.25
04/10/2023 08:00,1.24
04/10/2023 08:15,1.24
04/10/2023 08:30,1.24
04/10/2023 08:45,1.24
04/10/2023 09:00,1.23
04/10/2023 09:15,1.24
04/10/2023 09:30,1.23
04/10/2023 09:45,1.23
04/10/2023 10:00,1.23
04/10/2023 10:15,1.22
04/10/2023 10:30,1.22
04/10/2023 10:45,1.22
04/10/2023 11:00,1.22
04/10/2023 11:15,1.22
04/10/2023 11:30,1.22
04/10/2023 11:45,1.21
04/10/2023 12:00,1.21
04/10/2023 12:15,1.21
04/10/2023 12:30,1.21
04/10/2023 12:45,1.21
04/10/2023 13:00,1.2
04/10/2023 13:15,1.2
04/10/2023 13:30,1.21
04/10/2023 13:45,1.21
04/10/2023 14:00,1.19
04/10/2023 14:15,1.2
04/10/2023 14:30,1.2
04/10/2023 14:45,1.2
04/10/2023 15:00,1.2
04/10/2023 15:15,1.19
04/10/2023 15:30,1.19
04/10/2023 15:45,1.19
04/10/2023 16:00,1.19
04/10/2023 16:15,1.18
04/10/2023 16:30,1.18
04/10/2023 16:45,1.18
04/10/2023 17:00,1.18
04/10/2023 17:15,1.18
04/10/2023 17:30,1.18
04/10/2023 17:45,1.18
04/10/2023 18:00,1.17
04/10/2023 18:15,1.17
04/10/2023 18:30,1.17
04/10/2023 18:45,1.17
04/10/2023 19:00,1.16
04/10/2023 19:15,1.16
04/10/2023 19:30,1.16
04/10/2023 19:45,1.16
04/10/2023 20:00,1.15
04/10/2023 20:15,1.15
04/10/2023 20:30,1.15
04/10/2023 20:45,1.14
04/10/2023 21:00,1.14
04/10/2023 21:15,1.14
04/10/2023 21:30,1.14
04/10/2023 21:45,1.13
04/10/2023 22:00,1.13
04/10/2023 22:15,1.13
04/10/2023 22:30,1.13
04/10/2023 22:45,1.13
04/10/2023 23:00,1.12
04/10/2023 23:15,1.12
04/10/2023 23:30,1.12
04/10/2023 23:45,1.12
05/10/2023 00:00,1.11
05/10/2023 00:15,1.11
05/10/2023 00:30,1.11
05/10/2023 00:45,1.11
05/10/2023 01:00,1.1
05/10/2023 01:15,1.1
05/10/2023 01:30,1.1
05/10/2023 01:45,1.09
05/10/2023 02:00,1.09
05/10/2023 02:15,1.09
05/10/2023 02:30,1.09
05/10/2023 02:45,1.08
05/10/2023 03:00,1.08
05/10/2023 03:15,1.08
05/10/2023 03:30,1.07
05/10/2023 03:45,1.07
05/10/2023 04:00,1.07
05/10/2023 04:15,1.07
05/10/2023 04:30,1.07
05/10/2023 04:45,1.06
05/10/2023 05:00,1.06
05/10/2023 05:15,1.06
05/10/2023 05:30,1.06
05/10/2023 05:45,1.06
05/10/2023 06:00,1.05
05/10/2023 06:15,1.05
05/10/2023 06:30,1.04
05/10/2023 06:45,1.05
05/10/2023 07:00,1.04
05/10/2023 07:15,1.04
05/10/2023 07:30,1.04
05/10/2023 07:45,1.04
05/10/2023 08:00,1.04
05/10/2023 08:15,1.03
05/10/2023 08:30,1.03
05/10/2023 08:45,1.03
05/10/2023 09:00,1.03
05/10/2023 09:15,1.03
05/10/2023 09:30,1.03
05/10/2023 09:45,1.03
05/10/2023 10:00,1.03
05/10/2023 10:15,1.02
05/10/2023 10:30,1.02
05/10/2023 10:45,1.02
05/10/2023 11:00,1.02
05/10/2023 11:15,1.02
05/10/2023 11:30,1.02
05/10/2023 11:45,1.02
05/10/2023 12:00,1.02
05/10/2023 12:15,1.02
05/10/2023 12:30,1.01
05/10/2023 12:45,1.01
05/10/2023 13:00,1.01
05/10/2023 13:15,1.01
05/10/2023 13:30,1.01
05/10/2023 13:45,1
05/10/2023 14:00,1.01
05/10/2023 14:15,1
05/10/2023 14:30,1
05/10/2023 14:45,1
05/10/2023 15:00,1
05/10/2023 15:15,1
05/10/2023 15:30,1
05/10/2023 15:45,1
05/10/2023 16:00,1
05/10/2023 16:15,1
05/10/2023 16:30,1
05/10/2023 16:45,1
05/10/2023 17:00,0.99
05/10/2023 17:15,0.99
05/10/2023 17:30,0.99
05/10/2023 17:45,0.99
05/10/2023 18:00,0.99
05/10/2023 18:15,0.99
05/10/2023 18:30,0.99
05/10/2023 18:45,0.98
05/10/2023 19:00,0.98
05/10/2023 19:15,0.98
05/10/2023 19:30,0.98
05/10/2023 19:45,0.98
05/10/2023 20:00,0.98
05/10/2023 20:15,0.98
05/10/2023 20:30,0.98
05/10/2023 20:45,0.97
05/10/2023 21:00,0.97
05/10/2023 21:15,0.97
05/10/2023 21:30,0.97
05/10/2023 21:45,0.97
05/10/2023 22:00,0.97
05/10/2023 22:15,0.96
05/10/2023 22:30,0.96
05/10/2023 22:45,0.96
05/10/2023 23:00,0.96
05/10/2023 23:15,0.96
05/10/2023 23:30,0.95
05/10/2023 23:45,0.95
06/10/2023 00:00,0.95
06/10/2023 00:15,0.95
06/10/2023 00:30,0.95
06/10/2023 00:45,0.95
06/10/2023 01:00,0.94
06/10/2023 01:15,0.95
06/10/2023 01:30,0.94
06/10/2023 01:45,0.94
06/10/2023 02:00,0.94
06/10/2023 02:15,0.94
06/10/2023 02:30,0.94
06/10/2023 02:45,0.93
06/10/2023 03:00,0.93
06/10/2023 03:15,0.93
06/10/2023 03:30,0.93
06/10/2023 03:45,0.93
06/10/2023 04:00,0.93
06/10/2023 04:15,0.93
06/10/2023 04:30,0.93
06/10/2023 04:45,0.92
06/10/2023 05:00,0.92
06/10/2023 05:15,0.92
06/10/2023 05:30,0.92
06/10/2023 05:45,0.92
06/10/2023 06:00,0.91
06/10/2023 06:15,0.92
06/10/2023 06:30,0.91
06/10/2023 06:45,0.91
06/10/2023 07:00,0.91
06/10/2023 07:15,0.91
06/10/2023 07:30,0.91
06/10/2023 07:45,0.91
06/10/2023 08:00,0.9
06/10/2023 08:15,0.9
06/10/2023 08:30,0.9
06/10/2023 08:45,0.9
06/10/2023 09:00,0.9
06/10/2023 09:15,0.89
06/10/2023 09:30,0.89
06/10/2023 09:45,0.89
06/10/2023 10:00,0.89
06/10/2023 10:15,0.9
06/10/2023 10:30,0.89
06/10/2023 10:45,0.89
06/10/2023 11:00,0.89
06/10/2023 11:15,0.88
06/10/2023 11:30,0.89
06/10/2023 11:45,0.88
06/10/2023 12:00,0.88
06/10/2023 12:15,0.88
06/10/2023 12:30,0.88
06/10/2023 12:45,0.88
06/10/2023 13:00,0.88
06/10/2023 13:15,0.88
06/10/2023 13:30,0.87
06/10/2023 13:45,0.88
06/10/2023 14:00,0.88
06/10/2023 14:15,0.87
06/10/2023 14:30,0.87
06/10/2023 14:45,0.87
06/10/2023 15:00,0.87
06/10/2023 15:15,0.87
06/10/2023 15:30,0.87
06/10/2023 15:45,0.87
06/10/2023 16:00,0.87
06/10/2023 16:15,0.87
06/10/2023 16:30,0.86
06/10/2023 16:45,0.87
06/10/2023 17:00,0.86
06/10/2023 17:15,0.86
06/10/2023 17:30,0.86
06/10/2023 17:45,0.86
06/10/2023 18:00,0.86
06/10/2023 18:15,0.86
06/10/2023 18:30,0.86
06/10/2023 18:45,0.86
06/10/2023 19:00,0.85
06/10/2023 19:15,0.85
06/10/2023 19:30,0.85
06/10/2023 19:45,0.85
06/10/2023 20:00,0.85
06/10/2023 20:15,0.85
06/10/2023 20:30,0.85
06/10/2023 20:45,0.85
06/10/2023 21:00,0.85
06/10/2023 21:15,0.85
06/10/2023 21:30,0.84
06/10/2023 21:45,0.84
06/10/2023 22:00,0.84
06/10/2023 22:15,0.84
06/10/2023 22:30,0.84
06/10/2023 22:45,0.84
06/10/2023 23:00,0.83
06/10/2023 23:15,0.84
06/10/2023 23:30,0.84
06/10/2023 23:45,0.84
07/10/2023 00:00,0.83
07/10/2023 00:15,0.83
07/10/2023 00:30,0.83
07/10/2023 00:45,0.83
07/10/2023 01:00,0.83
07/10/2023 01:15,0.83
07/10/2023 01:30,0.83
07/10/2023 01:45,0.83
07/10/2023 02:00,0.84
07/10/2023 02:15,0.84
07/10/2023 02:30,0.84
07/10/2023 02:45,0.84
07/10/2023 03:00,0.85
07/10/2023 03:15,0.85
07/10/2023 03:30,0.86
07/10/2023 03:45,0.86
07/10/2023 04:00,0.86
07/10/2023 04:15,0.87
07/10/2023 04:30,0.88
07/10/2023 04:45,0.88
07/10/2023 05:00,0.89
07/10/2023 05:15,0.9
07/10/2023 05:30,0.9
07/10/2023 05:45,0.91
07/10/2023 06:00,0.92
07/10/2023 06:15,0.93
07/10/2023 06:30,0.93
07/10/2023 06:45,0.94
07/10/2023 07:00,0.94
07/10/2023 07:15,0.95
07/10/2023 07:30,0.95
07/10/2023 07:45,0.96
07/10/2023 08:00,0.96
07/10/2023 08:15,0.97
07/10/2023 08:30,0.98
07/10/2023 08:45,0.98
07/10/2023 09:00,0.98
07/10/2023 09:15,0.98
07/10/2023 09:30,0.99
07/10/2023 09:45,0.98
07/10/2023 10:00,0.98
07/10/2023 10:15,0.99
07/10/2023 10:30,0.99
07/10/2023 10:45,0.99
07/10/2023 11:00,0.99
07/10/2023 11:15,0.98
07/10/2023 11:30,0.99
07/10/2023 11:45,0.98
07/10/2023 12:00,0.99
07/10/2023 12:15,0.98
07/10/2023 12:30,0.98
07/10/2023 12:45,0.98
07/10/2023 13:00,0.98
07/10/2023 13:15,0.98
07/10/2023 13:30,0.98
07/10/2023 13:45,0.98
07/10/2023 14:00,0.97
07/10/2023 14:15,0.97
07/10/2023 14:30,0.97
07/10/2023 14:45,0.97
07/10/2023 15:00,0.97
07/10/2023 15:15,0.97
07/10/2023 15:30,0.96
07/10/2023 15:45,0.96
07/10/2023 16:00,0.96
07/10/2023 16:15,0.96
07/10/2023 16:30,0.96
07/10/2023 16:45,0.96
07/10/2023 17:00,0.95
07/10/2023 17:15,0.95
07/10/2023 17:30,0.95
07/10/2023 17:45,0.95
07/10/2023 18:00,0.95
07/10/2023 18:15,0.95
07/10/2023 18:30,0.95
07/10/2023 18:45,0.95
07/10/2023 19:00,0.95
07/10/2023 19:15,0.94
07/10/2023 19:30,0.94
07/10/2023 19:45,0.94
07/10/2023 20:00,0.94
07/10/2023 20:15,0.94
07/10/2023 20:30,0.94
07/10/2023 20:45,0.94
07/10/2023 21:00,0.93
07/10/2023 21:15,0.93
07/10/2023 21:30,0.93
07/10/2023 21:45,0.93
07/10/2023 22:00,0.93
07/10/2023 22:15,0.93
07/10/2023 22:30,0.93
07/10/2023 22:45,0.93
07/10/2023 23:00,0.92
07/10/2023 23:15,0.92
07/10/2023 23:30,0.92
07/10/2023 23:45,0.92
08/10/2023 00:00,0.92
08/10/2023 00:15,0.92
08/10/2023 00:30,0.92
08/10/2023 00:45,0.92
08/10/2023 01:00,0.92
08/10/2023 01:15,0.91
08/10/2023 01:30,0.91
08/10/2023 01:45,0.91
08/10/2023 02:00,0.91
08/10/2023 02:15,0.91
08/10/2023 02:30,0.91
08/10/2023 02:45,0.91
08/10/2023 03:00,0.9
08/10/2023 03:15,0.9
08/10/2023 03:30,0.9
08/10/2023 03:45,0.9
08/10/2023 04:00,0.9
08/10/2023 04:15,0.9
08/10/2023 04:30,0.9
08/10/2023 04:45,0.89
08/10/2023 05:00,0.89
08/10/2023 05:15,0.89
08/10/2023 05:30,0.89
08/10/2023 05:45,0.89
08/10/2023 06:00,0.88
08/10/2023 06:15,0.89
08/10/2023 06:30,0.88
08/10/2023 06:45,0.88
08/10/2023 07:00,0.88
08/10/2023 07:15,0.88
08/10/2023 07:30,0.88
08/10/2023 07:45,0.88
08/10/2023 08:00,0.88
08/10/2023 08:15,0.87
08/10/2023 08:30,0.87
08/10/2023 08:45,0.87
08/10/2023 09:00,0.87
08/10/2023 09:15,0.86
08/10/2023 09:30,0.87
08/10/2023 09:45,0.86
08/10/2023 10:00,0.86
08/10/2023 10:15,0.86
08/10/2023 10:30,0.86
08/10/2023 10:45,0.86
08/10/2023 11:00,0.86
08/10/2023 11:15,0.85
08/10/2023 11:30,0.85
08/10/2023 11:45,0.85
08/10/2023 12:00,0.85
08/10/2023 12:15,0.84
08/10/2023 12:30,0.84
08/10/2023 12:45,0.84
08/10/2023 13:00,0.84
08/10/2023 13:15,0.84
08/10/2023 13:30,0.84
08/10/2023 13:45,0.83
08/10/2023 14:00,0.83
08/10/2023 14:15,0.83
08/10/2023 14:30,0.83
08/10/2023 14:45,0.83
08/10/2023 15:00,0.82
08/10/2023 15:15,0.82
08/10/2023 15:30,0.82
08/10/2023 15:45,0.82
08/10/2023 16:00,0.82
08/10/2023 16:15,0.82
08/10/2023 16:30,0.81
08/10/2023 16:45,0.81
08/10/2023 17:00,0.81
08/10/2023 17:15,0.81
08/10/2023 17:30,0.81
08/10/2023 17:45,0.81
08/10/2023 18:00,0.81
08/10/2023 18:15,0.8
08/10/2023 18:30,0.8
08/10/2023 18:45,0.8
08/10/2023 19:00,0.8
08/10/2023 19:15,0.8
08/10/2023 19:30,0.8
08/10/2023 19:45,0.79
08/10/2023 20:00,0.79
08/10/2023 20:15,0.79
08/10/2023 20:30,0.79
08/10/2023 20:45,0.79
08/10/2023 21:00,0.79
08/10/2023 21:15,0.78
08/10/2023 21:30,0.78
08/10/2023 21:45,0.78
08/10/2023 22:00,0.78
08/10/2023 22:15,0.77
08/10/2023 22:30,0.77
08/10/2023 22:45,0.78
08/10/2023 23:00,0.77
08/10/2023 23:15,0.77
08/10/2023 23:30,0.77
08/10/2023 23:45,0.77
09/10/2023 00:00,0.77
09/10/2023 00:15,0.76
09/10/2023 00:30,0.76
09/10/2023 00:45,0.76
09/10/2023 01:00,0.76
09/10/2023 01:15,0.76
09/10/2023 01:30,0.76
09/10/2023 01:45,0.76
09/10/2023 02:00,0.75
09/10/2023 02:15,0.75
09/10/2023 02:30,0.75
09/10/2023 02:45,0.75
09/10/2023 03:00,0.75
09/10/2023 03:15,0.75
09/10/2023 03:30,0.75
09/10/2023 03:45,0.74
09/10/2023 04:00,0.75
09/10/2023 04:15,0.74
09/10/2023 04:30,0.74
09/10/2023 04:45,0.74
09/10/2023 05:00,0.74
09/10/2023 05:15,0.74
09/10/2023 05:30,0.74
09/10/2023 05:45,0.74
09/10/2023 06:00,0.74
09/10/2023 06:15,0.73
09/10/2023 06:30,0.73
09/10/2023 06:45,0.73
09/10/2023 07:00,0.73
09/10/2023 07:15,0.73
09/10/2023 07:30,0.73
09/10/2023 07:45,0.72
09/10/2023 08:00,0.73
09/10/2023 08:15,0.72
09/10/2023 08:30,0.72
09/10/2023 08:45,0.72
09/10/2023 09:00,0.72
09/10/2023 09:15,0.72
09/10/2023 09:30,0.72
09/10/2023 09:45,0.71
09/10/2023 10:00,0.71
09/10/2023 10:15,0.71
09/10/2023 10:30,0.71
09/10/2023 10:45,0.71
09/10/2023 11:00,0.71
09/10/2023 11:15,0.71
09/10/2023 11:30,0.71
09/10/2023 11:45,0.71
09/10/2023 12:00,0.71
09/10/2023 12:15,0.71
09/10/2023 12:30,0.71
09/10/2023 12:45,0.7
09/10/2023 13:00,0.7
09/10/2023 13:15,0.7
09/10/2023 13:30,0.7
09/10/2023 13:45,0.7
09/10/2023 14:00,0.7
09/10/2023 14:15,0.7
09/10/2023 14:30,0.7
09/10/2023 14:45,0.69
09/10/2023 15:00,0.7
09/10/2023 15:15,0.7
09/10/2023 15:30,0.69
09/10/2023 15:45,0.69
09/10/2023 16:00,0.69
09/10/2023 16:15,0.69
09/10/2023 16:30,0.69
09/10/2023 16:45,0.69
09/10/2023 17:00,0.69
09/10/2023 17:15,0.69
09/10/2023 17:30,0.69
09/10/2023 17:45,0.69
09/10/2023 18:00,0.69
09/10/2023 18:15,0.69
09/10/2023 18:30,0.68
09/10/2023 18:45,0.68
09/10/2023 19:00,0.68
09/10/2023 19:15,0.68
09/10/2023 19:30,0.68
09/10/2023 19:45,0.68
09/10/2023 20:00,0.68
09/10/2023 20:15,0.68
09/10/2023 20:30,0.67
09/10/2023 20:45,0.68
09/10/2023 21:00,0.67
09/10/2023 21:15,0.67
09/10/2023 21:30,0.67
09/10/2023 21:45,0.67
09/10/2023 22:00,0.67
09/10/2023 22:15,0.67
09/10/2023 22:30,0.67
09/10/2023 22:45,0.67
09/10/2023 23:00,0.67
09/10/2023 23:15,0.66
09/10/2023 23:30,0.66
09/10/2023 23:45,0.66
10/10/2023 00:00,0.66
10/10/2023 00:15,0.66
10/10/2023 00:30,0.66
10/10/2023 00:45,0.66
10/10/2023 01:00,0.65
10/10/2023 01:15,0.65
10/10/2023 01:30,0.65
10/10/2023 01:45,0.65
10/10/2023 02:00,0.65
10/10/2023 02:15,0.65
10/10/2023 02:30,0.65
10/10/2023 02:45,0.65
10/10/2023 03:00,0.65
10/10/2023 03:15,0.65
10/10/2023 03:30,0.65
10/10/2023 03:45,0.64
10/10/2023 04:00,0.65
10/10/2023 04:15,0.64
10/10/2023 04:30,0.64
10/10/2023 04:45,0.64
10/10/2023 05:00,0.64
10/10/2023 05:15,0.64
10/10/2023 05:30,0.64
10/10/2023 05:45,0.64
10/10/2023 06:00,0.64
10/10/2023 06:15,0.64
10/10/2023 06:30,0.64
10/10/2023 06:45,0.64
10/10/2023 07:00,0.64
10/10/2023 07:15,0.64
10/10/2023 07:30,0.63
10/10/2023 07:45,0.63
10/10/2023 08:00,0.63
10/10/2023 08:15,0.63
10/10/2023 08:30,0.63
10/10/2023 08:45,0.63
10/10/2023 09:00,0.63
10/10/2023 09:15,0.63
10/10/2023 09:30,0.63
10/10/2023 09:45,0.63
10/10/2023 10:00,0.63
10/10/2023 10:15,0.63
10/10/2023 10:30,0.62
10/10/2023 10:45,0.63
10/10/2023 11:00,0.63
10/10/2023 11:15,0.63
10/10/2023 11:30,0.62
10/10/2023 11:45,0.62
10/10/2023 12:00,0.62
10/10/2023 12:15,0.62
10/10/2023 12:30,0.62
10/10/2023 12:45,0.62
10/10/2023 13:00,0.62
10/10/2023 13:15,0.62
10/10/2023 13:30,0.62
10/10/2023 13:45,0.62
10/10/2023 14:00,0.62
10/10/2023 14:15,0.62
10/10/2023 14:30,0.62
10/10/2023 14:45,0.62
10/10/2023 15:00,0.62
10/10/2023 15:15,0.62
10/10/2023 15:30,0.62
10/10/2023 15:45,0.62
10/10/2023 16:00,0.62
10/10/2023 16:15,0.61
10/10/2023 16:30,0.62
10/10/2023 16:45,0.61
10/10/2023 17:00,0.62
10/10/2023 17:15,0.61
10/10/2023 17:30,0.61
10/10/2023 17:45,0.61
10/10/2023 18:00,0.61
10/10/2023 18:15,0.61
10/10/2023 18:30,0.61
10/10/2023 18:45,0.61
10/10/2023 19:00,0.61
10/10/2023 19:15,0.61
10/10/2023 19:30,0.61
10/10/2023 19:45,0.61
10/10/2023 20:00,0.61
10/10/2023 20:15,0.61
10/10/2023 20:30,0.61
10/10/2023 20:45,0.61
10/10/2023 21:00,0.61
10/10/2023 21:15,0.61
10/10/2023 21:30,0.6
10/10/2023 21:45,0.61
10/10/2023 22:00,0.6
10/10/2023 22:15,0.6
10/10/2023 22:30,0.6
10/10/2023 22:45,0.6
10/10/2023 23:00,0.6
10/10/2023 23:15,0.6
10/10/2023 23:30,0.6
10/10/2023 23:45,0.6
11/10/2023 00:00,0.6
11/10/2023 00:15,0.6
11/10/2023 00:30,0.6
11/10/2023 00:45,0.6
11/10/2023 01:00,0.59
11/10/2023 01:15,0.59
11/10/2023 01:30,0.59
11/10/2023 01:45,0.59
11/10/2023 02:00,0.59
11/10/2023 02:15,0.59
11/10/2023 02:30,0.59
11/10/2023 02:45,0.59
11/10/2023 03:00,0.59
11/10/2023 03:15,0.59
11/10/2023 03:30,0.59
11/10/2023 03:45,0.59
11/10/2023 04:00,0.59
11/10/2023 04:15,0.59
11/10/2023 04:30,0.58
11/10/2023 04:45,0.58
11/10/2023 05:00,0.58
11/10/2023 05:15,0.58
11/10/2023 05:30,0.58
11/10/2023 05:45,0.58
11/10/2023 06:00,0.58
11/10/2023 06:15,0.58
11/10/2023 06:30,0.58
11/10/2023 06:45,0.58
11/10/2023 07:00,0.58
11/10/2023 07:15,0.58
11/10/2023 07:30,0.58
11/10/2023 07:45,0.58
11/10/2023 08:00,0.58
11/10/2023 08:15,0.58
11/10/2023 08:30,0.58
11/10/2023 08:45,0.58
11/10/2023 09:00,0.58
11/10/2023 09:15,0.58
11/10/2023 09:30,0.57
11/10/2023 09:45,0.57
11/10/2023 10:00,0.57
11/10/2023 10:15,0.57
11/10/2023 10:30,0.57
11/10/2023 10:45,0.57
11/10/2023 11:00,0.57
11/10/2023 11:15,0.57
11/10/2023 11:30,0.57
11/10/2023 11:45,0.57
11/10/2023 12:00,0.57
11/10/2023 12:15,0.57
11/10/2023 12:30,0.57
11/10/2023 12:45,0.57
11/10/2023 13:00,0.57
11/10/2023 13:15,0.57
11/10/2023 13:30,0.57
11/10/2023 13:45,0.57
11/10/2023 14:00,0.57
11/10/2023 14:15,0.57
11/10/2023 14:30,0.57
11/10/2023 14:45,0.57
11/10/2023 15:00,0.57
11/10/2023 15:15,0.57
11/10/2023 15:30,0.57
11/10/2023 15:45,0.57
11/10/2023 16:00,0.57
11/10/2023 16:15,0.58
11/10/2023 16:30,0.58
11/10/2023 16:45,0.58
11/10/2023 17:00,0.58
11/10/2023 17:15,0.58
11/10/2023 17:30,0.58
11/10/2023 17:45,0.58
11/10/2023 18:00,0.58
11/10/2023 18:15,0.58
11/10/2023 18:30,0.58
11/10/2023 18:45,0.58
11/10/2023 19:00,0.58
11/10/2023 19:15,0.58
11/10/2023 19:30,0.58
11/10/2023 19:45,0.58
11/10/2023 20:00,0.58
11/10/2023 20:15,0.58
11/10/2023 20:30,0.58
11/10/2023 20:45,0.57
11/10/2023 21:00,0.58
11/10/2023 21:15,0.58
11/10/2023 21:30,0.58
11/10/2023 21:45,0.58
11/10/2023 22:00,0.57
11/10/2023 22:15,0.58
11/10/2023 22:30,0.58
11/10/2023 22:45,0.58
11/10/2023 23:00,0.57
11/10/2023 23:15,0.57
11/10/2023 23:30,0.57
11/10/2023 23:45,0.58
12/10/2023 00:00,0.58
12/10/2023 00:15,0.58
12/10/2023 00:30,0.58
12/10/2023 00:45,0.58
12/10/2023 01:00,0.58
12/10/2023 01:15,0.58
12/10/2023 01:30,0.58
12/10/2023 01:45,0.58
12/10/2023 02:00,0.58
12/10/2023 02:15,0.58
12/10/2023 02:30,0.58
12/10/2023 02:45,0.58
12/10/2023 03:00,0.58
12/10/2023 03:15,0.58
12/10/2023 03:30,0.58
12/10/2023 03:45,0.58
12/10/2023 04:00,0.58
12/10/2023 04:15,0.58
12/10/2023 04:30,0.58
12/10/2023 04:45,0.58
12/10/2023 05:00,0.58
12/10/2023 05:15,0.58
12/10/2023 05:30,0.58
12/10/2023 05:45,0.58
12/10/2023 06:00,0.58
12/10/2023 06:15,0.58
12/10/2023 06:30,0.58
12/10/2023 06:45,0.58
12/10/2023 07:00,0.58
12/10/2023 07:15,0.58
12/10/2023 07:30,0.58
12/10/2023 07:45,0.58
12/10/2023 08:00,0.58
12/10/2023 08:15,0.58
12/10/2023 08:30,0.58
12/10/2023 08:45,0.58
12/10/2023 09:00,0.58
12/10/2023 09:15,0.59
12/10/2023 09:30,0.59
12/10/2023 09:45,0.59
12/10/2023 10:00,0.59
12/10/2023 10:15,0.59
12/10/2023 10:30,0.6
12/10/2023 10:45,0.6
12/10/2023 11:00,0.6
12/10/2023 11:15,0.6
12/10/2023 11:30,0.61
12/10/2023 11:45,0.61
12/10/2023 12:00,0.61
12/10/2023 12:15,0.62
12/10/2023 12:30,0.62
12/10/2023 12:45,0.63
12/10/2023 13:00,0.63
12/10/2023 13:15,0.64
12/10/2023 13:30,0.65
12/10/2023 13:45,0.65
12/10/2023 14:00,0.66
12/10/2023 14:15,0.67
12/10/2023 14:30,0.68
12/10/2023 14:45,0.69
12/10/2023 15:00,0.69
12/10/2023 15:15,0.7
12/10/2023 15:30,0.71
12/10/2023 15:45,0.72
12/10/2023 16:00,0.73
12/10/2023 16:15,0.74
12/10/2023 16:30,0.75
12/10/2023 16:45,0.76
12/10/2023 17:00,0.77
12/10/2023 17:15,0.78
12/10/2023 17:30,0.78
12/10/2023 17:45,0.79
12/10/2023 18:00,0.8
12/10/2023 18:15,0.81
12/10/2023 18:30,0.82
12/10/2023 18:45,0.83
12/10/2023 19:00,0.83
12/10/2023 19:15,0.84
12/10/2023 19:30,0.84
12/10/2023 19:45,0.85
12/10/2023 20:00,0.86
12/10/2023 20:15,0.86
12/10/2023 20:30,0.87
12/10/2023 20:45,0.87
12/10/2023 21:00,0.88
12/10/2023 21:15,0.88
12/10/2023 21:30,0.88
12/10/2023 21:45,0.89
12/10/2023 22:00,0.89
12/10/2023 22:15,0.9
12/10/2023 22:30,0.9
12/10/2023 22:45,0.9
12/10/2023 23:00,0.9
12/10/2023 23:15,0.9
12/10/2023 23:30,0.91
12/10/2023 23:45,0.91
13/10/2023 00:00,0.92
13/10/2023 00:15,0.92
13/10/2023 00:30,0.92
13/10/2023 00:45,0.92
13/10/2023 01:00,0.92
13/10/2023 01:15,0.92
13/10/2023 01:30,0.92
13/10/2023 01:45,0.92
13/10/2023 02:00,0.92
13/10/2023 02:15,0.92
13/10/2023 02:30,0.92
13/10/2023 02:45,0.92
13/10/2023 03:00,0.92
13/10/2023 03:15,0.92
13/10/2023 03:30,0.92
13/10/2023 03:45,0.91
13/10/2023 04:00,0.91
13/10/2023 04:15,0.91
13/10/2023 04:30,0.91
13/10/2023 04:45,0.91
13/10/2023 05:00,0.9
13/10/2023 05:15,0.9
13/10/2023 05:30,0.9
13/10/2023 05:45,0.9
13/10/2023 06:00,0.89
13/10/2023 06:15,0.89
13/10/2023 06:30,0.89
13/10/2023 06:45,0.89
13/10/2023 07:00,0.89
13/10/2023 07:15,0.88
13/10/2023 07:30,0.88
13/10/2023 07:45,0.88
13/10/2023 08:00,0.88
13/10/2023 08:15,0.87
13/10/2023 08:30,0.87
13/10/2023 08:45,0.87
13/10/2023 09:00,0.87
13/10/2023 09:15,0.87
13/10/2023 09:30,0.86
13/10/2023 09:45,0.86
13/10/2023 10:00,0.86
13/10/2023 10:15,0.86
13/10/2023 10:30,0.86
13/10/2023 10:45,0.85
13/10/2023 11:00,0.85
13/10/2023 11:15,0.85
13/10/2023 11:30,0.85
13/10/2023 11:45,0.85
13/10/2023 12:00,0.85
13/10/2023 12:15,0.85
13/10/2023 12:30,0.85
13/10/2023 12:45,0.84
13/10/2023 13:00,0.84
13/10/2023 13:15,0.83
13/10/2023 13:30,0.84
13/10/2023 13:45,0.83
13/10/2023 14:00,0.83
13/10/2023 14:15,0.83
13/10/2023 14:30,0.83
13/10/2023 14:45,0.83
13/10/2023 15:00,0.83
13/10/2023 15:15,0.83
13/10/2023 15:30,0.83
13/10/2023 15:45,0.83
13/10/2023 16:00,0.83
13/10/2023 16:15,0.83
13/10/2023 16:30,0.83
13/10/2023 16:45,0.83
13/10/2023 17:00,0.83
13/10/2023 17:15,0.83
13/10/2023 17:30,0.83
13/10/2023 17:45,0.83
13/10/2023 18:00,0.83
13/10/2023 18:15,0.83
13/10/2023 18:30,0.83
13/10/2023 18:45,0.83
13/10/2023 19:00,0.83
13/10/2023 19:15,0.83
13/10/2023 19:30,0.83
13/10/2023 19:45,0.83
13/10/2023 20:00,0.84
13/10/2023 20:15,0.84
13/10/2023 20:30,0.84
13/10/2023 20:45,0.85
13/10/2023 21:00,0.86
13/10/2023 21:15,0.86
13/10/2023 21:30,0.88
13/10/2023 21:45,0.89
13/10/2023 22:00,0.91
13/10/2023 22:15,0.93
13/10/2023 22:30,0.97
13/10/2023 22:45,1
13/10/2023 23:00,1.04
13/10/2023 23:15,1.09
13/10/2023 23:30,1.15
13/10/2023 23:45,1.2
14/10/2023 00:00,1.27
14/10/2023 00:15,1.32
14/10/2023 00:30,1.39
14/10/2023 00:45,1.45
14/10/2023 01:00,1.52
14/10/2023 01:15,1.59
14/10/2023 01:30,1.66
14/10/2023 01:45,1.73
14/10/2023 02:00,1.79
14/10/2023 02:15,1.85
14/10/2023 02:30,1.91
14/10/2023 02:45,1.98
14/10/2023 03:00,2.04
14/10/2023 03:15,2.1
14/10/2023 03:30,2.15
14/10/2023 03:45,2.21
14/10/2023 04:00,2.26
14/10/2023 04:15,2.31
14/10/2023 04:30,2.36
14/10/2023 04:45,2.4
14/10/2023 05:00,2.45
14/10/2023 05:15,2.5
14/10/2023 05:30,2.54
14/10/2023 05:45,2.58
14/10/2023 06:00,2.61
14/10/2023 06:15,2.64
14/10/2023 06:30,2.69
14/10/2023 06:45,2.73
14/10/2023 07:00,2.75
14/10/2023 07:15,2.78
14/10/2023 07:30,2.81
14/10/2023 07:45,2.84
14/10/2023 08:00,2.86
14/10/2023 08:15,2.89
14/10/2023 08:30,2.9
14/10/2023 08:45,2.93
14/10/2023 09:00,2.95
14/10/2023 09:15,2.98
14/10/2023 09:30,3
14/10/2023 09:45,3.02
14/10/2023 10:00,3.02
14/10/2023 10:15,3.06
14/10/2023 10:30,3.08
14/10/2023 10:45,3.1
14/10/2023 11:00,3.11
14/10/2023 11:15,3.1
14/10/2023 11:30,3.13
14/10/2023 11:45,3.14
14/10/2023 12:00,3.14
14/10/2023 12:15,3.18
14/10/2023 12:30,3.16
14/10/2023 12:45,3.18
14/10/2023 13:00,3.18
14/10/2023 13:15,3.19
14/10/2023 13:30,3.2
14/10/2023 13:45,3.21
14/10/2023 14:00,3.23
14/10/2023 14:15,3.21
14/10/2023 14:30,3.25
14/10/2023 14:45,3.21
14/10/2023 15:00,3.24
14/10/2023 15:15,3.24
14/10/2023 15:30,3.22
14/10/2023 15:45,3.22
14/10/2023 16:00,3.22
14/10/2023 16:15,3.23
14/10/2023 16:30,3.22
14/10/2023 16:45,3.21
14/10/2023 17:00,3.22
14/10/2023 17:15,3.2
14/10/2023 17:30,3.19
14/10/2023 17:45,3.18
14/10/2023 18:00,3.18
14/10/2023 18:15,3.17
14/10/2023 18:30,3.15
14/10/2023 18:45,3.15
14/10/2023 19:00,3.15
14/10/2023 19:15,3.13
14/10/2023 19:30,3.12
14/10/2023 19:45,3.11
14/10/2023 20:00,3.09
14/10/2023 20:15,3.07
14/10/2023 20:30,3.07
14/10/2023 20:45,3.05
14/10/2023 21:00,3.03
14/10/2023 21:15,3.01
14/10/2023 21:30,3.01
14/10/2023 21:45,2.97
14/10/2023 22:00,2.96
14/10/2023 22:15,2.94
14/10/2023 22:30,2.93
14/10/2023 22:45,2.89
14/10/2023 23:00,2.89
14/10/2023 23:15,2.86
14/10/2023 23:30,2.84
14/10/2023 23:45,2.81
15/10/2023 00:00,2.8
15/10/2023 00:15,2.78
15/10/2023 00:30,2.75
15/10/2023 00:45,2.75
15/10/2023 01:00,2.71
15/10/2023 01:15,2.69
15/10/2023 01:30,2.66
15/10/2023 01:45,2.64
15/10/2023 02:00,2.62
15/10/2023 02:15,2.6
15/10/2023 02:30,2.58
15/10/2023 02:45,2.56
15/10/2023 03:00,2.54
15/10/2023 03:15,2.51
15/10/2023 03:30,2.51
15/10/2023 03:45,2.47
15/10/2023 04:00,2.47
15/10/2023 04:15,2.45
15/10/2023 04:30,2.43
15/10/2023 04:45,2.41
15/10/2023 05:00,2.39
15/10/2023 05:15,2.36
15/10/2023 05:30,2.36
15/10/2023 05:45,2.35
15/10/2023 06:00,2.32
15/10/2023 06:15,2.32
15/10/2023 06:30,2.3
15/10/2023 06:45,2.28
15/10/2023 07:00,2.26
15/10/2023 07:15,2.26
15/10/2023 07:30,2.24
15/10/2023 07:45,2.23
15/10/2023 08:00,2.2
15/10/2023 08:15,2.2
15/10/2023 08:30,2.18
15/10/2023 08:45,2.17
15/10/2023 09:00,2.17
15/10/2023 09:15,2.15
15/10/2023 09:30,2.14
15/10/2023 09:45,2.13
15/10/2023 10:00,2.12
15/10/2023 10:15,2.1
15/10/2023 10:30,2.1
15/10/2023 10:45,2.09
15/10/2023 11:00,2.08
15/10/2023 11:15,2.07
15/10/2023 11:30,2.07
15/10/2023 11:45,2.05
15/10/2023 12:00,2.03
15/10/2023 12:15,2.03
15/10/2023 12:30,2.02
15/10/2023 12:45,2.01
15/10/2023 13:00,2
15/10/2023 13:15,1.99
15/10/2023 13:30,1.98
15/10/2023 13:45,1.97
15/10/2023 14:00,1.97
15/10/2023 14:15,1.95
15/10/2023 14:30,1.94
15/10/2023 14:45,1.93
15/10/2023 15:00,1.92
15/10/2023 15:15,1.91
15/10/2023 15:30,1.91
15/10/2023 15:45,1.9
15/10/2023 16:00,1.89
15/10/2023 16:15,1.88
15/10/2023 16:30,1.87
15/10/2023 16:45,1.87
15/10/2023 17:00,1.86
15/10/2023 17:15,1.85
15/10/2023 17:30,1.85
15/10/2023 17:45,1.83
15/10/2023 18:00,1.83
15/10/2023 18:15,1.82
15/10/2023 18:30,1.8
15/10/2023 18:45,1.81
15/10/2023 19:00,1.79
15/10/2023 19:15,1.79
15/10/2023 19:30,1.78
15/10/2023 19:45,1.77
15/10/2023 20:00,1.76
15/10/2023 20:15,1.75
15/10/2023 20:30,1.75
15/10/2023 20:45,1.75
15/10/2023 21:00,1.74
15/10/2023 21:15,1.74
15/10/2023 21:30,1.73
15/10/2023 21:45,1.72
15/10/2023 22:00,1.71
15/10/2023 22:15,1.7
15/10/2023 22:30,1.7
15/10/2023 22:45,1.7
15/10/2023 23:00,1.69
15/10/2023 23:15,1.68
15/10/2023 23:30,1.68
15/10/2023 23:45,1.67
16/10/2023 00:00,1.66
16/10/2023 00:15,1.66
16/10/2023 00:30,1.65
16/10/2023 00:45,1.65
16/10/2023 01:00,1.64
16/10/2023 01:15,1.63
16/10/2023 01:30,1.63
16/10/2023 01:45,1.62
16/10/2023 02:00,1.61
16/10/2023 02:15,1.61
16/10/2023 02:30,1.6
16/10/2023 02:45,1.6
16/10/2023 03:00,1.59
16/10/2023 03:15,1.58
16/10/2023 03:30,1.58
16/10/2023 03:45,1.58
16/10/2023 04:00,1.57
16/10/2023 04:15,1.56
16/10/2023 04:30,1.56
16/10/2023 04:45,1.55
16/10/2023 05:00,1.54
16/10/2023 05:15,1.54
16/10/2023 05:30,1.54
16/10/2023 05:45,1.53
16/10/2023 06:00,1.52
16/10/2023 06:15,1.52
16/10/2023 06:30,1.51
16/10/2023 06:45,1.51
16/10/2023 07:00,1.5
16/10/2023 07:15,1.5
16/10/2023 07:30,1.49
16/10/2023 07:45,1.49
16/10/2023 08:00,1.48
16/10/2023 08:15,1.48
16/10/2023 08:30,1.47
16/10/2023 08:45,1.47
16/10/2023 09:00,1.46
16/10/2023 09:15,1.46
16/10/2023 09:30,1.45
16/10/2023 09:45,1.45
16/10/2023 10:00,1.44
16/10/2023 10:15,1.44
16/10/2023 10:30,1.43
16/10/2023 10:45,1.43
16/10/2023 11:00,1.42
16/10/2023 11:15,1.42
16/10/2023 11:30,1.42
16/10/2023 11:45,1.41
16/10/2023 12:00,1.41
16/10/2023 12:15,1.41
16/10/2023 12:30,1.4
16/10/2023 12:45,1.4
16/10/2023 13:00,1.39
16/10/2023 13:15,1.39
16/10/2023 13:30,1.38
16/10/2023 13:45,1.38
16/10/2023 14:00,1.38
16/10/2023 14:15,1.37
16/10/2023 14:30,1.37
16/10/2023 14:45,1.37
16/10/2023 15:00,1.36
16/10/2023 15:15,1.35
16/10/2023 15:30,1.35
16/10/2023 15:45,1.34
16/10/2023 16:00,1.34
16/10/2023 16:15,1.34
16/10/2023 16:30,1.34
16/10/2023 16:45,1.33
16/10/2023 17:00,1.33
16/10/2023 17:15,1.32
16/10/2023 17:30,1.32
16/10/2023 17:45,1.32
16/10/2023 18:00,1.32
16/10/2023 18:15,1.31
16/10/2023 18:30,1.31
16/10/2023 18:45,1.3
16/10/2023 19:00,1.3
16/10/2023 19:15,1.29
16/10/2023 19:30,1.29
16/10/2023 19:45,1.29
16/10/2023 20:00,1.29
16/10/2023 20:15,1.28
16/10/2023 20:30,1.29
16/10/2023 20:45,1.27
16/10/2023 21:00,1.27
16/10/2023 21:15,1.27
16/10/2023 21:30,1.27
16/10/2023 21:45,1.26
16/10/2023 22:00,1.26
16/10/2023 22:15,1.26
16/10/2023 22:30,1.25
16/10/2023 22:45,1.25
16/10/2023 23:00,1.25
16/10/2023 23:15,1.24
16/10/2023 23:30,1.24
16/10/2023 23:45,1.24
17/10/2023 00:00,1.23
17/10/2023 00:15,1.23
17/10/2023 00:30,1.23
17/10/2023 00:45,1.23
17/10/2023 01:00,1.23
17/10/2023 01:15,1.22
17/10/2023 01:30,1.22
17/10/2023 01:45,1.21
17/10/2023 02:00,1.21
17/10/2023 02:15,1.21
17/10/2023 02:30,1.21
17/10/2023 02:45,1.2
17/10/2023 03:00,1.2
17/10/2023 03:15,1.2
17/10/2023 03:30,1.2
17/10/2023 03:45,1.19
17/10/2023 04:00,1.2
17/10/2023 04:15,1.19
17/10/2023 04:30,1.19
17/10/2023 04:45,1.18
17/10/2023 05:00,1.18
17/10/2023 05:15,1.17
17/10/2023 05:30,1.18
17/10/2023 05:45,1.17
17/10/2023 06:00,1.17
17/10/2023 06:15,1.17
17/10/2023 06:30,1.16
17/10/2023 06:45,1.16
17/10/2023 07:00,1.16
17/10/2023 07:15,1.16
17/10/2023 07:30,1.15
17/10/2023 07:45,1.15
17/10/2023 08:00,1.15
17/10/2023 08:15,1.14
17/10/2023 08:30,1.14
17/10/2023 08:45,1.14
17/10/2023 09:00,1.14
17/10/2023 09:15,1.14
17/10/2023 09:30,1.14
17/10/2023 09:45,1.13
17/10/2023 10:00,1.13
17/10/2023 10:15,1.13
17/10/2023 10:30,1.12
17/10/2023 10:45,1.13
17/10/2023 11:00,1.12
17/10/2023 11:15,1.12
17/10/2023 11:30,1.12
17/10/2023 11:45,1.12
17/10/2023 12:00,1.11
17/10/2023 12:15,1.11
17/10/2023 12:30,1.11
17/10/2023 12:45,1.11
17/10/2023 13:00,1.11
17/10/2023 13:15,1.1
17/10/2023 13:30,1.1
17/10/2023 13:45,1.1
17/10/2023 14:00,1.1
17/10/2023 14:15,1.1
17/10/2023 14:30,1.09
17/10/2023 14:45,1.09
17/10/2023 15:00,1.09
17/10/2023 15:15,1.09
17/10/2023 15:30,1.09
17/10/2023 15:45,1.09
17/10/2023 16:00,1.08
17/10/2023 16:15,1.08
17/10/2023 16:30,1.08
17/10/2023 16:45,1.08
17/10/2023 17:00,1.08
17/10/2023 17:15,1.08
17/10/2023 17:30,1.07
17/10/2023 17:45,1.07
17/10/2023 18:00,1.07
17/10/2023 18:15,1.08
17/10/2023 18:30,1.08
17/10/2023 18:45,1.07
17/10/2023 19:00,1.07
17/10/2023 19:15,1.06
17/10/2023 19:30,1.06
17/10/2023 19:45,1.06
17/10/2023 20:00,1.06
17/10/2023 20:15,1.06
17/10/2023 20:30,1.06
17/10/2023 20:45,1.05
17/10/2023 21:00,1.05
17/10/2023 21:15,1.05
17/10/2023 21:30,1.05
17/10/2023 21:45,1.05
17/10/2023 22:00,1.04
17/10/2023 22:15,1.04
17/10/2023 22:30,1.04
17/10/2023 22:45,1.04
17/10/2023 23:00,1.04
17/10/2023 23:15,1.04
17/10/2023 23:30,1.04
17/10/2023 23:45,1.04
18/10/2023 00:00,1.03
18/10/2023 00:15,1.03
18/10/2023 00:30,1.03
18/10/2023 00:45,1.03
18/10/2023 01:00,1.03
18/10/2023 01:15,1.02
18/10/2023 01:30,1.02
18/10/2023 01:45,1.03
18/10/2023 02:00,1.02
18/10/2023 02:15,1.02
18/10/2023 02:30,1.02
18/10/2023 02:45,1.02
18/10/2023 03:00,1.01
18/10/2023 03:15,1.01
18/10/2023 03:30,1.01
18/10/2023 03:45,1.01
18/10/2023 04:00,1.01
18/10/2023 04:15,1
18/10/2023 04:30,1.01
18/10/2023 04:45,1
18/10/2023 05:00,1
18/10/2023 05:15,1
18/10/2023 05:30,1
18/10/2023 05:45,1
18/10/2023 06:00,0.99
18/10/2023 06:15,1
18/10/2023 06:30,0.99
18/10/2023 06:45,0.99
18/10/2023 07:00,0.99
18/10/2023 07:15,0.99
18/10/2023 07:30,0.99
18/10/2023 07:45,0.99
18/10/2023 08:00,0.98
18/10/2023 08:15,0.98
18/10/2023 08:30,0.98
18/10/2023 08:45,0.98
18/10/2023 09:00,0.97
18/10/2023 09:15,0.98
18/10/2023 09:30,0.97
18/10/2023 09:45,0.97
18/10/2023 10:00,0.97
18/10/2023 10:15,0.97
18/10/2023 10:30,0.96
18/10/2023 10:45,0.96
18/10/2023 11:00,0.96
18/10/2023 11:15,0.96
18/10/2023 11:30,0.96
18/10/2023 11:45,0.96
18/10/2023 12:00,0.96
18/10/2023 12:15,0.95
18/10/2023 12:30,0.95
18/10/2023 12:45,0.95
18/10/2023 13:00,0.95
18/10/2023 13:15,0.95
18/10/2023 13:30,0.95
18/10/2023 13:45,0.95
18/10/2023 14:00,0.95
18/10/2023 14:15,0.94
18/10/2023 14:30,0.94
18/10/2023 14:45,0.94
18/10/2023 15:00,0.94
18/10/2023 15:15,0.94
18/10/2023 15:30,0.94
18/10/2023 15:45,0.94
18/10/2023 16:00,0.94
18/10/2023 16:15,0.94
18/10/2023 16:30,0.93
18/10/2023 16:45,0.94
18/10/2023 17:00,0.94
18/10/2023 17:15,0.94
18/10/2023 17:30,0.94
18/10/2023 17:45,0.94
18/10/2023 18:00,0.94
18/10/2023 18:15,0.94
18/10/2023 18:30,0.94
18/10/2023 18:45,0.94
18/10/2023 19:00,0.94
18/10/2023 19:15,0.94
18/10/2023 19:30,0.95
18/10/2023 19:45,0.95
18/10/2023 20:00,0.95
18/10/2023 20:15,0.94
18/10/2023 20:30,0.95
18/10/2023 20:45,0.95
18/10/2023 21:00,0.95
18/10/2023 21:15,0.95
18/10/2023 21:30,0.95
18/10/2023 21:45,0.94
18/10/2023 22:00,0.95
18/10/2023 22:15,0.94
18/10/2023 22:30,0.94
18/10/2023 22:45,0.94
18/10/2023 23:00,0.94
18/10/2023 23:15,0.94
18/10/2023 23:30,0.94
18/10/2023 23:45,0.94
19/10/2023 00:00,0.94
19/10/2023 00:15,0.94
19/10/2023 00:30,0.94
19/10/2023 00:45,0.94
19/10/2023 01:00,0.94
19/10/2023 01:15,0.95
19/10/2023 01:30,0.94
19/10/2023 01:45,0.94
19/10/2023 02:00,0.94
19/10/2023 02:15,0.94
19/10/2023 02:30,0.95
19/10/2023 02:45,0.95
19/10/2023 03:00,0.95
19/10/2023 03:15,0.95
19/10/2023 03:30,0.96
19/10/2023 03:45,0.96
19/10/2023 04:00,0.96
19/10/2023 04:15,0.96
19/10/2023 04:30,0.96
19/10/2023 04:45,0.96
19/10/2023 05:00,0.97
19/10/2023 05:15,0.97
19/10/2023 05:30,0.97
19/10/2023 05:45,0.97
19/10/2023 06:00,0.97
19/10/2023 06:15,0.97
19/10/2023 06:30,0.97
19/10/2023 06:45,0.97
19/10/2023 07:00,0.97
19/10/2023 07:15,0.97
19/10/2023 07:30,0.97
19/10/2023 07:45,0.97
19/10/2023 08:00,0.97
19/10/2023 08:15,0.97
19/10/2023 08:30,0.97
19/10/2023 08:45,0.97
19/10/2023 09:00,0.97
19/10/2023 09:15,0.97
19/10/2023 09:30,0.97
19/10/2023 09:45,0.97
19/10/2023 10:00,0.97
19/10/2023 10:15,0.97
19/10/2023 10:30,0.97
19/10/2023 10:45,0.97
19/10/2023 11:00,0.97
19/10/2023 11:15,0.97
19/10/2023 11:30,0.97
19/10/2023 11:45,0.97
19/10/2023 12:00,0.98
19/10/2023 12:15,0.97
19/10/2023 12:30,0.98
19/10/2023 12:45,0.98
19/10/2023 13:00,0.98
19/10/2023 13:15,0.99
19/10/2023 13:30,0.99
19/10/2023 13:45,0.99
19/10/2023 14:00,1
19/10/2023 14:15,1
19/10/2023 14:30,1
19/10/2023 14:45,1.01
19/10/2023 15:00,1.01
19/10/2023 15:15,1.02
19/10/2023 15:30,1.02
19/10/2023 15:45,1.03
19/10/2023 16:00,1.03
19/10/2023 16:15,1.04
19/10/2023 16:30,1.04
19/10/2023 16:45,1.05
19/10/2023 17:00,1.05
19/10/2023 17:15,1.06
19/10/2023 17:30,1.07
19/10/2023 17:45,1.07
19/10/2023 18:00,1.09
19/10/2023 18:15,1.09
19/10/2023 18:30,1.11
19/10/2023 18:45,1.11
19/10/2023 19:00,1.13
19/10/2023 19:15,1.14
19/10/2023 19:30,1.15
19/10/2023 19:45,1.17
19/10/2023 20:00,1.19
19/10/2023 20:15,1.2
19/10/2023 20:30,1.22
19/10/2023 20:45,1.23
19/10/2023 21:00,1.25
19/10/2023 21:15,1.28
19/10/2023 21:30,1.29
19/10/2023 21:45,1.31
19/10/2023 22:00,1.34
19/10/2023 22:15,1.36
19/10/2023 22:30,1.38
19/10/2023 22:45,1.39
19/10/2023 23:00,1.41
19/10/2023 23:15,1.43
19/10/2023 23:30,1.45
19/10/2023 23:45,1.47
20/10/2023 00:00,1.49
20/10/2023 00:15,1.51
20/10/2023 00:30,1.53
20/10/2023 00:45,1.55
20/10/2023 01:00,1.56
20/10/2023 01:15,1.58
20/10/2023 01:30,1.6
20/10/2023 01:45,1.61
20/10/2023 02:00,1.63
20/10/2023 02:15,1.64
20/10/2023 02:30,1.66
20/10/2023 02:45,1.67
20/10/2023 03:00,1.69
20/10/2023 03:15,1.69
20/10/2023 03:30,1.71
20/10/2023 03:45,1.72
20/10/2023 04:00,1.73
20/10/2023 04:15,1.74
20/10/2023 04:30,1.75
20/10/2023 04:45,1.76
20/10/2023 05:00,1.76
20/10/2023 05:15,1.77
20/10/2023 05:30,1.78
20/10/2023 05:45,1.79
20/10/2023 06:00,1.8
20/10/2023 06:15,1.81
20/10/2023 06:30,1.81
20/10/2023 06:45,1.82
20/10/2023 07:00,1.83
20/10/2023 07:15,1.83
20/10/2023 07:30,1.84
20/10/2023 07:45,1.84
20/10/2023 08:00,1.85
20/10/2023 08:15,1.86
20/10/2023 08:30,1.86
20/10/2023 08:45,1.87
20/10/2023 09:00,1.87
20/10/2023 09:15,1.87
20/10/2023 09:30,1.87
20/10/2023 09:45,1.87
20/10/2023 10:00,1.87
20/10/2023 10:15,1.87
20/10/2023 10:30,1.87
20/10/2023 10:45,1.87
20/10/2023 11:00,1.87
20/10/2023 11:15,1.87
20/10/2023 11:30,1.87
20/10/2023 11:45,1.87
20/10/2023 12:00,1.87
20/10/2023 12:15,1.86
20/10/2023 12:30,1.87
20/10/2023 12:45,1.87
20/10/2023 13:00,1.88
20/10/2023 13:15,1.88
20/10/2023 13:30,1.89
20/10/2023 13:45,1.88
20/10/2023 14:00,1.88
20/10/2023 14:15,1.89
20/10/2023 14:30,1.9
20/10/2023 14:45,1.9
20/10/2023 15:00,1.9
20/10/2023 15:15,1.91
20/10/2023 15:30,1.91
20/10/2023 15:45,1.92
20/10/2023 16:00,1.92
20/10/2023 16:15,1.92
20/10/2023 16:30,1.93
20/10/2023 16:45,1.93
20/10/2023 17:00,1.92
20/10/2023 17:15,1.93
20/10/2023 17:30,1.94
20/10/2023 17:45,1.94
20/10/2023 18:00,1.94
20/10/2023 18:15,1.95
20/10/2023 18:30,1.94
20/10/2023 18:45,1.96
20/10/2023 19:00,1.96
20/10/2023 19:15,1.96
20/10/2023 19:30,1.96
20/10/2023 19:45,1.97
20/10/2023 20:00,1.98
20/10/2023 20:15,1.98
20/10/2023 20:30,1.99
20/10/2023 20:45,1.99
20/10/2023 21:00,2
20/10/2023 21:15,2.01
20/10/2023 21:30,2.02
20/10/2023 21:45,2.02
20/10/2023 22:00,2.04
20/10/2023 22:15,2.05
20/10/2023 22:30,2.05
20/10/2023 22:45,2.07
20/10/2023 23:00,2.07
20/10/2023 23:15,2.08
20/10/2023 23:30,2.1
20/10/2023 23:45,2.11
21/10/2023 00:00,2.12
21/10/2023 00:15,2.14
21/10/2023 00:30,2.15
21/10/2023 00:45,2.17
21/10/2023 01:00,2.17
21/10/2023 01:15,2.19
21/10/2023 01:30,2.21
21/10/2023 01:45,2.23
21/10/2023 02:00,2.25
21/10/2023 02:15,2.28
21/10/2023 02:30,2.29
21/10/2023 02:45,2.31
21/10/2023 03:00,2.33
21/10/2023 03:15,2.35
21/10/2023 03:30,2.38
21/10/2023 03:45,2.4
21/10/2023 04:00,2.42
21/10/2023 04:15,2.45
21/10/2023 04:30,2.47
21/10/2023 04:45,2.5
21/10/2023 05:00,2.53
21/10/2023 05:15,2.56
21/10/2023 05:30,2.59
21/10/2023 05:45,2.6
21/10/2023 06:00,2.64
21/10/2023 06:15,2.67
21/10/2023 06:30,2.69
21/10/2023 06:45,2.73
21/10/2023 07:00,2.75
21/10/2023 07:15,2.77
21/10/2023 07:30,2.81
21/10/2023 07:45,2.83
21/10/2023 08:00,2.86
21/10/2023 08:15,2.88
21/10/2023 08:30,2.91
21/10/2023 08:45,2.93
21/10/2023 09:00,2.96
21/10/2023 09:15,2.99
21/10/2023 09:30,3.02
21/10/2023 09:45,3.05
21/10/2023 10:00,3.08
21/10/2023 10:15,3.09
21/10/2023 10:30,3.11
21/10/2023 10:45,3.15
21/10/2023 11:00,3.16
21/10/2023 11:15,3.18
21/10/2023 11:30,3.21
21/10/2023 11:45,3.24
21/10/2023 12:00,3.25
21/10/2023 12:15,3.27
21/10/2023 12:30,3.31
21/10/2023 12:45,3.31
21/10/2023 13:00,3.32
21/10/2023 13:15,3.34
21/10/2023 13:30,3.36
21/10/2023 13:45,3.37
21/10/2023 14:00,3.39
21/10/2023 14:15,3.4
21/10/2023 14:30,3.4
21/10/2023 14:45,3.43
21/10/2023 15:00,3.44
21/10/2023 15:15,3.45
21/10/2023 15:30,3.47
21/10/2023 15:45,3.48
21/10/2023 16:00,3.49
21/10/2023 16:15,3.5
21/10/2023 16:30,3.51
21/10/2023 16:45,3.52
21/10/2023 17:00,3.52
21/10/2023 17:15,3.54
21/10/2023 17:30,3.56
21/10/2023 17:45,3.56
21/10/2023 18:00,3.56
21/10/2023 18:15,3.57
21/10/2023 18:30,3.58
21/10/2023 18:45,3.6
21/10/2023 19:00,3.59
21/10/2023 19:15,3.6
21/10/2023 19:30,3.6
21/10/2023 19:45,3.6
21/10/2023 20:00,3.61
21/10/2023 20:15,3.62
21/10/2023 20:30,3.62
21/10/2023 20:45,3.63
21/10/2023 21:00,3.64
21/10/2023 21:15,3.64
21/10/2023 21:30,3.64
21/10/2023 21:45,3.65
21/10/2023 22:00,3.65
21/10/2023 22:15,3.65
21/10/2023 22:30,3.66
21/10/2023 22:45,3.66
21/10/2023 23:00,3.65
21/10/2023 23:15,3.67
21/10/2023 23:30,3.7
21/10/2023 23:45,3.66
22/10/2023 00:00,3.67
22/10/2023 00:15,3.67
22/10/2023 00:30,3.67
22/10/2023 00:45,3.67
22/10/2023 01:00,3.68
22/10/2023 01:15,3.67
22/10/2023 01:30,3.68
22/10/2023 01:45,3.68
22/10/2023 02:00,3.67
22/10/2023 02:15,3.67
22/10/2023 02:30,3.68
22/10/2023 02:45,3.68
22/10/2023 03:00,3.66
22/10/2023 03:15,3.67
22/10/2023 03:30,3.66
22/10/2023 03:45,3.66
22/10/2023 04:00,3.66
22/10/2023 04:15,3.66
22/10/2023 04:30,3.66
22/10/2023 04:45,3.65
22/10/2023 05:00,3.63
22/10/2023 05:15,3.63
22/10/2023 05:30,3.63
22/10/2023 05:45,3.63
22/10/2023 06:00,3.61
22/10/2023 06:15,3.61
22/10/2023 06:30,3.59
22/10/2023 06:45,3.59
22/10/2023 07:00,3.56
22/10/2023 07:15,3.57
22/10/2023 07:30,3.55
22/10/2023 07:45,3.54
22/10/2023 08:00,3.52
22/10/2023 08:15,3.5
22/10/2023 08:30,3.49
22/10/2023 08:45,3.46
22/10/2023 09:00,3.45
22/10/2023 09:15,3.43
22/10/2023 09:30,3.44
22/10/2023 09:45,3.4
22/10/2023 10:00,3.37
22/10/2023 10:15,3.35
22/10/2023 10:30,3.32
22/10/2023 10:45,3.3
22/10/2023 11:00,3.28
22/10/2023 11:15,3.27
22/10/2023 11:30,3.23
22/10/2023 11:45,3.19
22/10/2023 12:00,3.18
22/10/2023 12:15,3.16
22/10/2023 12:30,3.14
22/10/2023 12:45,3.12
22/10/2023 13:00,3.09
22/10/2023 13:15,3.07
22/10/2023 13:30,3.05
22/10/2023 13:45,3.02
22/10/2023 14:00,2.99
22/10/2023 14:15,2.98
22/10/2023 14:30,2.94
22/10/2023 14:45,2.93
22/10/2023 15:00,2.91
22/10/2023 15:15,2.89
22/10/2023 15:30,2.87
22/10/2023 15:45,2.85
22/10/2023 16:00,2.82
22/10/2023 16:15,2.8
22/10/2023 16:30,2.79
22/10/2023 16:45,2.78
22/10/2023 17:00,2.75
22/10/2023 17:15,2.73
22/10/2023 17:30,2.7
22/10/2023 17:45,2.68
22/10/2023 18:00,2.68
22/10/2023 18:15,2.66
22/10/2023 18:30,2.64
22/10/2023 18:45,2.62
22/10/2023 19:00,2.6
22/10/2023 19:15,2.59
22/10/2023 19:30,2.57
22/10/2023 19:45,2.55
22/10/2023 20:00,2.54
22/10/2023 20:15,2.52
22/10/2023 20:30,2.51
22/10/2023 20:45,2.49
22/10/2023 21:00,2.48
22/10/2023 21:15,2.47
22/10/2023 21:30,2.45
22/10/2023 21:45,2.44
22/10/2023 22:00,2.44
22/10/2023 22:15,2.42
22/10/2023 22:30,2.4
22/10/2023 22:45,2.4
22/10/2023 23:00,2.38
22/10/2023 23:15,2.38
22/10/2023 23:30,2.37
22/10/2023 23:45,2.36
23/10/2023 00:00,2.35
23/10/2023 00:15,2.35
23/10/2023 00:30,2.33
23/10/2023 00:45,2.32
23/10/2023 01:00,2.31
23/10/2023 01:15,2.31
23/10/2023 01:30,2.3
23/10/2023 01:45,2.28
23/10/2023 02:00,2.29
23/10/2023 02:15,2.28
23/10/2023 02:30,2.27
23/10/2023 02:45,2.26
23/10/2023 03:00,2.25
23/10/2023 03:15,2.25
23/10/2023 03:30,2.24
23/10/2023 03:45,2.23
23/10/2023 04:00,2.23
23/10/2023 04:15,2.22
23/10/2023 04:30,2.22
23/10/2023 04:45,2.21
23/10/2023 05:00,2.21
23/10/2023 05:15,2.21
23/10/2023 05:30,2.19
23/10/2023 05:45,2.19
23/10/2023 06:00,2.19
23/10/2023 06:15,2.18
23/10/2023 06:30,2.19
23/10/2023 06:45,2.18
23/10/2023 07:00,2.17
23/10/2023 07:15,2.16
23/10/2023 07:30,2.16
23/10/2023 07:45,2.15
23/10/2023 08:00,2.15
23/10/2023 08:15,2.15
23/10/2023 08:30,2.14
23/10/2023 08:45,2.14
23/10/2023 09:00,2.13
23/10/2023 09:15,2.12
23/10/2023 09:30,2.13
23/10/2023 09:45,2.13
23/10/2023 10:00,2.12
23/10/2023 10:15,2.12
23/10/2023 10:30,2.11
23/10/2023 10:45,2.1
23/10/2023 11:00,2.1
23/10/2023 11:15,2.1
23/10/2023 11:30,2.1
23/10/2023 11:45,2.1
23/10/2023 12:00,2.1
23/10/2023 12:15,2.09
23/10/2023 12:30,2.09
23/10/2023 12:45,2.09
23/10/2023 13:00,2.08
23/10/2023 13:15,2.08
23/10/2023 13:30,2.08
23/10/2023 13:45,2.08
23/10/2023 14:00,2.07
23/10/2023 14:15,2.07
23/10/2023 14:30,2.08
23/10/2023 14:45,2.06
23/10/2023 15:00,2.06
23/10/2023 15:15,2.06
23/10/2023 15:30,2.06
23/10/2023 15:45,2.06
23/10/2023 16:00,2.05
23/10/2023 16:15,2.05
23/10/2023 16:30,2.05
23/10/2023 16:45,2.04
23/10/2023 17:00,2.05
23/10/2023 17:15,2.04
23/10/2023 17:30,2.04
23/10/2023 17:45,2.04
23/10/2023 18:00,2.03
23/10/2023 18:15,2.03
23/10/2023 18:30,2.03
23/10/2023 18:45,2.03
23/10/2023 19:00,2.02
23/10/2023 19:15,2.03
23/10/2023 19:30,2.02
23/10/2023 19:45,2.02
23/10/2023 20:00,2.01
23/10/2023 20:15,2.01
23/10/2023 20:30,2.01
23/10/2023 20:45,2.01
23/10/2023 21:00,2.01
23/10/2023 21:15,2
23/10/2023 21:30,1.99
23/10/2023 21:45,1.99
23/10/2023 22:00,1.99
23/10/2023 22:15,1.99
23/10/2023 22:30,1.98
23/10/2023 22:45,1.98
23/10/2023 23:00,1.98
23/10/2023 23:15,1.98
23/10/2023 23:30,1.97
23/10/2023 23:45,1.97
24/10/2023 00:00,1.97
24/10/2023 00:15,1.97
24/10/2023 00:30,1.96
24/10/2023 00:45,1.96
24/10/2023 01:00,1.95
24/10/2023 01:15,1.95
24/10/2023 01:30,1.95
24/10/2023 01:45,1.94
24/10/2023 02:00,1.95
24/10/2023 02:15,1.94
24/10/2023 02:30,1.95
24/10/2023 02:45,1.94
24/10/2023 03:00,1.94
24/10/2023 03:15,1.93
24/10/2023 03:30,1.93
24/10/2023 03:45,1.93
24/10/2023 04:00,1.92
24/10/2023 04:15,1.92
24/10/2023 04:30,1.91
24/10/2023 04:45,1.91
24/10/2023 05:00,1.9
24/10/2023 05:15,1.9
24/10/2023 05:30,1.9
24/10/2023 05:45,1.9
24/10/2023 06:00,1.89
24/10/2023 06:15,1.89
24/10/2023 06:30,1.89
24/10/2023 06:45,1.88
24/10/2023 07:00,1.87
24/10/2023 07:15,1.87
24/10/2023 07:30,1.86
24/10/2023 07:45,1.87
24/10/2023 08:00,1.86
24/10/2023 08:15,1.86
24/10/2023 08:30,1.86
24/10/2023 08:45,1.86
24/10/2023 09:00,1.85
24/10/2023 09:15,1.85
24/10/2023 09:30,1.84
24/10/2023 09:45,1.84
24/10/2023 10:00,1.84
24/10/2023 10:15,1.84
24/10/2023 10:30,1.83
24/10/2023 10:45,1.84
24/10/2023 11:00,1.83
24/10/2023 11:15,1.83
24/10/2023 11:30,1.82
24/10/2023 11:45,1.82
24/10/2023 12:00,1.82
24/10/2023 12:15,1.82
24/10/2023 12:30,1.81
24/10/2023 12:45,1.81
24/10/2023 13:00,1.81
24/10/2023 13:15,1.8
24/10/2023 13:30,1.81
24/10/2023 13:45,1.81
24/10/2023 14:00,1.81
24/10/2023 14:15,1.8
24/10/2023 14:30,1.8
24/10/2023 14:45,1.79
24/10/2023 15:00,1.79
24/10/2023 15:15,1.78
24/10/2023 15:30,1.78
24/10/2023 15:45,1.78
24/10/2023 16:00,1.78
24/10/2023 16:15,1.78
24/10/2023 16:30,1.78
24/10/2023 16:45,1.78
24/10/2023 17:00,1.78
24/10/2023 17:15,1.77
24/10/2023 17:30,1.76
24/10/2023 17:45,1.76
24/10/2023 18:00,1.76
24/10/2023 18:15,1.76
24/10/2023 18:30,1.75
24/10/2023 18:45,1.76
24/10/2023 19:00,1.75
24/10/2023 19:15,1.74
24/10/2023 19:30,1.75
24/10/2023 19:45,1.74
24/10/2023 20:00,1.75
24/10/2023 20:15,1.75
24/10/2023 20:30,1.74
24/10/2023 20:45,1.74
24/10/2023 21:00,1.74
24/10/2023 21:15,1.74
24/10/2023 21:30,1.74
24/10/2023 21:45,1.74
24/10/2023 22:00,1.74
24/10/2023 22:15,1.75
24/10/2023 22:30,1.74
24/10/2023 22:45,1.75
24/10/2023 23:00,1.75
24/10/2023 23:15,1.75
24/10/2023 23:30,1.75
24/10/2023 23:45,1.76
25/10/2023 00:00,1.75
25/10/2023 00:15,1.76
25/10/2023 00:30,1.76
25/10/2023 00:45,1.76
25/10/2023 01:00,1.77
25/10/2023 01:15,1.77
25/10/2023 01:30,1.78
25/10/2023 01:45,1.78
25/10/2023 02:00,1.79
25/10/2023 02:15,1.79
25/10/2023 02:30,1.8
25/10/2023 02:45,1.8
25/10/2023 03:00,1.8
25/10/2023 03:15,1.81
25/10/2023 03:30,1.81
25/10/2023 03:45,1.81
25/10/2023 04:00,1.82
25/10/2023 04:15,1.83
25/10/2023 04:30,1.83
25/10/2023 04:45,1.83
25/10/2023 05:00,1.83
25/10/2023 05:15,1.83
25/10/2023 05:30,1.83
25/10/2023 05:45,1.83
25/10/2023 06:00,1.83
25/10/2023 06:15,1.83
25/10/2023 06:30,1.83
25/10/2023 06:45,1.83
25/10/2023 07:00,1.83
25/10/2023 07:15,1.83
25/10/2023 07:30,1.83
25/10/2023 07:45,1.82
25/10/2023 08:00,1.83
25/10/2023 08:15,1.83
25/10/2023 08:30,1.82
25/10/2023 08:45,1.83
25/10/2023 09:00,1.82
25/10/2023 09:15,1.82
25/10/2023 09:30,1.82
25/10/2023 09:45,1.81
25/10/2023 10:00,1.81
25/10/2023 10:15,1.8
25/10/2023 10:30,1.81
25/10/2023 10:45,1.8
25/10/2023 11:00,1.8
25/10/2023 11:15,1.79
25/10/2023 11:30,1.79
25/10/2023 11:45,1.79
25/10/2023 12:00,1.79
25/10/2023 12:15,1.78
25/10/2023 12:30,1.77
25/10/2023 12:45,1.77
25/10/2023 13:00,1.78
25/10/2023 13:15,1.76
25/10/2023 13:30,1.77
25/10/2023 13:45,1.76
25/10/2023 14:00,1.76
25/10/2023 14:15,1.76
25/10/2023 14:30,1.76
25/10/2023 14:45,1.75
25/10/2023 15:00,1.76
25/10/2023 15:15,1.75
25/10/2023 15:30,1.75
25/10/2023 15:45,1.75
25/10/2023 16:00,1.75
25/10/2023 16:15,1.75
25/10/2023 16:30,1.74
25/10/2023 16:45,1.74
25/10/2023 17:00,1.73
25/10/2023 17:15,1.73
25/10/2023 17:30,1.73
25/10/2023 17:45,1.73
25/10/2023 18:00,1.72
25/10/2023 18:15,1.71
25/10/2023 18:30,1.72
25/10/2023 18:45,1.71
25/10/2023 19:00,1.71
25/10/2023 19:15,1.71
25/10/2023 19:30,1.71
25/10/2023 19:45,1.7
25/10/2023 20:00,1.7
25/10/2023 20:15,1.7
25/10/2023 20:30,1.69
25/10/2023 20:45,1.69
25/10/2023 21:00,1.68
25/10/2023 21:15,1.68
25/10/2023 21:30,1.68
25/10/2023 21:45,1.67
25/10/2023 22:00,1.67
25/10/2023 22:15,1.67
25/10/2023 22:30,1.67
25/10/2023 22:45,1.67
25/10/2023 23:00,1.66
25/10/2023 23:15,1.66
25/10/2023 23:30,1.65
25/10/2023 23:45,1.65
26/10/2023 00:00,1.65
26/10/2023 00:15,1.64
26/10/2023 00:30,1.65
26/10/2023 00:45,1.64
26/10/2023 01:00,1.63
26/10/2023 01:15,1.63
26/10/2023 01:30,1.64
26/10/2023 01:45,1.63
26/10/2023 02:00,1.62
26/10/2023 02:15,1.62
26/10/2023 02:30,1.62
26/10/2023 02:45,1.61
26/10/2023 03:00,1.61
26/10/2023 03:15,1.6
26/10/2023 03:30,1.6
26/10/2023 03:45,1.6
26/10/2023 04:00,1.6
26/10/2023 04:15,1.59
26/10/2023 04:30,1.59
26/10/2023 04:45,1.59
26/10/2023 05:00,1.59
26/10/2023 05:15,1.58
26/10/2023 05:30,1.58
26/10/2023 05:45,1.57
26/10/2023 06:00,1.57
26/10/2023 06:15,1.57
26/10/2023 06:30,1.56
26/10/2023 06:45,1.56
26/10/2023 07:00,1.56
26/10/2023 07:15,1.55
26/10/2023 07:30,1.55
26/10/2023 07:45,1.55
26/10/2023 08:00,1.54
26/10/2023 08:15,1.54
26/10/2023 08:30,1.54
26/10/2023 08:45,1.54
26/10/2023 09:00,1.53
26/10/2023 09:15,1.53
26/10/2023 09:30,1.52
26/10/2023 09:45,1.52
26/10/2023 10:00,1.52
26/10/2023 10:15,1.52
26/10/2023 10:30,1.51
26/10/2023 10:45,1.51
26/10/2023 11:00,1.51
26/10/2023 11:15,1.51
26/10/2023 11:30,1.51
26/10/2023 11:45,1.5
26/10/2023 12:00,1.5
26/10/2023 12:15,1.49
26/10/2023 12:30,1.49
26/10/2023 12:45,1.49
26/10/2023 13:00,1.49
26/10/2023 13:15,1.48
26/10/2023 13:30,1.48
26/10/2023 13:45,1.48
26/10/2023 14:00,1.48
26/10/2023 14:15,1.47
26/10/2023 14:30,1.47
26/10/2023 14:45,1.47
26/10/2023 15:00,1.47
26/10/2023 15:15,1.46
26/10/2023 15:30,1.46
26/10/2023 15:45,1.46
26/10/2023 16:00,1.46
26/10/2023 16:15,1.45
26/10/2023 16:30,1.45
26/10/2023 16:45,1.45
26/10/2023 17:00,1.45
26/10/2023 17:15,1.44
26/10/2023 17:30,1.44
26/10/2023 17:45,1.44
26/10/2023 18:00,1.43
26/10/2023 18:15,1.44
26/10/2023 18:30,1.43
26/10/2023 18:45,1.43
26/10/2023 19:00,1.43
26/10/2023 19:15,1.43
26/10/2023 19:30,1.42
26/10/2023 19:45,1.42
26/10/2023 20:00,1.42
26/10/2023 20:15,1.42
26/10/2023 20:30,1.41
26/10/2023 20:45,1.41
26/10/2023 21:00,1.41
26/10/2023 21:15,1.41
26/10/2023 21:30,1.41
26/10/2023 21:45,1.4
26/10/2023 22:00,1.41
26/10/2023 22:15,1.4
26/10/2023 22:30,1.41
26/10/2023 22:45,1.4
26/10/2023 23:00,1.39
26/10/2023 23:15,1.39
26/10/2023 23:30,1.39
26/10/2023 23:45,1.39
27/10/2023 00:00,1.39
27/10/2023 00:15,1.38
27/10/2023 00:30,1.39
27/10/2023 00:45,1.39
27/10/2023 01:00,1.39
27/10/2023 01:15,1.38
27/10/2023 01:30,1.38
27/10/2023 01:45,1.38
27/10/2023 02:00,1.38
27/10/2023 02:15,1.38
27/10/2023 02:30,1.38
27/10/2023 02:45,1.37
27/10/2023 03:00,1.37
27/10/2023 03:15,1.38
27/10/2023 03:30,1.38
27/10/2023 03:45,1.37
27/10/2023 04:00,1.37
27/10/2023 04:15,1.37
27/10/2023 04:30,1.37
27/10/2023 04:45,1.37
27/10/2023 05:00,1.37
27/10/2023 05:15,1.38
27/10/2023 05:30,1.37
27/10/2023 05:45,1.38
27/10/2023 06:00,1.37
27/10/2023 06:15,1.38
27/10/2023 06:30,1.38
27/10/2023 06:45,1.38
27/10/2023 07:00,1.38
27/10/2023 07:15,1.38
27/10/2023 07:30,1.38
27/10/2023 07:45,1.38
27/10/2023 08:00,1.39
27/10/2023 08:15,1.39
27/10/2023 08:30,1.39
27/10/2023 08:45,1.38
27/10/2023 09:00,1.39
27/10/2023 09:15,1.39
27/10/2023 09:30,1.39
27/10/2023 09:45,1.39
27/10/2023 10:00,1.39
27/10/2023 10:15,1.39
27/10/2023 10:30,1.4
27/10/2023 10:45,1.4
27/10/2023 11:00,1.4
27/10/2023 11:15,1.4
27/10/2023 11:30,1.4
27/10/2023 11:45,1.4
27/10/2023 12:00,1.4
27/10/2023 12:15,1.4
27/10/2023 12:30,1.4
27/10/2023 12:45,1.4
27/10/2023 13:00,1.4
27/10/2023 13:15,1.4
27/10/2023 13:30,1.4
27/10/2023 13:45,1.4
27/10/2023 14:00,1.41
27/10/2023 14:15,1.4
27/10/2023 14:30,1.4
27/10/2023 14:45,1.4
27/10/2023 15:00,1.4
27/10/2023 15:15,1.4
27/10/2023 15:30,1.4
27/10/2023 15:45,1.4
27/10/2023 16:00,1.39
27/10/2023 16:15,1.4
27/10/2023 16:30,1.4
27/10/2023 16:45,1.4
27/10/2023 17:00,1.39
27/10/2023 17:15,1.39
27/10/2023 17:30,1.39
27/10/2023 17:45,1.39
27/10/2023 18:00,1.39
27/10/2023 18:15,1.39
27/10/2023 18:30,1.39
27/10/2023 18:45,1.39
27/10/2023 19:00,1.39
27/10/2023 19:15,1.39
27/10/2023 19:30,1.39
27/10/2023 19:45,1.39
27/10/2023 20:00,1.39
27/10/2023 20:15,1.39
27/10/2023 20:30,1.39
27/10/2023 20:45,1.39
27/10/2023 21:00,1.39
27/10/2023 21:15,1.4
27/10/2023 21:30,1.4
27/10/2023 21:45,1.4
27/10/2023 22:00,1.4
27/10/2023 22:15,1.41
27/10/2023 22:30,1.41
27/10/2023 22:45,1.41
27/10/2023 23:00,1.41
27/10/2023 23:15,1.41
27/10/2023 23:30,1.41
27/10/2023 23:45,1.42
28/10/2023 00:00,1.42
28/10/2023 00:15,1.42
28/10/2023 00:30,1.43
28/10/2023 00:45,1.43
28/10/2023 01:00,1.43
28/10/2023 01:15,1.43
28/10/2023 01:30,1.43
28/10/2023 01:45,1.44
28/10/2023 02:00,1.44
28/10/2023 02:15,1.44
28/10/2023 02:30,1.44
28/10/2023 02:45,1.44
28/10/2023 03:00,1.44
28/10/2023 03:15,1.44
28/10/2023 03:30,1.44
28/10/2023 03:45,1.44
28/10/2023 04:00,1.44
28/10/2023 04:15,1.44
28/10/2023 04:30,1.44
28/10/2023 04:45,1.44
28/10/2023 05:00,1.43
28/10/2023 05:15,1.44
28/10/2023 05:30,1.43
28/10/2023 05:45,1.43
28/10/2023 06:00,1.43
28/10/2023 06:15,1.43
28/10/2023 06:30,1.43
28/10/2023 06:45,1.43
28/10/2023 07:00,1.42
28/10/2023 07:15,1.42
28/10/2023 07:30,1.42
28/10/2023 07:45,1.42
28/10/2023 08:00,1.42
28/10/2023 08:15,1.42
28/10/2023 08:30,1.42
28/10/2023 08:45,1.42
28/10/2023 09:00,1.41
28/10/2023 09:15,1.41
28/10/2023 09:30,1.41
28/10/2023 09:45,1.41
28/10/2023 10:00,1.41
28/10/2023 10:15,1.41
28/10/2023 10:30,1.41
28/10/2023 10:45,1.4
28/10/2023 11:00,1.4
28/10/2023 11:15,1.4
28/10/2023 11:30,1.4
28/10/2023 11:45,1.4
28/10/2023 12:00,1.4
28/10/2023 12:15,1.4
28/10/2023 12:30,1.4
28/10/2023 12:45,1.4
28/10/2023 13:00,1.4
28/10/2023 13:15,1.4
28/10/2023 13:30,1.4
28/10/2023 13:45,1.4
28/10/2023 14:00,1.39
28/10/2023 14:15,1.4
28/10/2023 14:30,1.4
28/10/2023 14:45,1.39
28/10/2023 15:00,1.4
28/10/2023 15:15,1.39
28/10/2023 15:30,1.39
28/10/2023 15:45,1.39
28/10/2023 16:00,1.39
28/10/2023 16:15,1.39
28/10/2023 16:30,1.39
28/10/2023 16:45,1.39
28/10/2023 17:00,1.39
28/10/2023 17:15,1.4
28/10/2023 17:30,1.39
28/10/2023 17:45,1.39
28/10/2023 18:00,1.39
28/10/2023 18:15,1.39
28/10/2023 18:30,1.39
28/10/2023 18:45,1.39
28/10/2023 19:00,1.38
28/10/2023 19:15,1.38
28/10/2023 19:30,1.38
28/10/2023 19:45,1.39
28/10/2023 20:00,1.38
28/10/2023 20:15,1.38
28/10/2023 20:30,1.38
28/10/2023 20:45,1.38
28/10/2023 21:00,1.38
28/10/2023 21:15,1.38
28/10/2023 21:30,1.38
28/10/2023 21:45,1.38
28/10/2023 22:00,1.38
28/10/2023 22:15,1.38
28/10/2023 22:30,1.38
28/10/2023 22:45,1.38
28/10/2023 23:00,1.38
28/10/2023 23:15,1.39
28/10/2023 23:30,1.39
28/10/2023 23:45,1.39
29/10/2023 00:00,1.4
29/10/2023 00:15,1.4
29/10/2023 00:30,1.41
29/10/2023 00:45,1.42
29/10/2023 01:00,1.43
29/10/2023 01:15,1.43
29/10/2023 01:30,1.45
29/10/2023 01:45,1.45
29/10/2023 02:00,1.46
29/10/2023 02:15,1.48
29/10/2023 02:30,1.49
29/10/2023 02:45,1.5
29/10/2023 03:00,1.51
29/10/2023 03:15,1.53
29/10/2023 03:30,1.54
29/10/2023 03:45,1.56
29/10/2023 04:00,1.58
29/10/2023 04:15,1.6
29/10/2023 04:30,1.62
29/10/2023 04:45,1.63
29/10/2023 05:00,1.65
29/10/2023 05:15,1.67
29/10/2023 05:30,1.69
29/10/2023 05:45,1.7
29/10/2023 06:00,1.72
29/10/2023 06:15,1.75
29/10/2023 06:30,1.76
29/10/2023 06:45,1.77
29/10/2023 07:00,1.79
29/10/2023 07:15,1.81
29/10/2023 07:30,1.83
29/10/2023 07:45,1.85
29/10/2023 08:00,1.85
29/10/2023 08:15,1.87
29/10/2023 08:30,1.88
29/10/2023 08:45,1.89
29/10/2023 09:00,1.91
29/10/2023 09:15,1.92
29/10/2023 09:30,1.93
29/10/2023 09:45,1.95
29/10/2023 10:00,1.95
29/10/2023 10:15,1.96
29/10/2023 10:30,1.97
29/10/2023 10:45,1.98
29/10/2023 11:00,1.97
29/10/2023 11:15,1.98
29/10/2023 11:30,1.98
29/10/2023 11:45,1.99
29/10/2023 12:00,1.99
29/10/2023 12:15,1.99
29/10/2023 12:30,1.99
29/10/2023 12:45,1.99
29/10/2023 13:00,2
29/10/2023 13:15,1.99
29/10/2023 13:30,2
29/10/2023 13:45,1.99
29/10/2023 14:00,1.99
29/10/2023 14:15,1.98
29/10/2023 14:30,1.98
29/10/2023 14:45,1.97
29/10/2023 15:00,1.97
29/10/2023 15:15,1.96
29/10/2023 15:30,1.96
29/10/2023 15:45,1.96
29/10/2023 16:00,1.96
29/10/2023 16:15,1.94
29/10/2023 16:30,1.93
29/10/2023 16:45,1.94
29/10/2023 17:00,1.92
29/10/2023 17:15,1.91
29/10/2023 17:30,1.9
29/10/2023 17:45,1.9
29/10/2023 18:00,1.9
29/10/2023 18:15,1.89
29/10/2023 18:30,1.88
29/10/2023 18:45,1.87
29/10/2023 19:00,1.86
29/10/2023 19:15,1.86
29/10/2023 19:30,1.85
29/10/2023 19:45,1.84
29/10/2023 20:00,1.83
29/10/2023 20:15,1.83
29/10/2023 20:30,1.82
29/10/2023 20:45,1.81
29/10/2023 21:00,1.81
29/10/2023 21:15,1.8
29/10/2023 21:30,1.8
29/10/2023 21:45,1.79
29/10/2023 22:00,1.79
29/10/2023 22:15,1.77
29/10/2023 22:30,1.77
29/10/2023 22:45,1.76
29/10/2023 23:00,1.76
29/10/2023 23:15,1.76
29/10/2023 23:30,1.75
29/10/2023 23:45,1.75
30/10/2023 00:00,1.74
30/10/2023 00:15,1.74
30/10/2023 00:30,1.74
30/10/2023 00:45,1.73
30/10/2023 01:00,1.73
30/10/2023 01:15,1.72
30/10/2023 01:30,1.72
30/10/2023 01:45,1.72
30/10/2023 02:00,1.71
30/10/2023 02:15,1.71
30/10/2023 02:30,1.7
30/10/2023 02:45,1.7
30/10/2023 03:00,1.69
30/10/2023 03:15,1.69
30/10/2023 03:30,1.69
30/10/2023 03:45,1.68
30/10/2023 04:00,1.67
30/10/2023 04:15,1.67
30/10/2023 04:30,1.67
30/10/2023 04:45,1.67
30/10/2023 05:00,1.66
30/10/2023 05:15,1.65
30/10/2023 05:30,1.65
30/10/2023 05:45,1.64
30/10/2023 06:00,1.64
30/10/2023 06:15,1.64
30/10/2023 06:30,1.63
30/10/2023 06:45,1.63
30/10/2023 07:00,1.62
30/10/2023 07:15,1.62
30/10/2023 07:30,1.61
30/10/2023 07:45,1.61
30/10/2023 08:00,1.6
30/10/2023 08:15,1.6
30/10/2023 08:30,1.6
30/10/2023 08:45,1.59
30/10/2023 09:00,1.59
30/10/2023 09:15,1.59
30/10/2023 09:30,1.58
30/10/2023 09:45,1.58
30/10/2023 10:00,1.57
30/10/2023 10:15,1.56
30/10/2023 10:30,1.57
30/10/2023 10:45,1.56
30/10/2023 11:00,1.56
30/10/2023 11:15,1.55
30/10/2023 11:30,1.54
30/10/2023 11:45,1.54
30/10/2023 12:00,1.54
30/10/2023 12:15,1.54
30/10/2023 12:30,1.54
30/10/2023 12:45,1.53
30/10/2023 13:00,1.53
30/10/2023 13:15,1.52
30/10/2023 13:30,1.52
30/10/2023 13:45,1.52
30/10/2023 14:00,1.51
30/10/2023 14:15,1.51
30/10/2023 14:30,1.5
30/10/2023 14:45,1.5
30/10/2023 15:00,1.51
30/10/2023 15:15,1.5
30/10/2023 15:30,1.5
30/10/2023 15:45,1.5
30/10/2023 16:00,1.5
30/10/2023 16:15,1.5
30/10/2023 16:30,1.5
30/10/2023 16:45,1.5
30/10/2023 17:00,1.5
30/10/2023 17:15,1.5
30/10/2023 17:30,1.5
30/10/2023 17:45,1.5
30/10/2023 18:00,1.51
30/10/2023 18:15,1.51
30/10/2023 18:30,1.51
30/10/2023 18:45,1.52
30/10/2023 19:00,1.51
30/10/2023 19:15,1.51
30/10/2023 19:30,1.52
30/10/2023 19:45,1.52
30/10/2023 20:00,1.53
30/10/2023 20:15,1.53
30/10/2023 20:30,1.53
30/10/2023 20:45,1.54
30/10/2023 21:00,1.54
30/10/2023 21:15,1.55
30/10/2023 21:30,1.55
30/10/2023 21:45,1.55
30/10/2023 22:00,1.56
30/10/2023 22:15,1.56
30/10/2023 22:30,1.57
30/10/2023 22:45,1.58
30/10/2023 23:00,1.57
30/10/2023 23:15,1.58
30/10/2023 23:30,1.59
30/10/2023 23:45,1.59
31/10/2023 00:00,1.6
31/10/2023 00:15,1.6
31/10/2023 00:30,1.61
31/10/2023 00:45,1.61
31/10/2023 01:00,1.62
31/10/2023 01:15,1.62
31/10/2023 01:30,1.63
31/10/2023 01:45,1.63
31/10/2023 02:00,1.64
31/10/2023 02:15,1.65
31/10/2023 02:30,1.64
31/10/2023 02:45,1.65
31/10/2023 03:00,1.65
31/10/2023 03:15,1.66
31/10/2023 03:30,1.66
31/10/2023 03:45,1.67
31/10/2023 04:00,1.67
31/10/2023 04:15,1.68
31/10/2023 04:30,1.68
31/10/2023 04:45,1.69
31/10/2023 05:00,1.69
31/10/2023 05:15,1.7
31/10/2023 05:30,1.7
31/10/2023 05:45,1.71
31/10/2023 06:00,1.71
31/10/2023 06:15,1.71
31/10/2023 06:30,1.73
31/10/2023 06:45,1.74
31/10/2023 07:00,1.74
31/10/2023 07:15,1.74
31/10/2023 07:30,1.75
31/10/2023 07:45,1.76
31/10/2023 08:00,1.77
31/10/2023 08:15,1.78
31/10/2023 08:30,1.78
31/10/2023 08:45,1.79
31/10/2023 09:00,1.8
31/10/2023 09:15,1.81
31/10/2023 09:30,1.82
31/10/2023 09:45,1.82
31/10/2023 10:00,1.83
31/10/2023 10:15,1.85
31/10/2023 10:30,1.84
31/10/2023 10:45,1.86
31/10/2023 11:00,1.86
31/10/2023 11:15,1.86
31/10/2023 11:30,1.88
31/10/2023 11:45,1.88
31/10/2023 12:00,1.88
31/10/2023 12:15,1.89
31/10/2023 12:30,1.9
31/10/2023 12:45,1.91
31/10/2023 13:00,1.91
31/10/2023 13:15,1.92
31/10/2023 13:30,1.91
31/10/2023 13:45,1.91
31/10/2023 14:00,1.92
31/10/2023 14:15,1.93
31/10/2023 14:30,1.93
31/10/2023 14:45,1.93
31/10/2023 15:00,1.94
31/10/2023 15:15,1.95
31/10/2023 15:30,1.95
31/10/2023 15:45,1.95
31/10/2023 16:00,1.95
31/10/2023 16:15,1.95
31/10/2023 16:30,1.95
31/10/2023 16:45,1.95
31/10/2023 17:00,1.96
31/10/2023 17:15,1.96
31/10/2023 17:30,1.95
31/10/2023 17:45,1.97
31/10/2023 18:00,1.97
31/10/2023 18:15,1.98
31/10/2023 18:30,1.99
31/10/2023 18:45,1.98
31/10/2023 19:00,1.99
31/10/2023 19:15,1.99
31/10/2023 19:30,2.01
31/10/2023 19:45,2.02
31/10/2023 20:00,2.04
31/10/2023 20:15,2.04
31/10/2023 20:30,2.05
31/10/2023 20:45,2.06
31/10/2023 21:00,2.07
31/10/2023 21:15,2.09
31/10/2023 21:30,2.09
31/10/2023 21:45,2.11
31/10/2023 22:00,2.13
31/10/2023 22:15,2.14
31/10/2023 22:30,2.16
31/10/2023 22:45,2.18
31/10/2023 23:00,2.19
31/10/2023 23:15,2.21
31/10/2023 23:30,2.23
31/10/2023 23:45,2.24
01/11/2023 00:00,2.24
01/11/2023 00:15,2.27
01/11/2023 00:30,2.28
01/11/2023 00:45,2.31
01/11/2023 01:00,2.31
01/11/2023 01:15,2.33
01/11/2023 01:30,2.34
01/11/2023 01:45,2.36
01/11/2023 02:00,2.36
01/11/2023 02:15,2.39
01/11/2023 02:30,2.39
01/11/2023 02:45,2.4
01/11/2023 03:00,2.4
01/11/2023 03:15,2.41
01/11/2023 03:30,2.42
01/11/2023 03:45,2.42
01/11/2023 04:00,2.43
01/11/2023 04:15,2.43
01/11/2023 04:30,2.44
01/11/2023 04:45,2.45
01/11/2023 05:00,2.44
01/11/2023 05:15,2.45
01/11/2023 05:30,2.45
01/11/2023 05:45,2.46
01/11/2023 06:00,2.46
01/11/2023 06:15,2.46
01/11/2023 06:30,2.46
01/11/2023 06:45,2.46
01/11/2023 07:00,2.45
01/11/2023 07:15,2.44
01/11/2023 07:30,2.44
01/11/2023 07:45,2.43
01/11/2023 08:00,2.43
01/11/2023 08:15,2.42
01/11/2023 08:30,2.42
01/11/2023 08:45,2.42
01/11/2023 09:00,2.42
01/11/2023 09:15,2.41
01/11/2023 09:30,2.4
01/11/2023 09:45,2.39
01/11/2023 10:00,2.38
01/11/2023 10:15,2.37
01/11/2023 10:30,2.37
01/11/2023 10:45,2.37
01/11/2023 11:00,2.36
01/11/2023 11:15,2.33
01/11/2023 11:30,2.33
01/11/2023 11:45,2.33
01/11/2023 12:00,2.32
01/11/2023 12:15,2.31
01/11/2023 12:30,2.3
01/11/2023 12:45,2.29
01/11/2023 13:00,2.28
01/11/2023 13:15,2.27
01/11/2023 13:30,2.26
01/11/2023 13:45,2.25
01/11/2023 14:00,2.24
01/11/2023 14:15,2.24
01/11/2023 14:30,2.23
01/11/2023 14:45,2.2
01/11/2023 15:00,2.21
01/11/2023 15:15,2.19
01/11/2023 15:30,2.19
01/11/2023 15:45,2.18
01/11/2023 16:00,2.17
01/11/2023 16:15,2.17
01/11/2023 16:30,2.16
01/11/2023 16:45,2.16
01/11/2023 17:00,2.15
01/11/2023 17:15,2.14
01/11/2023 17:30,2.14
01/11/2023 17:45,2.13
01/11/2023 18:00,2.13
01/11/2023 18:15,2.13
01/11/2023 18:30,2.12
01/11/2023 18:45,2.11
01/11/2023 19:00,2.12
01/11/2023 19:15,2.11
01/11/2023 19:30,2.1
01/11/2023 19:45,2.11
01/11/2023 20:00,2.1
01/11/2023 20:15,2.1
01/11/2023 20:30,2.09
01/11/2023 20:45,2.1
01/11/2023 21:00,2.09
01/11/2023 21:15,2.1
01/11/2023 21:30,2.09
01/11/2023 21:45,2.1
01/11/2023 22:00,2.09
01/11/2023 22:15,2.1
01/11/2023 22:30,2.1
01/11/2023 22:45,2.11
01/11/2023 23:00,2.1
01/11/2023 23:15,2.11
01/11/2023 23:30,2.12
01/11/2023 23:45,2.12
02/11/2023 00:00,2.13
02/11/2023 00:15,2.13
02/11/2023 00:30,2.14
02/11/2023 00:45,2.15
02/11/2023 01:00,2.15
02/11/2023 01:15,2.16
02/11/2023 01:30,2.16
02/11/2023 01:45,2.17
02/11/2023 02:00,2.17
02/11/2023 02:15,2.17
02/11/2023 02:30,2.18
02/11/2023 02:45,2.19
02/11/2023 03:00,2.19
02/11/2023 03:15,2.2
02/11/2023 03:30,2.21
02/11/2023 03:45,2.22
02/11/2023 04:00,2.22
02/11/2023 04:15,2.22
02/11/2023 04:30,2.22
02/11/2023 04:45,2.23
02/11/2023 05:00,2.23
02/11/2023 05:15,2.25
02/11/2023 05:30,2.25
02/11/2023 05:45,2.25
02/11/2023 06:00,2.27
02/11/2023 06:15,2.27
02/11/2023 06:30,2.27
02/11/2023 06:45,2.27
02/11/2023 07:00,2.28
02/11/2023 07:15,2.28
02/11/2023 07:30,2.29
02/11/2023 07:45,2.29
02/11/2023 08:00,2.29
02/11/2023 08:15,2.29
02/11/2023 08:30,2.29
02/11/2023 08:45,2.31
02/11/2023 09:00,2.3
02/11/2023 09:15,2.31
02/11/2023 09:30,2.29
02/11/2023 09:45,2.3
02/11/2023 10:00,2.31
02/11/2023 10:15,2.31
02/11/2023 10:30,2.31
02/11/2023 10:45,2.32
02/11/2023 11:00,2.31
02/11/2023 11:15,2.32
02/11/2023 11:30,2.33
02/11/2023 11:45,2.33
02/11/2023 12:00,2.32
02/11/2023 12:15,2.33
02/11/2023 12:30,2.33
02/11/2023 12:45,2.33
02/11/2023 13:00,2.33
02/11/2023 13:15,2.32
02/11/2023 13:30,2.34
02/11/2023 13:45,2.33
02/11/2023 14:00,2.33
02/11/2023 14:15,2.34
02/11/2023 14:30,2.34
02/11/2023 14:45,2.35
02/11/2023 15:00,2.35
02/11/2023 15:15,2.35
02/11/2023 15:30,2.35
02/11/2023 15:45,2.35
02/11/2023 16:00,2.36
02/11/2023 16:15,2.36
02/11/2023 16:30,2.37
02/11/2023 16:45,2.37
02/11/2023 17:00,2.37
02/11/2023 17:15,2.35
02/11/2023 17:30,2.38
02/11/2023 17:45,2.37
02/11/2023 18:00,2.38
02/11/2023 18:15,2.38
02/11/2023 18:30,2.4
02/11/2023 18:45,2.4
02/11/2023 19:00,2.39
02/11/2023 19:15,2.42
02/11/2023 19:30,2.41
02/11/2023 19:45,2.41
02/11/2023 20:00,2.42
02/11/2023 20:15,2.42
02/11/2023 20:30,2.42
02/11/2023 20:45,2.42
02/11/2023 21:00,2.42
02/11/2023 21:15,2.42
02/11/2023 21:30,2.44
02/11/2023 21:45,2.43
02/11/2023 22:00,2.44
02/11/2023 22:15,2.45
02/11/2023 22:30,2.44
02/11/2023 22:45,2.46
02/11/2023 23:00,2.44
02/11/2023 23:15,2.47
02/11/2023 23:30,2.46
02/11/2023 23:45,2.47
03/11/2023 00:00,2.47
03/11/2023 00:15,2.46
03/11/2023 00:30,2.47
03/11/2023 00:45,2.48
03/11/2023 01:00,2.47
03/11/2023 01:15,2.48
03/11/2023 01:30,2.49
03/11/2023 01:45,2.49
03/11/2023 02:00,2.49
03/11/2023 02:15,2.51
03/11/2023 02:30,2.5
03/11/2023 02:45,2.51
03/11/2023 03:00,2.51
03/11/2023 03:15,2.52
03/11/2023 03:30,2.53
03/11/2023 03:45,2.54
03/11/2023 04:00,2.55
03/11/2023 04:15,2.55
03/11/2023 04:30,2.56
03/11/2023 04:45,2.56
03/11/2023 05:00,2.56
03/11/2023 05:15,2.56
03/11/2023 05:30,2.58
03/11/2023 05:45,2.59
03/11/2023 06:00,2.59
03/11/2023 06:15,2.6
03/11/2023 06:30,2.61
03/11/2023 06:45,2.62
03/11/2023 07:00,2.63
03/11/2023 07:15,2.63
03/11/2023 07:30,2.66
03/11/2023 07:45,2.66
03/11/2023 08:00,2.66
03/11/2023 08:15,2.68
03/11/2023 08:30,2.68
03/11/2023 08:45,2.69
03/11/2023 09:00,2.71
03/11/2023 09:15,2.71
03/11/2023 09:30,2.71
03/11/2023 09:45,2.74
03/11/2023 10:00,2.76
03/11/2023 10:15,2.75
03/11/2023 10:30,2.76
03/11/2023 10:45,2.76
03/11/2023 11:00,2.78
03/11/2023 11:15,2.79
03/11/2023 11:30,2.8
03/11/2023 11:45,2.79
03/11/2023 12:00,2.83
03/11/2023 12:15,2.84
03/11/2023 12:30,2.83
03/11/2023 12:45,2.85
03/11/2023 13:00,2.86
03/11/2023 13:15,2.87
03/11/2023 13:30,2.87
03/11/2023 13:45,2.87
03/11/2023 14:00,2.9
03/11/2023 14:15,2.88
03/11/2023 14:30,2.89
03/11/2023 14:45,2.89
03/11/2023 15:00,2.91
03/11/2023 15:15,2.92
03/11/2023 15:30,2.91
03/11/2023 15:45,2.92
03/11/2023 16:00,2.92
03/11/2023 16:15,2.94
03/11/2023 16:30,2.94
03/11/2023 16:45,2.93
03/11/2023 17:00,2.95
03/11/2023 17:15,2.95
03/11/2023 17:30,2.94
03/11/2023 17:45,2.95
03/11/2023 18:00,2.95
03/11/2023 18:15,2.95
03/11/2023 18:30,2.95
03/11/2023 18:45,2.97
03/11/2023 19:00,2.96
03/11/2023 19:15,2.95
03/11/2023 19:30,2.95
03/11/2023 19:45,2.95
03/11/2023 20:00,2.95
03/11/2023 20:15,2.95
03/11/2023 20:30,2.95
03/11/2023 20:45,2.95
03/11/2023 21:00,2.95
03/11/2023 21:15,2.95
03/11/2023 21:30,2.95
03/11/2023 21:45,2.95
03/11/2023 22:00,2.95
03/11/2023 22:15,2.95
03/11/2023 22:30,2.95
03/11/2023 22:45,2.95
03/11/2023 23:00,2.95
03/11/2023 23:15,2.95
03/11/2023 23:30,2.95
03/11/2023 23:45,2.95
04/11/2023 00:00,2.9
04/11/2023 00:15,2.9
04/11/2023 00:30,2.89
04/11/2023 00:45,2.89
04/11/2023 01:00,2.88
04/11/2023 01:15,2.89
04/11/2023 01:30,2.89
04/11/2023 01:45,2.88
04/11/2023 02:00,2.86
04/11/2023 02:15,2.86
04/11/2023 02:30,2.86
04/11/2023 02:45,2.86
04/11/2023 03:00,2.86
04/11/2023 03:15,2.85
04/11/2023 03:30,2.84
04/11/2023 03:45,2.83
04/11/2023 04:00,2.84
04/11/2023 04:15,2.83
04/11/2023 04:30,2.82
04/11/2023 04:45,2.83
04/11/2023 05:00,2.82
04/11/2023 05:15,2.8
04/11/2023 05:30,2.81
04/11/2023 05:45,2.79
04/11/2023 06:00,2.79
04/11/2023 06:15,2.8
04/11/2023 06:30,2.78
04/11/2023 06:45,2.79
04/11/2023 07:00,2.78
04/11/2023 07:15,2.77
04/11/2023 07:30,2.78
04/11/2023 07:45,2.77
04/11/2023 08:00,2.76
04/11/2023 08:15,2.76
04/11/2023 08:30,2.76
04/11/2023 08:45,2.75
04/11/2023 09:00,2.74
04/11/2023 09:15,2.74
04/11/2023 09:30,2.74
04/11/2023 09:45,2.72
04/11/2023 10:00,2.72
04/11/2023 10:15,2.71
04/11/2023 10:30,2.73
04/11/2023 10:45,2.72
04/11/2023 11:00,2.71
04/11/2023 11:15,2.69
04/11/2023 11:30,2.69
04/11/2023 11:45,2.69
04/11/2023 12:00,2.68
04/11/2023 12:15,2.67
04/11/2023 12:30,2.67
04/11/2023 12:45,2.66
04/11/2023 13:00,2.66
04/11/2023 13:15,2.65
04/11/2023 13:30,2.64
04/11/2023 13:45,2.64
04/11/2023 14:00,2.63
04/11/2023 14:15,2.63
04/11/2023 14:30,2.62
04/11/2023 14:45,2.62
04/11/2023 15:00,2.62
04/11/2023 15:15,2.62
04/11/2023 15:30,2.6
04/11/2023 15:45,2.6
04/11/2023 16:00,2.6
04/11/2023 16:15,2.61
04/11/2023 16:30,2.6
04/11/2023 16:45,2.59
04/11/2023 17:00,2.59
04/11/2023 17:15,2.58
04/11/2023 17:30,2.58
04/11/2023 17:45,2.58
04/11/2023 18:00,2.58
04/11/2023 18:15,2.58
04/11/2023 18:30,2.57
04/11/2023 18:45,2.57
04/11/2023 19:00,2.58
04/11/2023 19:15,2.57
04/11/2023 19:30,2.57
04/11/2023 19:45,2.57
04/11/2023 20:00,2.58
04/11/2023 20:15,2.58
04/11/2023 20:30,2.58
04/11/2023 20:45,2.58
04/11/2023 21:00,2.58
04/11/2023 21:15,2.59
04/11/2023 21:30,2.59
04/11/2023 21:45,2.58
04/11/2023 22:00,2.59
04/11/2023 22:15,2.6
04/11/2023 22:30,2.6
04/11/2023 22:45,2.61
04/11/2023 23:00,2.6
04/11/2023 23:15,2.62
04/11/2023 23:30,2.62
04/11/2023 23:45,2.62
05/11/2023 00:00,2.63
05/11/2023 00:15,2.65
05/11/2023 00:30,2.65
05/11/2023 00:45,2.65
05/11/2023 01:00,2.67
05/11/2023 01:15,2.69
05/11/2023 01:30,2.67
05/11/2023 01:45,2.69
05/11/2023 02:00,2.7
05/11/2023 02:15,2.72
05/11/2023 02:30,2.73
05/11/2023 02:45,2.74
05/11/2023 03:00,2.75
05/11/2023 03:15,2.78
05/11/2023 03:30,2.77
05/11/2023 03:45,2.8
05/11/2023 04:00,2.79
05/11/2023 04:15,2.81
05/11/2023 04:30,2.82
05/11/2023 04:45,2.84
05/11/2023 05:00,2.85
05/11/2023 05:15,2.87
05/11/2023 05:30,2.88
05/11/2023 05:45,2.9
05/11/2023 06:00,2.92
05/11/2023 06:15,2.94
05/11/2023 06:30,2.96
05/11/2023 06:45,2.95
05/11/2023 07:00,2.98
05/11/2023 07:15,2.99
05/11/2023 07:30,3.01
05/11/2023 07:45,3.03
05/11/2023 08:00,3.04
05/11/2023 08:15,3.05
05/11/2023 08:30,3.07
05/11/2023 08:45,3.09
05/11/2023 09:00,3.1
05/11/2023 09:15,3.12
05/11/2023 09:30,3.14
05/11/2023 09:45,3.15
05/11/2023 10:00,3.17
05/11/2023 10:15,3.18
05/11/2023 10:30,3.21
05/11/2023 10:45,3.21
05/11/2023 11:00,3.21
05/11/2023 11:15,3.23
05/11/2023 11:30,3.26
05/11/2023 11:45,3.29
05/11/2023 12:00,3.29
05/11/2023 12:15,3.29
05/11/2023 12:30,3.3
05/11/2023 12:45,3.31
05/11/2023 13:00,3.34
05/11/2023 13:15,3.34
05/11/2023 13:30,3.36
05/11/2023 13:45,3.36
05/11/2023 14:00,3.37
05/11/2023 14:15,3.37
05/11/2023 14:30,3.38
05/11/2023 14:45,3.38
05/11/2023 15:00,3.39
05/11/2023 15:15,3.37
05/11/2023 15:30,3.4
05/11/2023 15:45,3.39
05/11/2023 16:00,3.39
05/11/2023 16:15,3.39
05/11/2023 16:30,3.41
05/11/2023 16:45,3.41
05/11/2023 17:00,3.42
05/11/2023 17:15,3.39
05/11/2023 17:30,3.4
05/11/2023 17:45,3.41
05/11/2023 18:00,3.41
05/11/2023 18:15,3.4
05/11/2023 18:30,3.4
05/11/2023 18:45,3.39
05/11/2023 19:00,3.4
05/11/2023 19:15,3.4
05/11/2023 19:30,3.39
05/11/2023 19:45,3.4
05/11/2023 20:00,3.39
05/11/2023 20:15,3.38
05/11/2023 20:30,3.37
05/11/2023 20:45,3.38
05/11/2023 21:00,3.36
05/11/2023 21:15,3.35
05/11/2023 21:30,3.33
05/11/2023 21:45,3.33
05/11/2023 22:00,3.33
05/11/2023 22:15,3.32
05/11/2023 22:30,3.31
05/11/2023 22:45,3.3
05/11/2023 23:00,3.28
05/11/2023 23:15,3.29
05/11/2023 23:30,3.26
05/11/2023 23:45,3.24
06/11/2023 00:00,3.23
06/11/2023 00:15,3.23
06/11/2023 00:30,3.22
06/11/2023 00:45,3.22
06/11/2023 01:00,3.19
06/11/2023 01:15,3.17
06/11/2023 01:30,3.17
06/11/2023 01:45,3.16
06/11/2023 02:00,3.14
06/11/2023 02:15,3.13
06/11/2023 02:30,3.12
06/11/2023 02:45,3.1
06/11/2023 03:00,3.08
06/11/2023 03:15,3.05
06/11/2023 03:30,3.06
06/11/2023 03:45,3.04
06/11/2023 04:00,3.01
06/11/2023 04:15,3
06/11/2023 04:30,2.98
06/11/2023 04:45,2.96
06/11/2023 05:00,2.96
06/11/2023 05:15,2.95
06/11/2023 05:30,2.94
06/11/2023 05:45,2.93
06/11/2023 06:00,2.9
06/11/2023 06:15,2.88
06/11/2023 06:30,2.89
06/11/2023 06:45,2.86
06/11/2023 07:00,2.85
06/11/2023 07:15,2.83
06/11/2023 07:30,2.82
06/11/2023 07:45,2.81
06/11/2023 08:00,2.8
06/11/2023 08:15,2.79
06/11/2023 08:30,2.78
06/11/2023 08:45,2.76
06/11/2023 09:00,2.74
06/11/2023 09:15,2.74
06/11/2023 09:30,2.72
06/11/2023 09:45,2.72
06/11/2023 10:00,2.71
06/11/2023 10:15,2.69
06/11/2023 10:30,2.68
06/11/2023 10:45,2.66
06/11/2023 11:00,2.67
06/11/2023 11:15,2.64
06/11/2023 11:30,2.63
06/11/2023 11:45,2.64
06/11/2023 12:00,2.64
06/11/2023 12:15,2.64
06/11/2023 12:30,2.64
06/11/2023 12:45,2.58
06/11/2023 13:00,2.58
06/11/2023 13:15,2.58
06/11/2023 13:30,2.57
06/11/2023 13:45,2.56
06/11/2023 14:00,2.55
06/11/2023 14:15,2.55
06/11/2023 14:30,2.55
06/11/2023 14:45,2.53
06/11/2023 15:00,2.52
06/11/2023 15:15,2.52
06/11/2023 15:30,2.51
06/11/2023 15:45,2.51
06/11/2023 16:00,2.51
06/11/2023 16:15,2.51
06/11/2023 16:30,2.51
06/11/2023 16:45,2.51
06/11/2023 17:00,2.47
06/11/2023 17:15,2.48
06/11/2023 17:30,2.46
06/11/2023 17:45,2.47
06/11/2023 18:00,2.46
06/11/2023 18:15,2.46
06/11/2023 18:30,2.44
06/11/2023 18:45,2.44
06/11/2023 19:00,2.45
06/11/2023 19:15,2.45
06/11/2023 19:30,2.45
06/11/2023 19:45,2.44
06/11/2023 20:00,2.44
06/11/2023 20:15,2.44
06/11/2023 20:30,2.43
06/11/2023 20:45,2.43
06/11/2023 21:00,2.43
06/11/2023 21:15,2.42
06/11/2023 21:30,2.41
06/11/2023 21:45,2.43
06/11/2023 22:00,2.43
06/11/2023 22:15,2.44
06/11/2023 22:30,2.44
06/11/2023 22:45,2.43
06/11/2023 23:00,2.44
06/11/2023 23:15,2.43
06/11/2023 23:30,2.44
06/11/2023 23:45,2.44
07/11/2023 00:00,2.45
07/11/2023 00:15,2.45
07/11/2023 00:30,2.44
07/11/2023 00:45,2.45
07/11/2023 01:00,2.46
07/11/2023 01:15,2.46
07/11/2023 01:30,2.46
07/11/2023 01:45,2.47
07/11/2023 02:00,2.47
07/11/2023 02:15,2.46
07/11/2023 02:30,2.47
07/11/2023 02:45,2.47
07/11/2023 03:00,2.48
07/11/2023 03:15,2.47
07/11/2023 03:30,2.48
07/11/2023 03:45,2.48
07/11/2023 04:00,2.48
07/11/2023 04:15,2.49
07/11/2023 04:30,2.49
07/11/2023 04:45,2.48
07/11/2023 05:00,2.49
07/11/2023 05:15,2.49
07/11/2023 05:30,2.48
07/11/2023 05:45,2.48
07/11/2023 06:00,2.49
07/11/2023 06:15,2.48
07/11/2023 06:30,2.49
07/11/2023 06:45,2.48
07/11/2023 07:00,2.49
07/11/2023 07:15,2.49
07/11/2023 07:30,2.48
07/11/2023 07:45,2.48
07/11/2023 08:00,2.49
07/11/2023 08:15,2.47
07/11/2023 08:30,2.47
07/11/2023 08:45,2.47
07/11/2023 09:00,2.47
07/11/2023 09:15,2.46
07/11/2023 09:30,2.46
07/11/2023 09:45,2.46
07/11/2023 10:00,2.46
07/11/2023 10:15,2.45
07/11/2023 10:30,2.45
07/11/2023 10:45,2.45
07/11/2023 11:00,2.44
07/11/2023 11:15,2.43
07/11/2023 11:30,2.43
07/11/2023 11:45,2.43
07/11/2023 12:00,2.42
07/11/2023 12:15,2.42
07/11/2023 12:30,2.42
07/11/2023 12:45,2.41
07/11/2023 13:00,2.4
07/11/2023 13:15,2.4
07/11/2023 13:30,2.39
07/11/2023 13:45,2.39
07/11/2023 14:00,2.38
07/11/2023 14:15,2.38
07/11/2023 14:30,2.37
07/11/2023 14:45,2.38
07/11/2023 15:00,2.37
07/11/2023 15:15,2.36
07/11/2023 15:30,2.36
07/11/2023 15:45,2.35
07/11/2023 16:00,2.35
07/11/2023 16:15,2.35
07/11/2023 16:30,2.34
07/11/2023 16:45,2.34
07/11/2023 17:00,2.34
07/11/2023 17:15,2.33
07/11/2023 17:30,2.32
07/11/2023 17:45,2.33
07/11/2023 18:00,2.32
07/11/2023 18:15,2.32
07/11/2023 18:30,2.32
07/11/2023 18:45,2.32
07/11/2023 19:00,2.31
07/11/2023 19:15,2.31
07/11/2023 19:30,2.31
07/11/2023 19:45,2.3
07/11/2023 20:00,2.3
07/11/2023 20:15,2.3
07/11/2023 20:30,2.29
07/11/2023 20:45,2.29
07/11/2023 21:00,2.29
07/11/2023 21:15,2.3
07/11/2023 21:30,2.29
07/11/2023 21:45,2.3
07/11/2023 22:00,2.29
07/11/2023 22:15,2.29
07/11/2023 22:30,2.29
07/11/2023 22:45,2.28
07/11/2023 23:00,2.29
07/11/2023 23:15,2.29
07/11/2023 23:30,2.28
07/11/2023 23:45,2.28
08/11/2023 00:00,2.28
08/11/2023 00:15,2.28
08/11/2023 00:30,2.28
08/11/2023 00:45,2.28
08/11/2023 01:00,2.27
08/11/2023 01:15,2.27
08/11/2023 01:30,2.27
08/11/2023 01:45,2.28
08/11/2023 02:00,2.27
08/11/2023 02:15,2.27
08/11/2023 02:30,2.27
08/11/2023 02:45,2.26
08/11/2023 03:00,2.26
08/11/2023 03:15,2.26
08/11/2023 03:30,2.26
08/11/2023 03:45,2.26
08/11/2023 04:00,2.25
08/11/2023 04:15,2.26
08/11/2023 04:30,2.25
08/11/2023 04:45,2.25
08/11/2023 05:00,2.25
08/11/2023 05:15,2.25
08/11/2023 05:30,2.25
08/11/2023 05:45,2.25
08/11/2023 06:00,2.25
08/11/2023 06:15,2.25
08/11/2023 06:30,2.25
08/11/2023 06:45,2.26
08/11/2023 07:00,2.24
08/11/2023 07:15,2.24
08/11/2023 07:30,2.24
08/11/2023 07:45,2.25
08/11/2023 08:00,2.24
08/11/2023 08:15,2.25
08/11/2023 08:30,2.25
08/11/2023 08:45,2.25
08/11/2023 09:00,2.25
08/11/2023 09:15,2.25
08/11/2023 09:30,2.25
08/11/2023 09:45,2.26
08/11/2023 10:00,2.25
08/11/2023 10:15,2.26
08/11/2023 10:30,2.26
08/11/2023 10:45,2.27
08/11/2023 11:00,2.27
08/11/2023 11:15,2.27
08/11/2023 11:30,2.27
08/11/2023 11:45,2.27
08/11/2023 12:00,2.28
08/11/2023 12:15,2.29
08/11/2023 12:30,2.28
08/11/2023 12:45,2.29
08/11/2023 13:00,2.28
08/11/2023 13:15,2.29
08/11/2023 13:30,2.29
08/11/2023 13:45,2.29
08/11/2023 14:00,2.3
08/11/2023 14:15,2.3
08/11/2023 14:30,2.3
08/11/2023 14:45,2.3
08/11/2023 15:00,2.31
08/11/2023 15:15,2.3
08/11/2023 15:30,2.3
08/11/2023 15:45,2.3
08/11/2023 16:00,2.3
08/11/2023 16:15,2.3
08/11/2023 16:30,2.31
08/11/2023 16:45,2.29
08/11/2023 17:00,2.29
08/11/2023 17:15,2.29
08/11/2023 17:30,2.3
08/11/2023 17:45,2.29
08/11/2023 18:00,2.28
08/11/2023 18:15,2.29
08/11/2023 18:30,2.28
08/11/2023 18:45,2.29
08/11/2023 19:00,2.28
08/11/2023 19:15,2.28
08/11/2023 19:30,2.27
08/11/2023 19:45,2.26
08/11/2023 20:00,2.25
08/11/2023 20:15,2.26
08/11/2023 20:30,2.25
08/11/2023 20:45,2.24
08/11/2023 21:00,2.24
08/11/2023 21:15,2.23
08/11/2023 21:30,2.23
08/11/2023 21:45,2.22
08/11/2023 22:00,2.22
08/11/2023 22:15,2.22
08/11/2023 22:30,2.21
08/11/2023 22:45,2.2
08/11/2023 23:00,2.2
08/11/2023 23:15,2.19
08/11/2023 23:30,2.19
08/11/2023 23:45,2.2
09/11/2023 00:00,2.18
09/11/2023 00:15,2.18
09/11/2023 00:30,2.17
09/11/2023 00:45,2.17
09/11/2023 01:00,2.16
09/11/2023 01:15,2.16
09/11/2023 01:30,2.15
09/11/2023 01:45,2.15
09/11/2023 02:00,2.14
09/11/2023 02:15,2.14
09/11/2023 02:30,2.14
09/11/2023 02:45,2.14
09/11/2023 03:00,2.13
09/11/2023 03:15,2.13
09/11/2023 03:30,2.13
09/11/2023 03:45,2.13
09/11/2023 04:00,2.13
09/11/2023 04:15,2.13
09/11/2023 04:30,2.12
09/11/2023 04:45,2.13
09/11/2023 05:00,2.13
09/11/2023 05:15,2.13
09/11/2023 05:30,2.13
09/11/2023 05:45,2.13
09/11/2023 06:00,2.13
09/11/2023 06:15,2.14
09/11/2023 06:30,2.15
09/11/2023 06:45,2.15
09/11/2023 07:00,2.15
09/11/2023 07:15,2.16
09/11/2023 07:30,2.16
09/11/2023 07:45,2.15
09/11/2023 08:00,2.16
09/11/2023 08:15,2.17
09/11/2023 08:30,2.17
09/11/2023 08:45,2.17
09/11/2023 09:00,2.18
09/11/2023 09:15,2.17
09/11/2023 09:30,2.19
09/11/2023 09:45,2.19
09/11/2023 10:00,2.19
09/11/2023 10:15,2.2
09/11/2023 10:30,2.2
09/11/2023 10:45,2.2
09/11/2023 11:00,2.2
09/11/2023 11:15,2.2
09/11/2023 11:30,2.21
09/11/2023 11:45,2.21
09/11/2023 12:00,2.21
09/11/2023 12:15,2.21
09/11/2023 12:30,2.21
09/11/2023 12:45,2.21
09/11/2023 13:00,2.22
09/11/2023 13:15,2.22
09/11/2023 13:30,2.22
09/11/2023 13:45,2.22
09/11/2023 14:00,2.22
09/11/2023 14:15,2.22
09/11/2023 14:30,2.21
09/11/2023 14:45,2.22
09/11/2023 15:00,2.21
09/11/2023 15:15,2.22
09/11/2023 15:30,2.21
09/11/2023 15:45,2.2
09/11/2023 16:00,2.2
09/11/2023 16:15,2.2
09/11/2023 16:30,2.2
09/11/2023 16:45,2.18
09/11/2023 17:00,2.19
09/11/2023 17:15,2.19
09/11/2023 17:30,2.18
09/11/2023 17:45,2.18
09/11/2023 18:00,2.18
09/11/2023 18:15,2.16
09/11/2023 18:30,2.17
09/11/2023 18:45,2.16
09/11/2023 19:00,2.16
09/11/2023 19:15,2.15
09/11/2023 19:30,2.15
09/11/2023 19:45,2.15
09/11/2023 20:00,2.14
09/11/2023 20:15,2.14
09/11/2023 20:30,2.14
09/11/2023 20:45,2.13
09/11/2023 21:00,2.13
09/11/2023 21:15,2.14
09/11/2023 21:30,2.12
09/11/2023 21:45,2.12
09/11/2023 22:00,2.12
09/11/2023 22:15,2.12
09/11/2023 22:30,2.11
09/11/2023 22:45,2.11
09/11/2023 23:00,2.11
09/11/2023 23:15,2.12
09/11/2023 23:30,2.11
09/11/2023 23:45,2.11
10/11/2023 00:00,2.1
10/11/2023 00:15,2.11
10/11/2023 00:30,2.1
10/11/2023 00:45,2.11
10/11/2023 01:00,2.11
10/11/2023 01:15,2.11
10/11/2023 01:30,2.11
10/11/2023 01:45,2.1
10/11/2023 02:00,2.12
10/11/2023 02:15,2.1
10/11/2023 02:30,2.11
10/11/2023 02:45,2.11
10/11/2023 03:00,2.11
10/11/2023 03:15,2.1
10/11/2023 03:30,2.11
10/11/2023 03:45,2.11
10/11/2023 04:00,2.11
10/11/2023 04:15,2.11
10/11/2023 04:30,2.11
10/11/2023 04:45,2.12
10/11/2023 05:00,2.11
10/11/2023 05:15,2.11
10/11/2023 05:30,2.12
10/11/2023 05:45,2.12
10/11/2023 06:00,2.11
10/11/2023 06:15,2.12
10/11/2023 06:30,2.12
10/11/2023 06:45,2.12
10/11/2023 07:00,2.13
10/11/2023 07:15,2.12
10/11/2023 07:30,2.13
10/11/2023 07:45,2.14
10/11/2023 08:00,2.13
10/11/2023 08:15,2.13
10/11/2023 08:30,2.13
10/11/2023 08:45,2.13
10/11/2023 09:00,2.13
10/11/2023 09:15,2.14
10/11/2023 09:30,2.14
10/11/2023 09:45,2.14
10/11/2023 10:00,2.14
10/11/2023 10:15,2.14
10/11/2023 10:30,2.13
10/11/2023 10:45,2.13
10/11/2023 11:00,2.14
10/11/2023 11:15,2.15
10/11/2023 11:30,2.15
10/11/2023 11:45,2.15
10/11/2023 12:00,2.16
10/11/2023 12:15,2.16
10/11/2023 12:30,2.15
10/11/2023 12:45,2.15
10/11/2023 13:00,2.16
10/11/2023 13:15,2.16
10/11/2023 13:30,2.16
10/11/2023 13:45,2.16
10/11/2023 14:00,2.16
10/11/2023 14:15,2.17
10/11/2023 14:30,2.19
10/11/2023 14:45,2.18
10/11/2023 15:00,2.18
10/11/2023 15:15,2.18
10/11/2023 15:30,2.19
10/11/2023 15:45,2.19
10/11/2023 16:00,2.2
10/11/2023 16:15,2.2
10/11/2023 16:30,2.21
10/11/2023 16:45,2.21
10/11/2023 17:00,2.22
10/11/2023 17:15,2.23
10/11/2023 17:30,2.24
10/11/2023 17:45,2.24
10/11/2023 18:00,2.25
10/11/2023 18:15,2.25
10/11/2023 18:30,2.26
10/11/2023 18:45,2.26
10/11/2023 19:00,2.28
10/11/2023 19:15,2.28
10/11/2023 19:30,2.28
10/11/2023 19:45,2.28
10/11/2023 20:00,2.3
10/11/2023 20:15,2.3
10/11/2023 20:30,2.31
10/11/2023 20:45,2.31
10/11/2023 21:00,2.32
10/11/2023 21:15,2.32
10/11/2023 21:30,2.33
10/11/2023 21:45,2.34
10/11/2023 22:00,2.34
10/11/2023 22:15,2.35
10/11/2023 22:30,2.35
10/11/2023 22:45,2.37
10/11/2023 23:00,2.38
10/11/2023 23:15,2.39
10/11/2023 23:30,2.4
10/11/2023 23:45,2.41
11/11/2023 00:00,2.42
11/11/2023 00:15,2.42
11/11/2023 00:30,2.44
11/11/2023 00:45,2.45
11/11/2023 01:00,2.47
11/11/2023 01:15,2.47
11/11/2023 01:30,2.49
11/11/2023 01:45,2.51
11/11/2023 02:00,2.52
11/11/2023 02:15,2.54
11/11/2023 02:30,2.56
11/11/2023 02:45,2.57
11/11/2023 03:00,2.58
11/11/2023 03:15,2.6
11/11/2023 03:30,2.62
11/11/2023 03:45,2.64
11/11/2023 04:00,2.65
11/11/2023 04:15,2.67
11/11/2023 04:30,2.68
11/11/2023 04:45,2.71
11/11/2023 05:00,2.72
11/11/2023 05:15,2.74
11/11/2023 05:30,2.77
11/11/2023 05:45,2.76
11/11/2023 06:00,2.79
11/11/2023 06:15,2.79
11/11/2023 06:30,2.82
11/11/2023 06:45,2.82
11/11/2023 07:00,2.83
11/11/2023 07:15,2.84
11/11/2023 07:30,2.86
11/11/2023 07:45,2.87
11/11/2023 08:00,2.88
11/11/2023 08:15,2.9
11/11/2023 08:30,2.9
11/11/2023 08:45,2.92
11/11/2023 09:00,2.92
11/11/2023 09:15,2.92
11/11/2023 09:30,2.93
11/11/2023 09:45,2.93
11/11/2023 10:00,2.94
11/11/2023 10:15,2.95
11/11/2023 10:30,2.93
11/11/2023 10:45,2.94
11/11/2023 11:00,2.95
11/11/2023 11:15,2.95
11/11/2023 11:30,2.95
11/11/2023 11:45,2.95
11/11/2023 12:00,2.94
11/11/2023 12:15,2.95
11/11/2023 12:30,2.94
11/11/2023 12:45,2.93
11/11/2023 13:00,2.93
11/11/2023 13:15,2.91
11/11/2023 13:30,2.93
11/11/2023 13:45,2.92
11/11/2023 14:00,2.91
11/11/2023 14:15,2.9
11/11/2023 14:30,2.9
11/11/2023 14:45,2.88
11/11/2023 15:00,2.88
11/11/2023 15:15,2.88
11/11/2023 15:30,2.85
11/11/2023 15:45,2.84
11/11/2023 16:00,2.84
11/11/2023 16:15,2.83
11/11/2023 16:30,2.81
11/11/2023 16:45,2.8
11/11/2023 17:00,2.79
11/11/2023 17:15,2.78
11/11/2023 17:30,2.76
11/11/2023 17:45,2.77
11/11/2023 18:00,2.74
11/11/2023 18:15,2.73
11/11/2023 18:30,2.71
11/11/2023 18:45,2.7
11/11/2023 19:00,2.69
11/11/2023 19:15,2.67
11/11/2023 19:30,2.66
11/11/2023 19:45,2.65
11/11/2023 20:00,2.63
11/11/2023 20:15,2.63
11/11/2023 20:30,2.61
11/11/2023 20:45,2.59
11/11/2023 21:00,2.58
11/11/2023 21:15,2.58
11/11/2023 21:30,2.56
11/11/2023 21:45,2.55
11/11/2023 22:00,2.53
11/11/2023 22:15,2.52
11/11/2023 22:30,2.51
11/11/2023 22:45,2.49
11/11/2023 23:00,2.48
11/11/2023 23:15,2.47
11/11/2023 23:30,2.45
11/11/2023 23:45,2.45
12/11/2023 00:00,2.44
12/11/2023 00:15,2.43
12/11/2023 00:30,2.41
12/11/2023 00:45,2.4
12/11/2023 01:00,2.39
12/11/2023 01:15,2.39
12/11/2023 01:30,2.38
12/11/2023 01:45,2.37
12/11/2023 02:00,2.36
12/11/2023 02:15,2.35
12/11/2023 02:30,2.33
12/11/2023 02:45,2.34
12/11/2023 03:00,2.32
12/11/2023 03:15,2.31
12/11/2023 03:30,2.31
12/11/2023 03:45,2.29
12/11/2023 04:00,2.29
12/11/2023 04:15,2.28
12/11/2023 04:30,2.27
12/11/2023 04:45,2.26
12/11/2023 05:00,2.26
12/11/2023 05:15,2.24
12/11/2023 05:30,2.24
12/11/2023 05:45,2.23
12/11/2023 06:00,2.22
12/11/2023 06:15,2.22
12/11/2023 06:30,2.22
12/11/2023 06:45,2.2
12/11/2023 07:00,2.19
12/11/2023 07:15,2.19
12/11/2023 07:30,2.18
12/11/2023 07:45,2.17
12/11/2023 08:00,2.16
12/11/2023 08:15,2.16
12/11/2023 08:30,2.15
12/11/2023 08:45,2.14
12/11/2023 09:00,2.14
12/11/2023 09:15,2.14
12/11/2023 09:30,2.13
12/11/2023 09:45,2.12
12/11/2023 10:00,2.12
12/11/2023 10:15,2.1
12/11/2023 10:30,2.11
12/11/2023 10:45,2.1
12/11/2023 11:00,2.09
12/11/2023 11:15,2.09
12/11/2023 11:30,2.08
12/11/2023 11:45,2.07
12/11/2023 12:00,2.06
12/11/2023 12:15,2.07
12/11/2023 12:30,2.06
12/11/2023 12:45,2.06
12/11/2023 13:00,2.04
12/11/2023 13:15,2.04
12/11/2023 13:30,2.03
12/11/2023 13:45,2.02
12/11/2023 14:00,2.02
12/11/2023 14:15,2.02
12/11/2023 14:30,2.01
12/11/2023 14:45,2.01
12/11/2023 15:00,2
12/11/2023 15:15,2.01
12/11/2023 15:30,2
12/11/2023 15:45,1.99
12/11/2023 16:00,1.99
12/11/2023 16:15,1.98
12/11/2023 16:30,1.98
12/11/2023 16:45,1.97
12/11/2023 17:00,1.97
12/11/2023 17:15,1.97
12/11/2023 17:30,1.96
12/11/2023 17:45,1.96
12/11/2023 18:00,1.95
12/11/2023 18:15,1.95
12/11/2023 18:30,1.95
12/11/2023 18:45,1.93
12/11/2023 19:00,1.93
12/11/2023 19:15,1.92
12/11/2023 19:30,1.93
12/11/2023 19:45,1.92
12/11/2023 20:00,1.92
12/11/2023 20:15,1.91
12/11/2023 20:30,1.91
12/11/2023 20:45,1.91
12/11/2023 21:00,1.91
12/11/2023 21:15,1.91
12/11/2023 21:30,1.9
12/11/2023 21:45,1.89
12/11/2023 22:00,1.89
12/11/2023 22:15,1.89
12/11/2023 22:30,1.89
12/11/2023 22:45,1.88
12/11/2023 23:00,1.88
12/11/2023 23:15,1.88
12/11/2023 23:30,1.87
12/11/2023 23:45,1.87
13/11/2023 00:00,1.87
13/11/2023 00:15,1.86
13/11/2023 00:30,1.86
13/11/2023 00:45,1.86
13/11/2023 01:00,1.86
13/11/2023 01:15,1.86
13/11/2023 01:30,1.85
13/11/2023 01:45,1.85
13/11/2023 02:00,1.84
13/11/2023 02:15,1.84
13/11/2023 02:30,1.84
13/11/2023 02:45,1.85
13/11/2023 03:00,1.85
13/11/2023 03:15,1.85
13/11/2023 03:30,1.84
13/11/2023 03:45,1.84
13/11/2023 04:00,1.83
13/11/2023 04:15,1.84
13/11/2023 04:30,1.85
13/11/2023 04:45,1.84
13/11/2023 05:00,1.84
13/11/2023 05:15,1.84
13/11/2023 05:30,1.85
13/11/2023 05:45,1.84
13/11/2023 06:00,1.84
13/11/2023 06:15,1.85
13/11/2023 06:30,1.84
13/11/2023 06:45,1.86
13/11/2023 07:00,1.85
13/11/2023 07:15,1.85
13/11/2023 07:30,1.85
13/11/2023 07:45,1.85
13/11/2023 08:00,1.86
13/11/2023 08:15,1.85
13/11/2023 08:30,1.86
13/11/2023 08:45,1.86
13/11/2023 09:00,1.87
13/11/2023 09:15,1.86
13/11/2023 09:30,1.86
13/11/2023 09:45,1.87
13/11/2023 10:00,1.88
13/11/2023 10:15,1.88
13/11/2023 10:30,1.89
13/11/2023 10:45,1.89
13/11/2023 11:00,1.89
13/11/2023 11:15,1.9
13/11/2023 11:30,1.9
13/11/2023 11:45,1.91
13/11/2023 12:00,1.9
13/11/2023 12:15,1.91
13/11/2023 12:30,1.91
13/11/2023 12:45,1.92
13/11/2023 13:00,1.93
13/11/2023 13:15,1.92
13/11/2023 13:30,1.93
13/11/2023 13:45,1.93
13/11/2023 14:00,1.93
13/11/2023 14:15,1.93
13/11/2023 14:30,1.95
13/11/2023 14:45,1.95
13/11/2023 15:00,1.95
13/11/2023 15:15,1.95
13/11/2023 15:30,1.96
13/11/2023 15:45,1.95
13/11/2023 16:00,1.97
13/11/2023 16:15,1.96
13/11/2023 16:30,1.97
13/11/2023 16:45,1.97
13/11/2023 17:00,1.98
13/11/2023 17:15,1.98
13/11/2023 17:30,1.98
13/11/2023 17:45,1.99
13/11/2023 18:00,2
13/11/2023 18:15,2
13/11/2023 18:30,2
13/11/2023 18:45,2
13/11/2023 19:00,2.01
13/11/2023 19:15,2.02
13/11/2023 19:30,2.02
13/11/2023 19:45,2.02
13/11/2023 20:00,2.03
13/11/2023 20:15,2.03
13/11/2023 20:30,2.04
13/11/2023 20:45,2.04
13/11/2023 21:00,2.05
13/11/2023 21:15,2.06
13/11/2023 21:30,2.06
13/11/2023 21:45,2.07
13/11/2023 22:00,2.08
13/11/2023 22:15,2.09
13/11/2023 22:30,2.09
13/11/2023 22:45,2.1
13/11/2023 23:00,2.12
13/11/2023 23:15,2.13
13/11/2023 23:30,2.14
13/11/2023 23:45,2.16
14/11/2023 00:00,2.16
14/11/2023 00:15,2.18
14/11/2023 00:30,2.21
14/11/2023 00:45,2.22
14/11/2023 01:00,2.24
14/11/2023 01:15,2.27
14/11/2023 01:30,2.29
14/11/2023 01:45,2.32
14/11/2023 02:00,2.33
14/11/2023 02:15,2.37
14/11/2023 02:30,2.38
14/11/2023 02:45,2.41
14/11/2023 03:00,2.43
14/11/2023 03:15,2.46
14/11/2023 03:30,2.49
14/11/2023 03:45,2.52
14/11/2023 04:00,2.54
14/11/2023 04:15,2.57
14/11/2023 04:30,2.58
14/11/2023 04:45,2.6
14/11/2023 05:00,2.64
14/11/2023 05:15,2.66
14/11/2023 05:30,2.69
14/11/2023 05:45,2.71
14/11/2023 06:00,2.73
14/11/2023 06:15,2.76
14/11/2023 06:30,2.76
14/11/2023 06:45,2.79
14/11/2023 07:00,2.81
14/11/2023 07:15,2.82
14/11/2023 07:30,2.84
14/11/2023 07:45,2.85
14/11/2023 08:00,2.88
14/11/2023 08:15,2.88
14/11/2023 08:30,2.89
14/11/2023 08:45,2.9
14/11/2023 09:00,2.9
14/11/2023 09:15,2.92
14/11/2023 09:30,2.93
14/11/2023 09:45,2.95
14/11/2023 10:00,2.94
14/11/2023 10:15,2.95
14/11/2023 10:30,2.96
14/11/2023 10:45,2.97
14/11/2023 11:00,2.96
14/11/2023 11:15,2.96
14/11/2023 11:30,2.97
14/11/2023 11:45,2.97
14/11/2023 12:00,2.97
14/11/2023 12:15,2.97
14/11/2023 12:30,2.97
14/11/2023 12:45,2.97
14/11/2023 13:00,2.97
14/11/2023 13:15,2.97
14/11/2023 13:30,2.96
14/11/2023 13:45,2.96
14/11/2023 14:00,2.96
14/11/2023 14:15,2.95
14/11/2023 14:30,2.96
14/11/2023 14:45,2.96
14/11/2023 15:00,2.96
14/11/2023 15:15,2.96
14/11/2023 15:30,2.96
14/11/2023 15:45,2.95
14/11/2023 16:00,2.96
14/11/2023 16:15,2.96
14/11/2023 16:30,2.95
14/11/2023 16:45,2.95
14/11/2023 17:00,2.97
14/11/2023 17:15,2.95
14/11/2023 17:30,2.96
14/11/2023 17:45,2.95
14/11/2023 18:00,2.96
14/11/2023 18:15,2.95
14/11/2023 18:30,2.97
14/11/2023 18:45,2.98
14/11/2023 19:00,2.97
14/11/2023 19:15,2.98
14/11/2023 19:30,2.98
14/11/2023 19:45,2.99
14/11/2023 20:00,3
14/11/2023 20:15,3.01
14/11/2023 20:30,3
14/11/2023 20:45,3
14/11/2023 21:00,3.01
14/11/2023 21:15,3
14/11/2023 21:30,3.02
14/11/2023 21:45,3.03
14/11/2023 22:00,3.04
14/11/2023 22:15,3.04
14/11/2023 22:30,3.05
14/11/2023 22:45,3.05
14/11/2023 23:00,3.05
14/11/2023 23:15,3.05
14/11/2023 23:30,3.07
14/11/2023 23:45,3.06
15/11/2023 00:00,3.07
15/11/2023 00:15,3.08
15/11/2023 00:30,3.07
15/11/2023 00:45,3.09
15/11/2023 01:00,3.09
15/11/2023 01:15,3.1
15/11/2023 01:30,3.09
15/11/2023 01:45,3.11
15/11/2023 02:00,3.11
15/11/2023 02:15,3.11
15/11/2023 02:30,3.11
15/11/2023 02:45,3.12
15/11/2023 03:00,3.13
15/11/2023 03:15,3.13
15/11/2023 03:30,3.15
15/11/2023 03:45,3.13
15/11/2023 04:00,3.14
15/11/2023 04:15,3.15
15/11/2023 04:30,3.16
15/11/2023 04:45,3.16
15/11/2023 05:00,3.18
15/11/2023 05:15,3.17
15/11/2023 05:30,3.18
15/11/2023 05:45,3.2
15/11/2023 06:00,3.18
15/11/2023 06:15,3.19
15/11/2023 06:30,3.19
15/11/2023 06:45,3.2
15/11/2023 07:00,3.2
15/11/2023 07:15,3.21
15/11/2023 07:30,3.21
15/11/2023 07:45,3.21
15/11/2023 08:00,3.2
15/11/2023 08:15,3.21
15/11/2023 08:30,3.22
15/11/2023 08:45,3.21
15/11/2023 09:00,3.22
15/11/2023 09:15,3.21
15/11/2023 09:30,3.2
15/11/2023 09:45,3.23
15/11/2023 10:00,3.22
15/11/2023 10:15,3.24
15/11/2023 10:30,3.24
15/11/2023 10:45,3.23
15/11/2023 11:00,3.22
15/11/2023 11:15,3.22
15/11/2023 11:30,3.21
15/11/2023 11:45,3.23
15/11/2023 12:00,3.22
15/11/2023 12:15,3.21
15/11/2023 12:30,3.21
15/11/2023 12:45,3.23
15/11/2023 13:00,3.21
15/11/2023 13:15,3.2
15/11/2023 13:30,3.2
15/11/2023 13:45,3.23
15/11/2023 14:00,3.2
15/11/2023 14:15,3.18
15/11/2023 14:30,3.17
15/11/2023 14:45,3.17
15/11/2023 15:00,3.16
15/11/2023 15:15,3.17
15/11/2023 15:30,3.15
15/11/2023 15:45,3.13
15/11/2023 16:00,3.14
15/11/2023 16:15,3.13
15/11/2023 16:30,3.12
15/11/2023 16:45,3.11
15/11/2023 17:00,3.1
15/11/2023 17:15,3.1
15/11/2023 17:30,3.09
15/11/2023 17:45,3.08
15/11/2023 18:00,3.06
15/11/2023 18:15,3.04
15/11/2023 18:30,3.04
15/11/2023 18:45,3.04
15/11/2023 19:00,3.04
15/11/2023 19:15,3.02
15/11/2023 19:30,3
15/11/2023 19:45,2.98
15/11/2023 20:00,2.99
15/11/2023 20:15,2.97
15/11/2023 20:30,2.96
15/11/2023 20:45,2.94
15/11/2023 21:00,2.93
15/11/2023 21:15,2.92
15/11/2023 21:30,2.91
15/11/2023 21:45,2.9
15/11/2023 22:00,2.89
15/11/2023 22:15,2.89
15/11/2023 22:30,2.86
15/11/2023 22:45,2.86
15/11/2023 23:00,2.84
15/11/2023 23:15,2.83
15/11/2023 23:30,2.82
15/11/2023 23:45,2.81
16/11/2023 00:00,2.8
16/11/2023 00:15,2.8
16/11/2023 00:30,2.78
16/11/2023 00:45,2.76
16/11/2023 01:00,2.75
16/11/2023 01:15,2.75
16/11/2023 01:30,2.74
16/11/2023 01:45,2.73
16/11/2023 02:00,2.72
16/11/2023 02:15,2.71
16/11/2023 02:30,2.7
16/11/2023 02:45,2.69
16/11/2023 03:00,2.68
16/11/2023 03:15,2.68
16/11/2023 03:30,2.66
16/11/2023 03:45,2.66
16/11/2023 04:00,2.65
16/11/2023 04:15,2.63
16/11/2023 04:30,2.63
16/11/2023 04:45,2.61
16/11/2023 05:00,2.6
16/11/2023 05:15,2.59
16/11/2023 05:30,2.6
16/11/2023 05:45,2.59
16/11/2023 06:00,2.57
16/11/2023 06:15,2.56
16/11/2023 06:30,2.56
16/11/2023 06:45,2.55
16/11/2023 07:00,2.54
16/11/2023 07:15,2.53
16/11/2023 07:30,2.53
16/11/2023 07:45,2.53
16/11/2023 08:00,2.51
16/11/2023 08:15,2.5
16/11/2023 08:30,2.5
16/11/2023 08:45,2.49
16/11/2023 09:00,2.48
16/11/2023 09:15,2.47
16/11/2023 09:30,2.46
16/11/2023 09:45,2.47
16/11/2023 10:00,2.46
16/11/2023 10:15,2.45
16/11/2023 10:30,2.44
16/11/2023 10:45,2.43
16/11/2023 11:00,2.43
16/11/2023 11:15,2.42
16/11/2023 11:30,2.41
16/11/2023 11:45,2.41
16/11/2023 12:00,2.41
16/11/2023 12:15,2.39
16/11/2023 12:30,2.38
16/11/2023 12:45,2.37
16/11/2023 13:00,2.37
16/11/2023 13:15,2.37
16/11/2023 13:30,2.36
16/11/2023 13:45,2.35
16/11/2023 14:00,2.34
16/11/2023 14:15,2.34
16/11/2023 14:30,2.33
16/11/2023 14:45,2.32
16/11/2023 15:00,2.31
16/11/2023 15:15,2.31
16/11/2023 15:30,2.3
16/11/2023 15:45,2.29
16/11/2023 16:00,2.28
16/11/2023 16:15,2.29
16/11/2023 16:30,2.28
16/11/2023 16:45,2.26
16/11/2023 17:00,2.25
16/11/2023 17:15,2.25
16/11/2023 17:30,2.25
16/11/2023 17:45,2.23
16/11/2023 18:00,2.23
16/11/2023 18:15,2.23
16/11/2023 18:30,2.23
16/11/2023 18:45,2.21
16/11/2023 19:00,2.21
16/11/2023 19:15,2.2
16/11/2023 19:30,2.19
16/11/2023 19:45,2.19
16/11/2023 20:00,2.18
16/11/2023 20:15,2.18
16/11/2023 20:30,2.17
16/11/2023 20:45,2.16
16/11/2023 21:00,2.15
16/11/2023 21:15,2.16
16/11/2023 21:30,2.14
16/11/2023 21:45,2.14
16/11/2023 22:00,2.14
16/11/2023 22:15,2.13
16/11/2023 22:30,2.12
16/11/2023 22:45,2.12
16/11/2023 23:00,2.12
16/11/2023 23:15,2.1
16/11/2023 23:30,2.11
16/11/2023 23:45,2.1
17/11/2023 00:00,2.1
17/11/2023 00:15,2.09
17/11/2023 00:30,2.09
17/11/2023 00:45,2.08
17/11/2023 01:00,2.08
17/11/2023 01:15,2.07
17/11/2023 01:30,2.07
17/11/2023 01:45,2.07
17/11/2023 02:00,2.06
17/11/2023 02:15,2.05
17/11/2023 02:30,2.05
17/11/2023 02:45,2.05
17/11/2023 03:00,2.04
17/11/2023 03:15,2.04
17/11/2023 03:30,2.04
17/11/2023 03:45,2.03
17/11/2023 04:00,2.02
17/11/2023 04:15,2.02
17/11/2023 04:30,2.02
17/11/2023 04:45,2.01
17/11/2023 05:00,2.01
17/11/2023 05:15,2.01
17/11/2023 05:30,2
17/11/2023 05:45,1.99
17/11/2023 06:00,1.99
17/11/2023 06:15,1.99
17/11/2023 06:30,1.98
17/11/2023 06:45,1.98
17/11/2023 07:00,1.98
17/11/2023 07:15,1.97
17/11/2023 07:30,1.97
17/11/2023 07:45,1.97
17/11/2023 08:00,1.96
17/11/2023 08:15,1.95
17/11/2023 08:30,1.96
17/11/2023 08:45,1.95
17/11/2023 09:00,1.95
17/11/2023 09:15,1.94
17/11/2023 09:30,1.94
17/11/2023 09:45,1.94
17/11/2023 10:00,1.92
17/11/2023 10:15,1.92
17/11/2023 10:30,1.93
17/11/2023 10:45,1.92
17/11/2023 11:00,1.92
17/11/2023 11:15,1.91
17/11/2023 11:30,1.91
17/11/2023 11:45,1.9
17/11/2023 12:00,1.9
17/11/2023 12:15,1.9
17/11/2023 12:30,1.9
17/11/2023 12:45,1.9
17/11/2023 13:00,1.89
17/11/2023 13:15,1.88
17/11/2023 13:30,1.88
17/11/2023 13:45,1.87
17/11/2023 14:00,1.88
17/11/2023 14:15,1.88
17/11/2023 14:30,1.87
17/11/2023 14:45,1.87
17/11/2023 15:00,1.87
17/11/2023 15:15,1.86
17/11/2023 15:30,1.86
17/11/2023 15:45,1.86
17/11/2023 16:00,1.85
17/11/2023 16:15,1.85
17/11/2023 16:30,1.85
17/11/2023 16:45,1.85
17/11/2023 17:00,1.85
17/11/2023 17:15,1.84
17/11/2023 17:30,1.84
17/11/2023 17:45,1.84
17/11/2023 18:00,1.84
17/11/2023 18:15,1.83
17/11/2023 18:30,1.83
17/11/2023 18:45,1.83
17/11/2023 19:00,1.83
17/11/2023 19:15,1.83
17/11/2023 19:30,1.82
17/11/2023 19:45,1.82
17/11/2023 20:00,1.82
17/11/2023 20:15,1.82
17/11/2023 20:30,1.82
17/11/2023 20:45,1.82
17/11/2023 21:00,1.82
17/11/2023 21:15,1.82
17/11/2023 21:30,1.81
17/11/2023 21:45,1.82
17/11/2023 22:00,1.81
17/11/2023 22:15,1.81
17/11/2023 22:30,1.81
17/11/2023 22:45,1.81
17/11/2023 23:00,1.81
17/11/2023 23:15,1.81
17/11/2023 23:30,1.81
17/11/2023 23:45,1.8
18/11/2023 00:00,1.8
18/11/2023 00:15,1.8
18/11/2023 00:30,1.8
18/11/2023 00:45,1.8
18/11/2023 01:00,1.8
18/11/2023 01:15,1.8
18/11/2023 01:30,1.8
18/11/2023 01:45,1.8
18/11/2023 02:00,1.81
18/11/2023 02:15,1.8
18/11/2023 02:30,1.8
18/11/2023 02:45,1.8
18/11/2023 03:00,1.8
18/11/2023 03:15,1.8
18/11/2023 03:30,1.8
18/11/2023 03:45,1.8
18/11/2023 04:00,1.8
18/11/2023 04:15,1.79
18/11/2023 04:30,1.79
18/11/2023 04:45,1.8
18/11/2023 05:00,1.79
18/11/2023 05:15,1.8
18/11/2023 05:30,1.79
18/11/2023 05:45,1.8
18/11/2023 06:00,1.79
18/11/2023 06:15,1.8
18/11/2023 06:30,1.79
18/11/2023 06:45,1.8
18/11/2023 07:00,1.79
18/11/2023 07:15,1.8
18/11/2023 07:30,1.8
18/11/2023 07:45,1.79
18/11/2023 08:00,1.8
18/11/2023 08:15,1.79
18/11/2023 08:30,1.8
18/11/2023 08:45,1.8
18/11/2023 09:00,1.8
18/11/2023 09:15,1.8
18/11/2023 09:30,1.8
18/11/2023 09:45,1.79
18/11/2023 10:00,1.8
18/11/2023 10:15,1.8
18/11/2023 10:30,1.8
18/11/2023 10:45,1.8
18/11/2023 11:00,1.8
18/11/2023 11:15,1.8
18/11/2023 11:30,1.81
18/11/2023 11:45,1.81
18/11/2023 12:00,1.8
18/11/2023 12:15,1.81
18/11/2023 12:30,1.8
18/11/2023 12:45,1.8
18/11/2023 13:00,1.8
18/11/2023 13:15,1.8
18/11/2023 13:30,1.8
18/11/2023 13:45,1.8
18/11/2023 14:00,1.8
18/11/2023 14:15,1.8
18/11/2023 14:30,1.79
18/11/2023 14:45,1.8
18/11/2023 15:00,1.79
18/11/2023 15:15,1.79
18/11/2023 15:30,1.79
18/11/2023 15:45,1.79
18/11/2023 16:00,1.79
18/11/2023 16:15,1.79
18/11/2023 16:30,1.78
18/11/2023 16:45,1.78
18/11/2023 17:00,1.77
18/11/2023 17:15,1.78
18/11/2023 17:30,1.77
18/11/2023 17:45,1.76
18/11/2023 18:00,1.77
18/11/2023 18:15,1.77
18/11/2023 18:30,1.75
18/11/2023 18:45,1.76
18/11/2023 19:00,1.76
18/11/2023 19:15,1.75
18/11/2023 19:30,1.76
18/11/2023 19:45,1.76
18/11/2023 20:00,1.75
18/11/2023 20:15,1.75
18/11/2023 20:30,1.75
18/11/2023 20:45,1.75
18/11/2023 21:00,1.76
18/11/2023 21:15,1.76
18/11/2023 21:30,1.76
18/11/2023 21:45,1.75
18/11/2023 22:00,1.76
18/11/2023 22:15,1.76
18/11/2023 22:30,1.77
18/11/2023 22:45,1.77
18/11/2023 23:00,1.76
18/11/2023 23:15,1.77
18/11/2023 23:30,1.78
18/11/2023 23:45,1.78
19/11/2023 00:00,1.8
19/11/2023 00:15,1.79
19/11/2023 00:30,1.82
19/11/2023 00:45,1.82
19/11/2023 01:00,1.84
19/11/2023 01:15,1.85
19/11/2023 01:30,1.86
19/11/2023 01:45,1.86
19/11/2023 02:00,1.88
19/11/2023 02:15,1.9
19/11/2023 02:30,1.91
19/11/2023 02:45,1.92
19/11/2023 03:00,1.95
19/11/2023 03:15,1.97
19/11/2023 03:30,1.99
19/11/2023 03:45,2
19/11/2023 04:00,2.01
19/11/2023 04:15,2.03
19/11/2023 04:30,2.06
19/11/2023 04:45,2.08
19/11/2023 05:00,2.09
19/11/2023 05:15,2.11
19/11/2023 05:30,2.13
19/11/2023 05:45,2.14
19/11/2023 06:00,2.16
19/11/2023 06:15,2.18
19/11/2023 06:30,2.2
19/11/2023 06:45,2.21
19/11/2023 07:00,2.21
19/11/2023 07:15,2.23
19/11/2023 07:30,2.24
19/11/2023 07:45,2.25
19/11/2023 08:00,2.26
19/11/2023 08:15,2.28
19/11/2023 08:30,2.29
19/11/2023 08:45,2.29
19/11/2023 09:00,2.3
19/11/2023 09:15,2.32
19/11/2023 09:30,2.32
19/11/2023 09:45,2.33
19/11/2023 10:00,2.33
19/11/2023 10:15,2.33
19/11/2023 10:30,2.33
19/11/2023 10:45,2.32
19/11/2023 11:00,2.33
19/11/2023 11:15,2.33
19/11/2023 11:30,2.34
19/11/2023 11:45,2.34
19/11/2023 12:00,2.33
19/11/2023 12:15,2.33
19/11/2023 12:30,2.32
19/11/2023 12:45,2.32
19/11/2023 13:00,2.32
19/11/2023 13:15,2.32
19/11/2023 13:30,2.32
19/11/2023 13:45,2.31
19/11/2023 14:00,2.3
19/11/2023 14:15,2.31
19/11/2023 14:30,2.3
19/11/2023 14:45,2.3
19/11/2023 15:00,2.29
19/11/2023 15:15,2.28
19/11/2023 15:30,2.29
19/11/2023 15:45,2.27
19/11/2023 16:00,2.27
19/11/2023 16:15,2.27
19/11/2023 16:30,2.25
19/11/2023 16:45,2.25
19/11/2023 17:00,2.24
19/11/2023 17:15,2.23
19/11/2023 17:30,2.23
19/11/2023 17:45,2.22
19/11/2023 18:00,2.22
19/11/2023 18:15,2.21
19/11/2023 18:30,2.21
19/11/2023 18:45,2.2
19/11/2023 19:00,2.2
19/11/2023 19:15,2.2
19/11/2023 19:30,2.2
19/11/2023 19:45,2.2
19/11/2023 20:00,2.2
19/11/2023 20:15,2.2
19/11/2023 20:30,2.2
19/11/2023 20:45,2.2
19/11/2023 21:00,2.2
19/11/2023 21:15,2.21
19/11/2023 21:30,2.21
19/11/2023 21:45,2.21
19/11/2023 22:00,2.22
19/11/2023 22:15,2.22
19/11/2023 22:30,2.24
19/11/2023 22:45,2.25
19/11/2023 23:00,2.26
19/11/2023 23:15,2.26
19/11/2023 23:30,2.28
19/11/2023 23:45,2.27
20/11/2023 00:00,2.3
20/11/2023 00:15,2.3
20/11/2023 00:30,2.32
20/11/2023 00:45,2.33
20/11/2023 01:00,2.34
20/11/2023 01:15,2.35
20/11/2023 01:30,2.36
20/11/2023 01:45,2.37
20/11/2023 02:00,2.38
20/11/2023 02:15,2.4
20/11/2023 02:30,2.41
20/11/2023 02:45,2.42
20/11/2023 03:00,2.42
20/11/2023 03:15,2.43
20/11/2023 03:30,2.45
20/11/2023 03:45,2.45
20/11/2023 04:00,2.45
20/11/2023 04:15,2.48
20/11/2023 04:30,2.48
20/11/2023 04:45,2.49
20/11/2023 05:00,2.49
20/11/2023 05:15,2.49
20/11/2023 05:30,2.5
20/11/2023 05:45,2.52
20/11/2023 06:00,2.52
20/11/2023 06:15,2.52
20/11/2023 06:30,2.53
20/11/2023 06:45,2.53
20/11/2023 07:00,2.54
20/11/2023 07:15,2.54
20/11/2023 07:30,2.55
20/11/2023 07:45,2.55
20/11/2023 08:00,2.55
20/11/2023 08:15,2.56
20/11/2023 08:30,2.57
20/11/2023 08:45,2.57
20/11/2023 09:00,2.58
20/11/2023 09:15,2.58
20/11/2023 09:30,2.58
20/11/2023 09:45,2.6
20/11/2023 10:00,2.61
20/11/2023 10:15,2.61
20/11/2023 10:30,2.62
20/11/2023 10:45,2.62
20/11/2023 11:00,2.64
20/11/2023 11:15,2.64
20/11/2023 11:30,2.65
20/11/2023 11:45,2.65
20/11/2023 12:00,2.66
20/11/2023 12:15,2.67
20/11/2023 12:30,2.68
20/11/2023 12:45,2.69
20/11/2023 13:00,2.69
20/11/2023 13:15,2.71
20/11/2023 13:30,2.72
20/11/2023 13:45,2.72
20/11/2023 14:00,2.73
20/11/2023 14:15,2.74
20/11/2023 14:30,2.74
20/11/2023 14:45,2.75
20/11/2023 15:00,2.75
20/11/2023 15:15,2.76
20/11/2023 15:30,2.76
20/11/2023 15:45,2.76
20/11/2023 16:00,2.78
20/11/2023 16:15,2.78
20/11/2023 16:30,2.77
20/11/2023 16:45,2.78
20/11/2023 17:00,2.77
20/11/2023 17:15,2.78
20/11/2023 17:30,2.78
20/11/2023 17:45,2.78
20/11/2023 18:00,2.79
20/11/2023 18:15,2.79
20/11/2023 18:30,2.79
20/11/2023 18:45,2.78
20/11/2023 19:00,2.79
20/11/2023 19:15,2.78
20/11/2023 19:30,2.78
20/11/2023 19:45,2.77
20/11/2023 20:00,2.77
20/11/2023 20:15,2.76
20/11/2023 20:30,2.77
20/11/2023 20:45,2.76
20/11/2023 21:00,2.75
20/11/2023 21:15,2.75
20/11/2023 21:30,2.74
20/11/2023 21:45,2.73
20/11/2023 22:00,2.73
20/11/2023 22:15,2.72
20/11/2023 22:30,2.71
20/11/2023 22:45,2.71
20/11/2023 23:00,2.7
20/11/2023 23:15,2.69
20/11/2023 23:30,2.69
20/11/2023 23:45,2.68
21/11/2023 00:00,2.68
21/11/2023 00:15,2.67
21/11/2023 00:30,2.67
21/11/2023 00:45,2.67
21/11/2023 01:00,2.65
21/11/2023 01:15,2.64
21/11/2023 01:30,2.64
21/11/2023 01:45,2.63
21/11/2023 02:00,2.62
21/11/2023 02:15,2.62
21/11/2023 02:30,2.61
21/11/2023 02:45,2.61
21/11/2023 03:00,2.6
21/11/2023 03:15,2.6
21/11/2023 03:30,2.6
21/11/2023 03:45,2.59
21/11/2023 04:00,2.59
21/11/2023 04:15,2.57
21/11/2023 04:30,2.57
21/11/2023 04:45,2.57
21/11/2023 05:00,2.56
21/11/2023 05:15,2.55
21/11/2023 05:30,2.55
21/11/2023 05:45,2.53
21/11/2023 06:00,2.53
21/11/2023 06:15,2.53
21/11/2023 06:30,2.53
21/11/2023 06:45,2.52
21/11/2023 07:00,2.52
21/11/2023 07:15,2.51
21/11/2023 07:30,2.5
21/11/2023 07:45,2.48
21/11/2023 08:00,2.49
21/11/2023 08:15,2.48
21/11/2023 08:30,2.48
21/11/2023 08:45,2.47
21/11/2023 09:00,2.46
21/11/2023 09:15,2.46
21/11/2023 09:30,2.45
21/11/2023 09:45,2.44
21/11/2023 10:00,2.44
21/11/2023 10:15,2.42
21/11/2023 10:30,2.43
21/11/2023 10:45,2.41
21/11/2023 11:00,2.4
21/11/2023 11:15,2.4
21/11/2023 11:30,2.38
21/11/2023 11:45,2.38
21/11/2023 12:00,2.37
21/11/2023 12:15,2.36
21/11/2023 12:30,2.35
21/11/2023 12:45,2.34
21/11/2023 13:00,2.34
21/11/2023 13:15,2.34
21/11/2023 13:30,2.31
21/11/2023 13:45,2.3
21/11/2023 14:00,2.3
21/11/2023 14:15,2.3
21/11/2023 14:30,2.28
21/11/2023 14:45,2.28
21/11/2023 15:00,2.28
21/11/2023 15:15,2.27
21/11/2023 15:30,2.27
21/11/2023 15:45,2.25
21/11/2023 16:00,2.24
21/11/2023 16:15,2.23
21/11/2023 16:30,2.23
21/11/2023 16:45,2.22
21/11/2023 17:00,2.21
21/11/2023 17:15,2.2
21/11/2023 17:30,2.2
21/11/2023 17:45,2.19
21/11/2023 18:00,2.19
21/11/2023 18:15,2.17
21/11/2023 18:30,2.17
21/11/2023 18:45,2.17
21/11/2023 19:00,2.15
21/11/2023 19:15,2.14
21/11/2023 19:30,2.14
21/11/2023 19:45,2.14
21/11/2023 20:00,2.13
21/11/2023 20:15,2.12
21/11/2023 20:30,2.12
21/11/2023 20:45,2.11
21/11/2023 21:00,2.1
21/11/2023 21:15,2.1
21/11/2023 21:30,2.09
21/11/2023 21:45,2.09
21/11/2023 22:00,2.07
21/11/2023 22:15,2.08
21/11/2023 22:30,2.07
21/11/2023 22:45,2.07
21/11/2023 23:00,2.06
21/11/2023 23:15,2.05
21/11/2023 23:30,2.04
21/11/2023 23:45,2.04
22/11/2023 00:00,2.04
22/11/2023 00:15,2.03
22/11/2023 00:30,2.02
22/11/2023 00:45,2.02
22/11/2023 01:00,2.02
22/11/2023 01:15,2.01
22/11/2023 01:30,2.01
22/11/2023 01:45,2
22/11/2023 02:00,1.99
22/11/2023 02:15,1.99
22/11/2023 02:30,1.98
22/11/2023 02:45,1.98
22/11/2023 03:00,1.98
22/11/2023 03:15,1.97
22/11/2023 03:30,1.97
22/11/2023 03:45,1.97
22/11/2023 04:00,1.96
22/11/2023 04:15,1.95
22/11/2023 04:30,1.95
22/11/2023 04:45,1.94
22/11/2023 05:00,1.94
22/11/2023 05:15,1.93
22/11/2023 05:30,1.93
22/11/2023 05:45,1.93
22/11/2023 06:00,1.93
22/11/2023 06:15,1.92
22/11/2023 06:30,1.91
22/11/2023 06:45,1.91
22/11/2023 07:00,1.91
22/11/2023 07:15,1.91
22/11/2023 07:30,1.9
22/11/2023 07:45,1.89
22/11/2023 08:00,1.89
22/11/2023 08:15,1.89
22/11/2023 08:30,1.88
22/11/2023 08:45,1.87
22/11/2023 09:00,1.87
22/11/2023 09:15,1.87
22/11/2023 09:30,1.86
22/11/2023 09:45,1.86
22/11/2023 10:00,1.85
22/11/2023 10:15,1.85
22/11/2023 10:30,1.84
22/11/2023 10:45,1.84
22/11/2023 11:00,1.84
22/11/2023 11:15,1.84
22/11/2023 11:30,1.83
22/11/2023 11:45,1.82
22/11/2023 12:00,1.83
22/11/2023 12:15,1.82
22/11/2023 12:30,1.82
22/11/2023 12:45,1.81
22/11/2023 13:00,1.8
22/11/2023 13:15,1.81
22/11/2023 13:30,1.8
22/11/2023 13:45,1.8
22/11/2023 14:00,1.79
22/11/2023 14:15,1.8
22/11/2023 14:30,1.78
22/11/2023 14:45,1.78
22/11/2023 15:00,1.77
22/11/2023 15:15,1.78
22/11/2023 15:30,1.77
22/11/2023 15:45,1.76
22/11/2023 16:00,1.76
22/11/2023 16:15,1.75
22/11/2023 16:30,1.75
22/11/2023 16:45,1.75
22/11/2023 17:00,1.75
22/11/2023 17:15,1.75
22/11/2023 17:30,1.74
22/11/2023 17:45,1.74
22/11/2023 18:00,1.73
22/11/2023 18:15,1.73
22/11/2023 18:30,1.73
22/11/2023 18:45,1.72
22/11/2023 19:00,1.72
22/11/2023 19:15,1.71
22/11/2023 19:30,1.72
22/11/2023 19:45,1.7
22/11/2023 20:00,1.71
22/11/2023 20:15,1.7
22/11/2023 20:30,1.7
22/11/2023 20:45,1.7
22/11/2023 21:00,1.69
22/11/2023 21:15,1.69
22/11/2023 21:30,1.68
22/11/2023 21:45,1.68
22/11/2023 22:00,1.68
22/11/2023 22:15,1.67
22/11/2023 22:30,1.67
22/11/2023 22:45,1.67
22/11/2023 23:00,1.66
22/11/2023 23:15,1.66
22/11/2023 23:30,1.66
22/11/2023 23:45,1.65
23/11/2023 00:00,1.65
23/11/2023 00:15,1.65
23/11/2023 00:30,1.65
23/11/2023 00:45,1.66
23/11/2023 01:00,1.64
23/11/2023 01:15,1.63
23/11/2023 01:30,1.63
23/11/2023 01:45,1.63
23/11/2023 02:00,1.63
23/11/2023 02:15,1.62
23/11/2023 02:30,1.62
23/11/2023 02:45,1.62
23/11/2023 03:00,1.62
23/11/2023 03:15,1.62
23/11/2023 03:30,1.61
23/11/2023 03:45,1.61
23/11/2023 04:00,1.61
23/11/2023 04:15,1.61
23/11/2023 04:30,1.6
23/11/2023 04:45,1.6
23/11/2023 05:00,1.59
23/11/2023 05:15,1.6
23/11/2023 05:30,1.59
23/11/2023 05:45,1.59
23/11/2023 06:00,1.59
23/11/2023 06:15,1.58
23/11/2023 06:30,1.58
23/11/2023 06:45,1.58
23/11/2023 07:00,1.58
23/11/2023 07:15,1.58
23/11/2023 07:30,1.57
23/11/2023 07:45,1.57
23/11/2023 08:00,1.57
23/11/2023 08:15,1.57
23/11/2023 08:30,1.56
23/11/2023 08:45,1.56
23/11/2023 09:00,1.56
23/11/2023 09:15,1.56
23/11/2023 09:30,1.55
23/11/2023 09:45,1.56
23/11/2023 10:00,1.55
23/11/2023 10:15,1.55
23/11/2023 10:30,1.54
23/11/2023 10:45,1.55
23/11/2023 11:00,1.54
23/11/2023 11:15,1.54
23/11/2023 11:30,1.54
23/11/2023 11:45,1.54
23/11/2023 12:00,1.55
23/11/2023 12:15,1.54
23/11/2023 12:30,1.53
23/11/2023 12:45,1.54
23/11/2023 13:00,1.53
23/11/2023 13:15,1.54
23/11/2023 13:30,1.53
23/11/2023 13:45,1.53
23/11/2023 14:00,1.52
23/11/2023 14:15,1.52
23/11/2023 14:30,1.52
23/11/2023 14:45,1.52
23/11/2023 15:00,1.51
23/11/2023 15:15,1.51
23/11/2023 15:30,1.52
23/11/2023 15:45,1.52
23/11/2023 16:00,1.51
23/11/2023 16:15,1.51
23/11/2023 16:30,1.5
23/11/2023 16:45,1.5
23/11/2023 17:00,1.5
23/11/2023 17:15,1.5
23/11/2023 17:30,1.5
23/11/2023 17:45,1.5
23/11/2023 18:00,1.5
23/11/2023 18:15,1.5
23/11/2023 18:30,1.49
23/11/2023 18:45,1.49
23/11/2023 19:00,1.49
23/11/2023 19:15,1.49
23/11/2023 19:30,1.49
23/11/2023 19:45,1.49
23/11/2023 20:00,1.49
23/11/2023 20:15,1.48
23/11/2023 20:30,1.48
23/11/2023 20:45,1.48
23/11/2023 21:00,1.48
23/11/2023 21:15,1.48
23/11/2023 21:30,1.47
23/11/2023 21:45,1.47
23/11/2023 22:00,1.47
23/11/2023 22:15,1.47
23/11/2023 22:30,1.47
23/11/2023 22:45,1.47
23/11/2023 23:00,1.46
23/11/2023 23:15,1.46
23/11/2023 23:30,1.46
23/11/2023 23:45,1.45
24/11/2023 00:00,1.46
24/11/2023 00:15,1.45
24/11/2023 00:30,1.45
24/11/2023 00:45,1.45
24/11/2023 01:00,1.45
24/11/2023 01:15,1.44
24/11/2023 01:30,1.45
24/11/2023 01:45,1.44
24/11/2023 02:00,1.44
24/11/2023 02:15,1.44
24/11/2023 02:30,1.43
24/11/2023 02:45,1.43
24/11/2023 03:00,1.43
24/11/2023 03:15,1.43
24/11/2023 03:30,1.43
24/11/2023 03:45,1.43
24/11/2023 04:00,1.42
24/11/2023 04:15,1.43
24/11/2023 04:30,1.42
24/11/2023 04:45,1.42
24/11/2023 05:00,1.42
24/11/2023 05:15,1.42
24/11/2023 05:30,1.42
24/11/2023 05:45,1.42
24/11/2023 06:00,1.41
24/11/2023 06:15,1.41
24/11/2023 06:30,1.41
24/11/2023 06:45,1.41
24/11/2023 07:00,1.41
24/11/2023 07:15,1.41
24/11/2023 07:30,1.41
24/11/2023 07:45,1.41
24/11/2023 08:00,1.4
24/11/2023 08:15,1.4
24/11/2023 08:30,1.4
24/11/2023 08:45,1.4
24/11/2023 09:00,1.4
24/11/2023 09:15,1.4
24/11/2023 09:30,1.39
24/11/2023 09:45,1.4
24/11/2023 10:00,1.39
24/11/2023 10:15,1.38
24/11/2023 10:30,1.39
24/11/2023 10:45,1.38
24/11/2023 11:00,1.38
24/11/2023 11:15,1.38
24/11/2023 11:30,1.38
24/11/2023 11:45,1.37
24/11/2023 12:00,1.37
24/11/2023 12:15,1.37
24/11/2023 12:30,1.37
24/11/2023 12:45,1.37
24/11/2023 13:00,1.36
24/11/2023 13:15,1.36
24/11/2023 13:30,1.36
24/11/2023 13:45,1.36
24/11/2023 14:00,1.35
24/11/2023 14:15,1.35
24/11/2023 14:30,1.36
24/11/2023 14:45,1.34
24/11/2023 15:00,1.34
24/11/2023 15:15,1.34
24/11/2023 15:30,1.33
24/11/2023 15:45,1.34
24/11/2023 16:00,1.33
24/11/2023 16:15,1.33
24/11/2023 16:30,1.33
24/11/2023 16:45,1.33
24/11/2023 17:00,1.33
24/11/2023 17:15,1.32
24/11/2023 17:30,1.32
24/11/2023 17:45,1.32
24/11/2023 18:00,1.32
24/11/2023 18:15,1.32
24/11/2023 18:30,1.31
24/11/2023 18:45,1.31
24/11/2023 19:00,1.31
24/11/2023 19:15,1.31
24/11/2023 19:30,1.31
24/11/2023 19:45,1.3
24/11/2023 20:00,1.31
24/11/2023 20:15,1.31
24/11/2023 20:30,1.3
24/11/2023 20:45,1.3
24/11/2023 21:00,1.3
24/11/2023 21:15,1.3
24/11/2023 21:30,1.29
24/11/2023 21:45,1.3
24/11/2023 22:00,1.3
24/11/2023 22:15,1.29
24/11/2023 22:30,1.29
24/11/2023 22:45,1.29
24/11/2023 23:00,1.3
24/11/2023 23:15,1.29
24/11/2023 23:30,1.29
24/11/2023 23:45,1.28
25/11/2023 00:00,1.29
25/11/2023 00:15,1.29
25/11/2023 00:30,1.29
25/11/2023 00:45,1.28
25/11/2023 01:00,1.28
25/11/2023 01:15,1.28
25/11/2023 01:30,1.28
25/11/2023 01:45,1.28
25/11/2023 02:00,1.28
25/11/2023 02:15,1.28
25/11/2023 02:30,1.28
25/11/2023 02:45,1.27
25/11/2023 03:00,1.28
25/11/2023 03:15,1.27
25/11/2023 03:30,1.27
25/11/2023 03:45,1.27
25/11/2023 04:00,1.27
25/11/2023 04:15,1.27
25/11/2023 04:30,1.27
25/11/2023 04:45,1.27
25/11/2023 05:00,1.27
25/11/2023 05:15,1.27
25/11/2023 05:30,1.27
25/11/2023 05:45,1.27
25/11/2023 06:00,1.27
25/11/2023 06:15,1.27
25/11/2023 06:30,1.26
25/11/2023 06:45,1.26
25/11/2023 07:00,1.27
25/11/2023 07:15,1.26
25/11/2023 07:30,1.26
25/11/2023 07:45,1.26
25/11/2023 08:00,1.26
25/11/2023 08:15,1.26
25/11/2023 08:30,1.25
25/11/2023 08:45,1.26
25/11/2023 09:00,1.26
25/11/2023 09:15,1.25
25/11/2023 09:30,1.25
25/11/2023 09:45,1.25
25/11/2023 10:00,1.25
25/11/2023 10:15,1.25
25/11/2023 10:30,1.24
25/11/2023 10:45,1.24
25/11/2023 11:00,1.24
25/11/2023 11:15,1.24
25/11/2023 11:30,1.24
25/11/2023 11:45,1.24
25/11/2023 12:00,1.23
25/11/2023 12:15,1.23
25/11/2023 12:30,1.23
25/11/2023 12:45,1.23
25/11/2023 13:00,1.23
25/11/2023 13:15,1.23
25/11/2023 13:30,1.22
25/11/2023 13:45,1.22
25/11/2023 14:00,1.22
25/11/2023 14:15,1.22
25/11/2023 14:30,1.21
25/11/2023 14:45,1.21
25/11/2023 15:00,1.21
25/11/2023 15:15,1.21
25/11/2023 15:30,1.21
25/11/2023 15:45,1.2
25/11/2023 16:00,1.2
25/11/2023 16:15,1.2
25/11/2023 16:30,1.2
25/11/2023 16:45,1.2
25/11/2023 17:00,1.19
25/11/2023 17:15,1.2
25/11/2023 17:30,1.19
25/11/2023 17:45,1.19
25/11/2023 18:00,1.19
25/11/2023 18:15,1.19
25/11/2023 18:30,1.19
25/11/2023 18:45,1.19
25/11/2023 19:00,1.19
25/11/2023 19:15,1.19
25/11/2023 19:30,1.18
25/11/2023 19:45,1.18
25/11/2023 20:00,1.18
25/11/2023 20:15,1.18
25/11/2023 20:30,1.18
25/11/2023 20:45,1.17
25/11/2023 21:00,1.17
25/11/2023 21:15,1.18
25/11/2023 21:30,1.17
25/11/2023 21:45,1.17
25/11/2023 22:00,1.17
25/11/2023 22:15,1.17
25/11/2023 22:30,1.16
25/11/2023 22:45,1.16
25/11/2023 23:00,1.16
25/11/2023 23:15,1.16
25/11/2023 23:30,1.16
25/11/2023 23:45,1.16
26/11/2023 00:00,1.16
26/11/2023 00:15,1.15
26/11/2023 00:30,1.15
26/11/2023 00:45,1.15
26/11/2023 01:00,1.14
26/11/2023 01:15,1.14
26/11/2023 01:30,1.14
26/11/2023 01:45,1.14
26/11/2023 02:00,1.15
26/11/2023 02:15,1.14
26/11/2023 02:30,1.14
26/11/2023 02:45,1.14
26/11/2023 03:00,1.14
26/11/2023 03:15,1.13
26/11/2023 03:30,1.13
26/11/2023 03:45,1.13
26/11/2023 04:00,1.13
26/11/2023 04:15,1.13
26/11/2023 04:30,1.13
26/11/2023 04:45,1.13
26/11/2023 05:00,1.12
26/11/2023 05:15,1.12
26/11/2023 05:30,1.12
26/11/2023 05:45,1.12
26/11/2023 06:00,1.12
26/11/2023 06:15,1.12
26/11/2023 06:30,1.12
26/11/2023 06:45,1.12
26/11/2023 07:00,1.12
26/11/2023 07:15,1.11
26/11/2023 07:30,1.11
26/11/2023 07:45,1.11
26/11/2023 08:00,1.11
26/11/2023 08:15,1.11
26/11/2023 08:30,1.1
26/11/2023 08:45,1.1
26/11/2023 09:00,1.1
26/11/2023 09:15,1.1
26/11/2023 09:30,1.1
26/11/2023 09:45,1.1
26/11/2023 10:00,1.1
26/11/2023 10:15,1.09
26/11/2023 10:30,1.1
26/11/2023 10:45,1.1
26/11/2023 11:00,1.09
26/11/2023 11:15,1.09
26/11/2023 11:30,1.09
26/11/2023 11:45,1.09
26/11/2023 12:00,1.09
26/11/2023 12:15,1.08
26/11/2023 12:30,1.09
26/11/2023 12:45,1.08
26/11/2023 13:00,1.08
26/11/2023 13:15,1.08
26/11/2023 13:30,1.08
26/11/2023 13:45,1.07
26/11/2023 14:00,1.08
26/11/2023 14:15,1.08
26/11/2023 14:30,1.07
26/11/2023 14:45,1.07
26/11/2023 15:00,1.07
26/11/2023 15:15,1.07
26/11/2023 15:30,1.06
26/11/2023 15:45,1.06
26/11/2023 16:00,1.06
26/11/2023 16:15,1.06
26/11/2023 16:30,1.06
26/11/2023 16:45,1.05
26/11/2023 17:00,1.06
26/11/2023 17:15,1.06
26/11/2023 17:30,1.05
26/11/2023 17:45,1.05
26/11/2023 18:00,1.05
26/11/2023 18:15,1.05
26/11/2023 18:30,1.05
26/11/2023 18:45,1.05
26/11/2023 19:00,1.05
26/11/2023 19:15,1.05
26/11/2023 19:30,1.04
26/11/2023 19:45,1.04
26/11/2023 20:00,1.05
26/11/2023 20:15,1.04
26/11/2023 20:30,1.04
26/11/2023 20:45,1.04
26/11/2023 21:00,1.04
26/11/2023 21:15,1.04
26/11/2023 21:30,1.04
26/11/2023 21:45,1.03
26/11/2023 22:00,1.03
26/11/2023 22:15,1.04
26/11/2023 22:30,1.03
26/11/2023 22:45,1.03
26/11/2023 23:00,1.03
26/11/2023 23:15,1.03
26/11/2023 23:30,1.03
26/11/2023 23:45,1.03
27/11/2023 00:00,1.03
27/11/2023 00:15,1.03
27/11/2023 00:30,1.03
27/11/2023 00:45,1.03
27/11/2023 01:00,1.03
27/11/2023 01:15,1.03
27/11/2023 01:30,1.03
27/11/2023 01:45,1.02
27/11/2023 02:00,1.03
27/11/2023 02:15,1.02
27/11/2023 02:30,1.02
27/11/2023 02:45,1.02
27/11/2023 03:00,1.02
27/11/2023 03:15,1.02
27/11/2023 03:30,1.02
27/11/2023 03:45,1.02
27/11/2023 04:00,1.02
27/11/2023 04:15,1.02
27/11/2023 04:30,1.02
27/11/2023 04:45,1.01
27/11/2023 05:00,1.01
27/11/2023 05:15,1.01
27/11/2023 05:30,1.02
27/11/2023 05:45,1.01
27/11/2023 06:00,1.01
27/11/2023 06:15,1.01
27/11/2023 06:30,1.01
27/11/2023 06:45,1.01
27/11/2023 07:00,1.01
27/11/2023 07:15,1
27/11/2023 07:30,1.01
27/11/2023 07:45,1
27/11/2023 08:00,1
27/11/2023 08:15,1
27/11/2023 08:30,1
27/11/2023 08:45,1
27/11/2023 09:00,1
27/11/2023 09:15,1
27/11/2023 09:30,1
27/11/2023 09:45,1
27/11/2023 10:00,1
27/11/2023 10:15,1
27/11/2023 10:30,1
27/11/2023 10:45,1
27/11/2023 11:00,1
27/11/2023 11:15,1
27/11/2023 11:30,1
27/11/2023 11:45,1
27/11/2023 12:00,1
27/11/2023 12:15,1
27/11/2023 12:30,0.99
27/11/2023 12:45,0.99
27/11/2023 13:00,0.99
27/11/2023 13:15,0.99
27/11/2023 13:30,0.99
27/11/2023 13:45,0.99
27/11/2023 14:00,0.99
27/11/2023 14:15,0.99
27/11/2023 14:30,0.99
27/11/2023 14:45,0.99
27/11/2023 15:00,0.99
27/11/2023 15:15,0.99
27/11/2023 15:30,0.99
27/11/2023 15:45,0.98
27/11/2023 16:00,0.98
27/11/2023 16:15,0.99
27/11/2023 16:30,0.98
27/11/2023 16:45,0.98
27/11/2023 17:00,0.99
27/11/2023 17:15,0.98
27/11/2023 17:30,0.98
27/11/2023 17:45,0.98
27/11/2023 18:00,0.98
27/11/2023 18:15,0.98
27/11/2023 18:30,0.98
27/11/2023 18:45,0.99
27/11/2023 19:00,0.99
27/11/2023 19:15,0.98
27/11/2023 19:30,0.98
27/11/2023 19:45,0.98
27/11/2023 20:00,0.98
27/11/2023 20:15,0.98
27/11/2023 20:30,0.98
27/11/2023 20:45,0.98
27/11/2023 21:00,0.98
27/11/2023 21:15,0.98
27/11/2023 21:30,0.98
27/11/2023 21:45,0.98
27/11/2023 22:00,0.98
27/11/2023 22:15,0.98
27/11/2023 22:30,0.98
27/11/2023 22:45,0.98
27/11/2023 23:00,0.98
27/11/2023 23:15,0.98
27/11/2023 23:30,0.98
27/11/2023 23:45,0.98
28/11/2023 00:00,0.98
28/11/2023 00:15,0.98
28/11/2023 00:30,0.98
28/11/2023 00:45,0.98
28/11/2023 01:00,0.98
28/11/2023 01:15,0.98
28/11/2023 01:30,0.98
28/11/2023 01:45,0.98
28/11/2023 02:00,0.98
28/11/2023 02:15,0.98
28/11/2023 02:30,0.98
28/11/2023 02:45,0.98
28/11/2023 03:00,0.98
28/11/2023 03:15,0.98
28/11/2023 03:30,0.98
28/11/2023 03:45,0.98
28/11/2023 04:00,0.98
28/11/2023 04:15,0.98
28/11/2023 04:30,0.99
28/11/2023 04:45,0.98
28/11/2023 05:00,0.98
28/11/2023 05:15,0.98
28/11/2023 05:30,0.98
28/11/2023 05:45,0.99
28/11/2023 06:00,0.99
28/11/2023 06:15,0.99
28/11/2023 06:30,0.99
28/11/2023 06:45,0.99
28/11/2023 07:00,0.99
28/11/2023 07:15,0.99
28/11/2023 07:30,1
28/11/2023 07:45,0.99
28/11/2023 08:00,1
28/11/2023 08:15,1
28/11/2023 08:30,1
28/11/2023 08:45,1
28/11/2023 09:00,1
28/11/2023 09:15,1
28/11/2023 09:30,1.01
28/11/2023 09:45,1.01
28/11/2023 10:00,1.01
28/11/2023 10:15,1.02
28/11/2023 10:30,1.02
28/11/2023 10:45,1.02
28/11/2023 11:00,1.03
28/11/2023 11:15,1.03
28/11/2023 11:30,1.03
28/11/2023 11:45,1.04
28/11/2023 12:00,1.04
28/11/2023 12:15,1.04
28/11/2023 12:30,1.05
28/11/2023 12:45,1.05
28/11/2023 13:00,1.05
28/11/2023 13:15,1.06
28/11/2023 13:30,1.07
28/11/2023 13:45,1.07
28/11/2023 14:00,1.07
28/11/2023 14:15,1.08
28/11/2023 14:30,1.08
28/11/2023 14:45,1.09
28/11/2023 15:00,1.09
28/11/2023 15:15,1.09
28/11/2023 15:30,1.1
28/11/2023 15:45,1.1
28/11/2023 16:00,1.1
28/11/2023 16:15,1.11
28/11/2023 16:30,1.11
28/11/2023 16:45,1.11
28/11/2023 17:00,1.12
28/11/2023 17:15,1.12
28/11/2023 17:30,1.12
28/11/2023 17:45,1.12
28/11/2023 18:00,1.12
28/11/2023 18:15,1.12
28/11/2023 18:30,1.12
28/11/2023 18:45,1.12
28/11/2023 19:00,1.13
28/11/2023 19:15,1.12
28/11/2023 19:30,1.13
28/11/2023 19:45,1.12
28/11/2023 20:00,1.12
28/11/2023 20:15,1.12
28/11/2023 20:30,1.12
28/11/2023 20:45,1.12
28/11/2023 21:00,1.12
28/11/2023 21:15,1.12
28/11/2023 21:30,1.12
28/11/2023 21:45,1.11
28/11/2023 22:00,1.12
28/11/2023 22:15,1.11
28/11/2023 22:30,1.12
28/11/2023 22:45,1.11
28/11/2023 23:00,1.11
28/11/2023 23:15,1.11
28/11/2023 23:30,1.1
28/11/2023 23:45,1.1
29/11/2023 00:00,1.1
29/11/2023 00:15,1.1
29/11/2023 00:30,1.1
29/11/2023 00:45,1.09
29/11/2023 01:00,1.09
29/11/2023 01:15,1.09
29/11/2023 01:30,1.08
29/11/2023 01:45,1.08
29/11/2023 02:00,1.08
29/11/2023 02:15,1.08
29/11/2023 02:30,1.08
29/11/2023 02:45,1.07
29/11/2023 03:00,1.07
29/11/2023 03:15,1.07
29/11/2023 03:30,1.07
29/11/2023 03:45,1.06
29/11/2023 04:00,1.06
29/11/2023 04:15,1.05
29/11/2023 04:30,1.06
29/11/2023 04:45,1.06
29/11/2023 05:00,1.05
29/11/2023 05:15,1.05
29/11/2023 05:30,1.05
29/11/2023 05:45,1.05
29/11/2023 06:00,1.04
29/11/2023 06:15,1.04
29/11/2023 06:30,1.04
29/11/2023 06:45,1.04
29/11/2023 07:00,1.03
29/11/2023 07:15,1.03
29/11/2023 07:30,1.03
29/11/2023 07:45,1.03
29/11/2023 08:00,1.02
29/11/2023 08:15,1.02
29/11/2023 08:30,1.02
29/11/2023 08:45,1.02
29/11/2023 09:00,1.02
29/11/2023 09:15,1.01
29/11/2023 09:30,1.01
29/11/2023 09:45,1.01
29/11/2023 10:00,1.01
29/11/2023 10:15,1
29/11/2023 10:30,1
29/11/2023 10:45,1
29/11/2023 11:00,1
29/11/2023 11:15,1
29/11/2023 11:30,1
29/11/2023 11:45,1
29/11/2023 12:00,0.99
29/11/2023 12:15,0.99
29/11/2023 12:30,0.99
29/11/2023 12:45,0.99
29/11/2023 13:00,0.99
29/11/2023 13:15,0.99
29/11/2023 13:30,0.99
29/11/2023 13:45,0.98
29/11/2023 14:00,0.98
29/11/2023 14:15,0.98
29/11/2023 14:30,0.98
29/11/2023 14:45,0.97
29/11/2023 15:00,0.98
29/11/2023 15:15,0.97
29/11/2023 15:30,0.97
29/11/2023 15:45,0.98
29/11/2023 16:00,0.97
29/11/2023 16:15,0.97
29/11/2023 16:30,0.97
29/11/2023 16:45,0.97
29/11/2023 17:00,0.97
29/11/2023 17:15,0.96
29/11/2023 17:30,0.96
29/11/2023 17:45,0.96
29/11/2023 18:00,0.96
29/11/2023 18:15,0.96
29/11/2023 18:30,0.96
29/11/2023 18:45,0.96
29/11/2023 19:00,0.95
29/11/2023 19:15,0.95
29/11/2023 19:30,0.95
29/11/2023 19:45,0.95
29/11/2023 20:00,0.95
29/11/2023 20:15,0.95
29/11/2023 20:30,0.95
29/11/2023 20:45,0.95
29/11/2023 21:00,0.95
29/11/2023 21:15,0.94
29/11/2023 21:30,0.95
29/11/2023 21:45,0.94
29/11/2023 22:00,0.94
29/11/2023 22:15,0.94
29/11/2023 22:30,0.94
29/11/2023 22:45,0.94
29/11/2023 23:00,0.94
29/11/2023 23:15,0.94
29/11/2023 23:30,0.94
29/11/2023 23:45,0.94
30/11/2023 00:00,0.94
30/11/2023 00:15,0.94
30/11/2023 00:30,0.94
30/11/2023 00:45,0.93
30/11/2023 01:00,0.94
30/11/2023 01:15,0.93
30/11/2023 01:30,0.93
30/11/2023 01:45,0.93
30/11/2023 02:00,0.93
30/11/2023 02:15,0.93
30/11/2023 02:30,0.93
30/11/2023 02:45,0.93
30/11/2023 03:00,0.92
30/11/2023 03:15,0.92
30/11/2023 03:30,0.92
30/11/2023 03:45,0.92
30/11/2023 04:00,0.92
30/11/2023 04:15,0.92
30/11/2023 04:30,0.92
30/11/2023 04:45,0.92
30/11/2023 05:00,0.92
30/11/2023 05:15,0.92
30/11/2023 05:30,0.92
30/11/2023 05:45,0.92
30/11/2023 06:00,0.92
30/11/2023 06:15,0.92
30/11/2023 06:30,0.91
30/11/2023 06:45,0.91
30/11/2023 07:00,0.91
30/11/2023 07:15,0.92
30/11/2023 07:30,0.91
30/11/2023 07:45,0.91
30/11/2023 08:00,0.91
30/11/2023 08:15,0.91
30/11/2023 08:30,0.91
30/11/2023 08:45,0.91
30/11/2023 09:00,0.91
30/11/2023 09:15,0.91
30/11/2023 09:30,0.9
30/11/2023 09:45,0.9
30/11/2023 10:00,0.9
30/11/2023 10:15,0.91
30/11/2023 10:30,0.9
30/11/2023 10:45,0.9
30/11/2023 11:00,0.9
30/11/2023 11:15,0.9
30/11/2023 11:30,0.9
30/11/2023 11:45,0.9
30/11/2023 12:00,0.9
30/11/2023 12:15,0.89
30/11/2023 12:30,0.9
30/11/2023 12:45,0.9
30/11/2023 13:00,0.9
30/11/2023 13:15,0.89
30/11/2023 13:30,0.89
30/11/2023 13:45,0.89
30/11/2023 14:00,0.89
30/11/2023 14:15,0.89
30/11/2023 14:30,0.89
30/11/2023 14:45,0.89
30/11/2023 15:00,0.89
30/11/2023 15:15,0.89
30/11/2023 15:30,0.89
30/11/2023 15:45,0.89
30/11/2023 16:00,0.88
30/11/2023 16:15,0.89
30/11/2023 16:30,0.88
30/11/2023 16:45,0.89
30/11/2023 17:00,0.88
30/11/2023 17:15,0.88
30/11/2023 17:30,0.88
30/11/2023 17:45,0.88
30/11/2023 18:00,0.88
30/11/2023 18:15,0.88
30/11/2023 18:30,0.88
30/11/2023 18:45,0.88
30/11/2023 19:00,0.88
30/11/2023 19:15,0.88
30/11/2023 19:30,0.88
30/11/2023 19:45,0.88
30/11/2023 20:00,0.87
30/11/2023 20:15,0.88
30/11/2023 20:30,0.88
30/11/2023 20:45,0.88
30/11/2023 21:00,0.87
30/11/2023 21:15,0.87
30/11/2023 21:30,0.87
30/11/2023 21:45,0.87
30/11/2023 22:00,0.87
30/11/2023 22:15,0.87
30/11/2023 22:30,0.87
30/11/2023 22:45,0.87
30/11/2023 23:00,0.87
30/11/2023 23:15,0.87
30/11/2023 23:30,0.87
30/11/2023 23:45,0.87
01/12/2023 00:00,0.86
01/12/2023 00:15,0.87
01/12/2023 00:30,0.87
01/12/2023 00:45,0.87
01/12/2023 01:00,0.87
01/12/2023 01:15,0.86
01/12/2023 01:30,0.86
01/12/2023 01:45,0.86
01/12/2023 02:00,0.86
01/12/2023 02:15,0.86
01/12/2023 02:30,0.86
01/12/2023 02:45,0.86
01/12/2023 03:00,0.86
01/12/2023 03:15,0.86
01/12/2023 03:30,0.86
01/12/2023 03:45,0.86
01/12/2023 04:00,0.86
01/12/2023 04:15,0.86
01/12/2023 04:30,0.86
01/12/2023 04:45,0.85
01/12/2023 05:00,0.86
01/12/2023 05:15,0.85
01/12/2023 05:30,0.85
01/12/2023 05:45,0.85
01/12/2023 06:00,0.85
01/12/2023 06:15,0.85
01/12/2023 06:30,0.85
01/12/2023 06:45,0.85
01/12/2023 07:00,0.85
01/12/2023 07:15,0.85
01/12/2023 07:30,0.85
01/12/2023 07:45,0.85
01/12/2023 08:00,0.84
01/12/2023 08:15,0.85
01/12/2023 08:30,0.84
01/12/2023 08:45,0.84
01/12/2023 09:00,0.84
01/12/2023 09:15,0.84
01/12/2023 09:30,0.84
01/12/2023 09:45,0.84
01/12/2023 10:00,0.84
01/12/2023 10:15,0.84
01/12/2023 10:30,0.84
01/12/2023 10:45,0.83
01/12/2023 11:00,0.84
01/12/2023 11:15,0.84
01/12/2023 11:30,0.83
01/12/2023 11:45,0.83
01/12/2023 12:00,0.83
01/12/2023 12:15,0.83
01/12/2023 12:30,0.84
01/12/2023 12:45,0.83
01/12/2023 13:00,0.83
01/12/2023 13:15,0.83
01/12/2023 13:30,0.83
01/12/2023 13:45,0.83
01/12/2023 14:00,0.82
01/12/2023 14:15,0.83
01/12/2023 14:30,0.83
01/12/2023 14:45,0.83
01/12/2023 15:00,0.82
01/12/2023 15:15,0.83
01/12/2023 15:30,0.82
01/12/2023 15:45,0.82
01/12/2023 16:00,0.82
01/12/2023 16:15,0.82
01/12/2023 16:30,0.82
01/12/2023 16:45,0.82
01/12/2023 17:00,0.82
01/12/2023 17:15,0.82
01/12/2023 17:30,0.82
01/12/2023 17:45,0.82
01/12/2023 18:00,0.81
01/12/2023 18:15,0.82
01/12/2023 18:30,0.82
01/12/2023 18:45,0.81
01/12/2023 19:00,0.81
01/12/2023 19:15,0.82
01/12/2023 19:30,0.81
01/12/2023 19:45,0.82
01/12/2023 20:00,0.81
01/12/2023 20:15,0.81
01/12/2023 20:30,0.81
01/12/2023 20:45,0.81
01/12/2023 21:00,0.81
01/12/2023 21:15,0.81
01/12/2023 21:30,0.81
01/12/2023 21:45,0.81
01/12/2023 22:00,0.81
01/12/2023 22:15,0.81
01/12/2023 22:30,0.8
01/12/2023 22:45,0.81
01/12/2023 23:00,0.81
01/12/2023 23:15,0.81
01/12/2023 23:30,0.8
01/12/2023 23:45,0.8
02/12/2023 00:00,0.8
02/12/2023 00:15,0.8
02/12/2023 00:30,0.8
02/12/2023 00:45,0.8
02/12/2023 01:00,0.81
02/12/2023 01:15,0.8
02/12/2023 01:30,0.8
02/12/2023 01:45,0.8
02/12/2023 02:00,0.8
02/12/2023 02:15,0.8
02/12/2023 02:30,0.8
02/12/2023 02:45,0.8
02/12/2023 03:00,0.8
02/12/2023 03:15,0.8
02/12/2023 03:30,0.79
02/12/2023 03:45,0.79
02/12/2023 04:00,0.79
02/12/2023 04:15,0.79
02/12/2023 04:30,0.79
02/12/2023 04:45,0.79
02/12/2023 05:00,0.79
02/12/2023 05:15,0.79
02/12/2023 05:30,0.79
02/12/2023 05:45,0.79
02/12/2023 06:00,0.79
02/12/2023 06:15,0.79
02/12/2023 06:30,0.79
02/12/2023 06:45,0.78
02/12/2023 07:00,0.79
02/12/2023 07:15,0.79
02/12/2023 07:30,0.78
02/12/2023 07:45,0.79
02/12/2023 08:00,0.78
02/12/2023 08:15,0.79
02/12/2023 08:30,0.78
02/12/2023 08:45,0.78
02/12/2023 09:00,0.78
02/12/2023 09:15,0.78
02/12/2023 09:30,0.78
02/12/2023 09:45,0.78
02/12/2023 10:00,0.78
02/12/2023 10:15,0.78
02/12/2023 10:30,0.78
02/12/2023 10:45,0.77
02/12/2023 11:00,0.78
02/12/2023 11:15,0.77
02/12/2023 11:30,0.77
02/12/2023 11:45,0.77
02/12/2023 12:00,0.77
02/12/2023 12:15,0.77
02/12/2023 12:30,0.77
02/12/2023 12:45,0.77
02/12/2023 13:00,0.77
02/12/2023 13:15,0.77
02/12/2023 13:30,0.77
02/12/2023 13:45,0.77
02/12/2023 14:00,0.77
02/12/2023 14:15,0.77
02/12/2023 14:30,0.76
02/12/2023 14:45,0.76
02/12/2023 15:00,0.76
02/12/2023 15:15,0.76
02/12/2023 15:30,0.77
02/12/2023 15:45,0.76
02/12/2023 16:00,0.76
02/12/2023 16:15,0.76
02/12/2023 16:30,0.76
02/12/2023 16:45,0.76
02/12/2023 17:00,0.76
02/12/2023 17:15,0.76
02/12/2023 17:30,0.76
02/12/2023 17:45,0.75
02/12/2023 18:00,0.76
02/12/2023 18:15,0.76
02/12/2023 18:30,0.75
02/12/2023 18:45,0.76
02/12/2023 19:00,0.76
02/12/2023 19:15,0.75
02/12/2023 19:30,0.75
02/12/2023 19:45,0.76
02/12/2023 20:00,0.75
02/12/2023 20:15,0.75
02/12/2023 20:30,0.75
02/12/2023 20:45,0.75
02/12/2023 21:00,0.75
02/12/2023 21:15,0.75
02/12/2023 21:30,0.75
02/12/2023 21:45,0.75
02/12/2023 22:00,0.75
02/12/2023 22:15,0.75
02/12/2023 22:30,0.75
02/12/2023 22:45,0.75
02/12/2023 23:00,0.75
02/12/2023 23:15,0.75
02/12/2023 23:30,0.75
02/12/2023 23:45,0.75
03/12/2023 00:00,0.75
03/12/2023 00:15,0.75
03/12/2023 00:30,0.74
03/12/2023 00:45,0.75
03/12/2023 01:00,0.75
03/12/2023 01:15,0.75
03/12/2023 01:30,0.75
03/12/2023 01:45,0.74
03/12/2023 02:00,0.74
03/12/2023 02:15,0.74
03/12/2023 02:30,0.74
03/12/2023 02:45,0.74
03/12/2023 03:00,0.74
03/12/2023 03:15,0.74
03/12/2023 03:30,0.74
03/12/2023 03:45,0.74
03/12/2023 04:00,0.74
03/12/2023 04:15,0.74
03/12/2023 04:30,0.74
03/12/2023 04:45,0.74
03/12/2023 05:00,0.74
03/12/2023 05:15,0.74
03/12/2023 05:30,0.73
03/12/2023 05:45,0.74
03/12/2023 06:00,0.74
03/12/2023 06:15,0.74
03/12/2023 06:30,0.74
03/12/2023 06:45,0.73
03/12/2023 07:00,0.73
03/12/2023 07:15,0.73
03/12/2023 07:30,0.73
03/12/2023 07:45,0.73
03/12/2023 08:00,0.73
03/12/2023 08:15,0.73
03/12/2023 08:30,0.73
03/12/2023 08:45,0.73
03/12/2023 09:00,0.73
03/12/2023 09:15,0.73
03/12/2023 09:30,0.73
03/12/2023 09:45,0.73
03/12/2023 10:00,0.73
03/12/2023 10:15,0.73
03/12/2023 10:30,0.73
03/12/2023 10:45,0.73
03/12/2023 11:00,0.73
03/12/2023 11:15,0.73
03/12/2023 11:30,0.73
03/12/2023 11:45,0.73
03/12/2023 12:00,0.73
03/12/2023 12:15,0.73
03/12/2023 12:30,0.73
03/12/2023 12:45,0.73
03/12/2023 13:00,0.73
03/12/2023 13:15,0.72
03/12/2023 13:30,0.73
03/12/2023 13:45,0.72
03/12/2023 14:00,0.72
03/12/2023 14:15,0.72
03/12/2023 14:30,0.72
03/12/2023 14:45,0.72
03/12/2023 15:00,0.72
03/12/2023 15:15,0.72
03/12/2023 15:30,0.72
03/12/2023 15:45,0.72
03/12/2023 16:00,0.72
03/12/2023 16:15,0.72
03/12/2023 16:30,0.72
03/12/2023 16:45,0.72
03/12/2023 17:00,0.72
03/12/2023 17:15,0.72
03/12/2023 17:30,0.72
03/12/2023 17:45,0.72
03/12/2023 18:00,0.72
03/12/2023 18:15,0.72
03/12/2023 18:30,0.72
03/12/2023 18:45,0.72
03/12/2023 19:00,0.73
03/12/2023 19:15,0.73
03/12/2023 19:30,0.73
03/12/2023 19:45,0.73
03/12/2023 20:00,0.73
03/12/2023 20:15,0.73
03/12/2023 20:30,0.73
03/12/2023 20:45,0.73
03/12/2023 21:00,0.73
03/12/2023 21:15,0.73
03/12/2023 21:30,0.73
03/12/2023 21:45,0.73
03/12/2023 22:00,0.73
03/12/2023 22:15,0.73
03/12/2023 22:30,0.73
03/12/2023 22:45,0.73
03/12/2023 23:00,0.73
03/12/2023 23:15,0.74
03/12/2023 23:30,0.73
03/12/2023 23:45,0.73
04/12/2023 00:00,0.74
04/12/2023 00:15,0.74
04/12/2023 00:30,0.74
04/12/2023 00:45,0.74
04/12/2023 01:00,0.74
04/12/2023 01:15,0.74
04/12/2023 01:30,0.75
04/12/2023 01:45,0.74
04/12/2023 02:00,0.75
04/12/2023 02:15,0.75
04/12/2023 02:30,0.75
04/12/2023 02:45,0.75
04/12/2023 03:00,0.75
04/12/2023 03:15,0.75
04/12/2023 03:30,0.75
04/12/2023 03:45,0.76
04/12/2023 04:00,0.76
04/12/2023 04:15,0.76
04/12/2023 04:30,0.76
04/12/2023 04:45,0.77
04/12/2023 05:00,0.77
04/12/2023 05:15,0.77
04/12/2023 05:30,0.78
04/12/2023 05:45,0.78
04/12/2023 06:00,0.78
04/12/2023 06:15,0.79
04/12/2023 06:30,0.8
04/12/2023 06:45,0.8
04/12/2023 07:00,0.8
04/12/2023 07:15,0.8
04/12/2023 07:30,0.81
04/12/2023 07:45,0.81
04/12/2023 08:00,0.81
04/12/2023 08:15,0.82
04/12/2023 08:30,0.82
04/12/2023 08:45,0.83
04/12/2023 09:00,0.83
04/12/2023 09:15,0.84
04/12/2023 09:30,0.85
04/12/2023 09:45,0.86
04/12/2023 10:00,0.87
04/12/2023 10:15,0.88
04/12/2023 10:30,0.88
04/12/2023 10:45,0.89
04/12/2023 11:00,0.9
04/12/2023 11:15,0.92
04/12/2023 11:30,0.92
04/12/2023 11:45,0.93
04/12/2023 12:00,0.94
04/12/2023 12:15,0.95
04/12/2023 12:30,0.97
04/12/2023 12:45,0.98
04/12/2023 13:00,0.98
04/12/2023 13:15,1
04/12/2023 13:30,1
04/12/2023 13:45,1.01
04/12/2023 14:00,1.01
04/12/2023 14:15,1.03
04/12/2023 14:30,1.03
04/12/2023 14:45,1.04
04/12/2023 15:00,1.05
04/12/2023 15:15,1.06
04/12/2023 15:30,1.08
04/12/2023 15:45,1.08
04/12/2023 16:00,1.09
04/12/2023 16:15,1.1
04/12/2023 16:30,1.11
04/12/2023 16:45,1.12
04/12/2023 17:00,1.13
04/12/2023 17:15,1.15
04/12/2023 17:30,1.15
04/12/2023 17:45,1.17
04/12/2023 18:00,1.19
04/12/2023 18:15,1.21
04/12/2023 18:30,1.22
04/12/2023 18:45,1.25
04/12/2023 19:00,1.25
04/12/2023 19:15,1.28
04/12/2023 19:30,1.3
04/12/2023 19:45,1.32
04/12/2023 20:00,1.34
04/12/2023 20:15,1.36
04/12/2023 20:30,1.38
04/12/2023 20:45,1.4
04/12/2023 21:00,1.42
04/12/2023 21:15,1.45
04/12/2023 21:30,1.47
04/12/2023 21:45,1.49
04/12/2023 22:00,1.52
04/12/2023 22:15,1.53
04/12/2023 22:30,1.56
04/12/2023 22:45,1.59
04/12/2023 23:00,1.62
04/12/2023 23:15,1.64
04/12/2023 23:30,1.66
04/12/2023 23:45,1.69
05/12/2023 00:00,1.71
05/12/2023 00:15,1.74
05/12/2023 00:30,1.76
05/12/2023 00:45,1.78
05/12/2023 01:00,1.81
05/12/2023 01:15,1.84
05/12/2023 01:30,1.87
05/12/2023 01:45,1.88
05/12/2023 02:00,1.9
05/12/2023 02:15,1.92
05/12/2023 02:30,1.95
05/12/2023 02:45,1.97
05/12/2023 03:00,1.99
05/12/2023 03:15,2.01
05/12/2023 03:30,2.04
05/12/2023 03:45,2.05
05/12/2023 04:00,2.07
05/12/2023 04:15,2.08
05/12/2023 04:30,2.1
05/12/2023 04:45,2.11
05/12/2023 05:00,2.14
05/12/2023 05:15,2.14
05/12/2023 05:30,2.15
05/12/2023 05:45,2.17
05/12/2023 06:00,2.19
05/12/2023 06:15,2.19
05/12/2023 06:30,2.18
05/12/2023 06:45,2.21
05/12/2023 07:00,2.2
05/12/2023 07:15,2.21
05/12/2023 07:30,2.21
05/12/2023 07:45,2.22
05/12/2023 08:00,2.23
05/12/2023 08:15,2.24
05/12/2023 08:30,2.24
05/12/2023 08:45,2.22
05/12/2023 09:00,2.24
05/12/2023 09:15,2.23
05/12/2023 09:30,2.23
05/12/2023 09:45,2.23
05/12/2023 10:00,2.23
05/12/2023 10:15,2.22
05/12/2023 10:30,2.22
05/12/2023 10:45,2.21
05/12/2023 11:00,2.21
05/12/2023 11:15,2.2
05/12/2023 11:30,2.2
05/12/2023 11:45,2.19
05/12/2023 12:00,2.2
05/12/2023 12:15,2.19
05/12/2023 12:30,2.17
05/12/2023 12:45,2.17
05/12/2023 13:00,2.15
05/12/2023 13:15,2.15
05/12/2023 13:30,2.14
05/12/2023 13:45,2.14
05/12/2023 14:00,2.13
05/12/2023 14:15,2.12
05/12/2023 14:30,2.11
05/12/2023 14:45,2.1
05/12/2023 15:00,2.1
05/12/2023 15:15,2.11
05/12/2023 15:30,2.08
05/12/2023 15:45,2.07
05/12/2023 16:00,2.06
05/12/2023 16:15,2.05
05/12/2023 16:30,2.04
05/12/2023 16:45,2.04
05/12/2023 17:00,2.02
05/12/2023 17:15,2.03
05/12/2023 17:30,2.01
05/12/2023 17:45,2
05/12/2023 18:00,1.99
05/12/2023 18:15,1.99
05/12/2023 18:30,1.99
05/12/2023 18:45,1.97
05/12/2023 19:00,1.97
05/12/2023 19:15,1.96
05/12/2023 19:30,1.95
05/12/2023 19:45,1.94
05/12/2023 20:00,1.94
05/12/2023 20:15,1.93
05/12/2023 20:30,1.92
05/12/2023 20:45,1.92
05/12/2023 21:00,1.91
05/12/2023 21:15,1.91
05/12/2023 21:30,1.9
05/12/2023 21:45,1.9
05/12/2023 22:00,1.89
05/12/2023 22:15,1.89
05/12/2023 22:30,1.87
05/12/2023 22:45,1.88
05/12/2023 23:00,1.87
05/12/2023 23:15,1.86
05/12/2023 23:30,1.86
05/12/2023 23:45,1.85
06/12/2023 00:00,1.85
06/12/2023 00:15,1.84
06/12/2023 00:30,1.85
06/12/2023 00:45,1.84
06/12/2023 01:00,1.83
06/12/2023 01:15,1.83
06/12/2023 01:30,1.82
06/12/2023 01:45,1.82
06/12/2023 02:00,1.82
06/12/2023 02:15,1.81
06/12/2023 02:30,1.8
06/12/2023 02:45,1.8
06/12/2023 03:00,1.8
06/12/2023 03:15,1.79
06/12/2023 03:30,1.79
06/12/2023 03:45,1.78
06/12/2023 04:00,1.78
06/12/2023 04:15,1.77
06/12/2023 04:30,1.76
06/12/2023 04:45,1.76
06/12/2023 05:00,1.76
06/12/2023 05:15,1.75
06/12/2023 05:30,1.75
06/12/2023 05:45,1.73
06/12/2023 06:00,1.73
06/12/2023 06:15,1.72
06/12/2023 06:30,1.72
06/12/2023 06:45,1.72
06/12/2023 07:00,1.72
06/12/2023 07:15,1.71
06/12/2023 07:30,1.71
06/12/2023 07:45,1.7
06/12/2023 08:00,1.69
06/12/2023 08:15,1.68
06/12/2023 08:30,1.68
06/12/2023 08:45,1.67
06/12/2023 09:00,1.67
06/12/2023 09:15,1.67
06/12/2023 09:30,1.66
06/12/2023 09:45,1.66
06/12/2023 10:00,1.65
06/12/2023 10:15,1.64
06/12/2023 10:30,1.64
06/12/2023 10:45,1.63
06/12/2023 11:00,1.63
06/12/2023 11:15,1.62
06/12/2023 11:30,1.62
06/12/2023 11:45,1.62
06/12/2023 12:00,1.61
06/12/2023 12:15,1.61
06/12/2023 12:30,1.6
06/12/2023 12:45,1.6
06/12/2023 13:00,1.59
06/12/2023 13:15,1.6
06/12/2023 13:30,1.58
06/12/2023 13:45,1.59
06/12/2023 14:00,1.58
06/12/2023 14:15,1.58
06/12/2023 14:30,1.57
06/12/2023 14:45,1.57
06/12/2023 15:00,1.57
06/12/2023 15:15,1.56
06/12/2023 15:30,1.56
06/12/2023 15:45,1.55
06/12/2023 16:00,1.55
06/12/2023 16:15,1.55
06/12/2023 16:30,1.55
06/12/2023 16:45,1.54
06/12/2023 17:00,1.54
06/12/2023 17:15,1.54
06/12/2023 17:30,1.54
06/12/2023 17:45,1.53
06/12/2023 18:00,1.53
06/12/2023 18:15,1.52
06/12/2023 18:30,1.53
06/12/2023 18:45,1.52
06/12/2023 19:00,1.52
06/12/2023 19:15,1.51
06/12/2023 19:30,1.51
06/12/2023 19:45,1.51
06/12/2023 20:00,1.51
06/12/2023 20:15,1.51
06/12/2023 20:30,1.5
06/12/2023 20:45,1.5
06/12/2023 21:00,1.5
06/12/2023 21:15,1.5
06/12/2023 21:30,1.49
06/12/2023 21:45,1.5
06/12/2023 22:00,1.49
06/12/2023 22:15,1.49
06/12/2023 22:30,1.48
06/12/2023 22:45,1.48
06/12/2023 23:00,1.48
06/12/2023 23:15,1.48
06/12/2023 23:30,1.48
06/12/2023 23:45,1.48
07/12/2023 00:00,1.47
07/12/2023 00:15,1.47
07/12/2023 00:30,1.47
07/12/2023 00:45,1.46
07/12/2023 01:00,1.46
07/12/2023 01:15,1.46
07/12/2023 01:30,1.46
07/12/2023 01:45,1.46
07/12/2023 02:00,1.46
07/12/2023 02:15,1.45
07/12/2023 02:30,1.45
07/12/2023 02:45,1.45
07/12/2023 03:00,1.45
07/12/2023 03:15,1.45
07/12/2023 03:30,1.45
07/12/2023 03:45,1.44
07/12/2023 04:00,1.44
07/12/2023 04:15,1.43
07/12/2023 04:30,1.43
07/12/2023 04:45,1.43
07/12/2023 05:00,1.43
07/12/2023 05:15,1.43
07/12/2023 05:30,1.43
07/12/2023 05:45,1.43
07/12/2023 06:00,1.42
07/12/2023 06:15,1.42
07/12/2023 06:30,1.42
07/12/2023 06:45,1.41
07/12/2023 07:00,1.42
07/12/2023 07:15,1.41
07/12/2023 07:30,1.41
07/12/2023 07:45,1.41
07/12/2023 08:00,1.41
07/12/2023 08:15,1.41
07/12/2023 08:30,1.4
07/12/2023 08:45,1.4
07/12/2023 09:00,1.4
07/12/2023 09:15,1.4
07/12/2023 09:30,1.4
07/12/2023 09:45,1.4
07/12/2023 10:00,1.39
07/12/2023 10:15,1.39
07/12/2023 10:30,1.39
07/12/2023 10:45,1.39
07/12/2023 11:00,1.39
07/12/2023 11:15,1.39
07/12/2023 11:30,1.38
07/12/2023 11:45,1.38
07/12/2023 12:00,1.38
07/12/2023 12:15,1.38
07/12/2023 12:30,1.38
07/12/2023 12:45,1.38
07/12/2023 13:00,1.38
07/12/2023 13:15,1.38
07/12/2023 13:30,1.38
07/12/2023 13:45,1.38
07/12/2023 14:00,1.38
07/12/2023 14:15,1.37
07/12/2023 14:30,1.37
07/12/2023 14:45,1.37
07/12/2023 15:00,1.37
07/12/2023 15:15,1.37
07/12/2023 15:30,1.37
07/12/2023 15:45,1.37
07/12/2023 16:00,1.37
07/12/2023 16:15,1.37
07/12/2023 16:30,1.37
07/12/2023 16:45,1.37
07/12/2023 17:00,1.37
07/12/2023 17:15,1.36
07/12/2023 17:30,1.37
07/12/2023 17:45,1.36
07/12/2023 18:00,1.36
07/12/2023 18:15,1.36
07/12/2023 18:30,1.36
07/12/2023 18:45,1.36
07/12/2023 19:00,1.36
07/12/2023 19:15,1.36
07/12/2023 19:30,1.36
07/12/2023 19:45,1.36
07/12/2023 20:00,1.36
07/12/2023 20:15,1.36
07/12/2023 20:30,1.36
07/12/2023 20:45,1.36
07/12/2023 21:00,1.36
07/12/2023 21:15,1.36
07/12/2023 21:30,1.36
07/12/2023 21:45,1.36
07/12/2023 22:00,1.36
07/12/2023 22:15,1.36
07/12/2023 22:30,1.36
07/12/2023 22:45,1.36
07/12/2023 23:00,1.36
07/12/2023 23:15,1.37
07/12/2023 23:30,1.36
07/12/2023 23:45,1.37
08/12/2023 00:00,1.37
08/12/2023 00:15,1.37
08/12/2023 00:30,1.37
08/12/2023 00:45,1.37
08/12/2023 01:00,1.37
08/12/2023 01:15,1.37
08/12/2023 01:30,1.37
08/12/2023 01:45,1.37
08/12/2023 02:00,1.37
08/12/2023 02:15,1.37
08/12/2023 02:30,1.37
08/12/2023 02:45,1.37
08/12/2023 03:00,1.38
08/12/2023 03:15,1.38
08/12/2023 03:30,1.38
08/12/2023 03:45,1.38
08/12/2023 04:00,1.38
08/12/2023 04:15,1.38
08/12/2023 04:30,1.38
08/12/2023 04:45,1.39
08/12/2023 05:00,1.39
08/12/2023 05:15,1.39
08/12/2023 05:30,1.41
08/12/2023 05:45,1.4
08/12/2023 06:00,1.41
08/12/2023 06:15,1.41
08/12/2023 06:30,1.41
08/12/2023 06:45,1.43
08/12/2023 07:00,1.41
08/12/2023 07:15,1.43
08/12/2023 07:30,1.43
08/12/2023 07:45,1.43
08/12/2023 08:00,1.44
08/12/2023 08:15,1.44
08/12/2023 08:30,1.45
08/12/2023 08:45,1.46
08/12/2023 09:00,1.46
08/12/2023 09:15,1.46
08/12/2023 09:30,1.47
08/12/2023 09:45,1.47
08/12/2023 10:00,1.48
08/12/2023 10:15,1.49
08/12/2023 10:30,1.49
08/12/2023 10:45,1.5
08/12/2023 11:00,1.5
08/12/2023 11:15,1.52
08/12/2023 11:30,1.51
08/12/2023 11:45,1.52
08/12/2023 12:00,1.53
08/12/2023 12:15,1.54
08/12/2023 12:30,1.55
08/12/2023 12:45,1.55
08/12/2023 13:00,1.56
08/12/2023 13:15,1.57
08/12/2023 13:30,1.57
08/12/2023 13:45,1.59
08/12/2023 14:00,1.6
08/12/2023 14:15,1.6
08/12/2023 14:30,1.61
08/12/2023 14:45,1.62
08/12/2023 15:00,1.63
08/12/2023 15:15,1.64
08/12/2023 15:30,1.66
08/12/2023 15:45,1.67
08/12/2023 16:00,1.68
08/12/2023 16:15,1.68
08/12/2023 16:30,1.7
08/12/2023 16:45,1.7
08/12/2023 17:00,1.72
08/12/2023 17:15,1.73
08/12/2023 17:30,1.74
08/12/2023 17:45,1.76
08/12/2023 18:00,1.76
08/12/2023 18:15,1.77
08/12/2023 18:30,1.79
08/12/2023 18:45,1.8
08/12/2023 19:00,1.8
08/12/2023 19:15,1.8
08/12/2023 19:30,1.82
08/12/2023 19:45,1.83
08/12/2023 20:00,1.83
08/12/2023 20:15,1.83
08/12/2023 20:30,1.84
08/12/2023 20:45,1.84
08/12/2023 21:00,1.85
08/12/2023 21:15,1.85
08/12/2023 21:30,1.85
08/12/2023 21:45,1.86
08/12/2023 22:00,1.86
08/12/2023 22:15,1.86
08/12/2023 22:30,1.86
08/12/2023 22:45,1.85
08/12/2023 23:00,1.86
08/12/2023 23:15,1.86
08/12/2023 23:30,1.85
08/12/2023 23:45,1.85
09/12/2023 00:00,1.85
09/12/2023 00:15,1.84
09/12/2023 00:30,1.85
09/12/2023 00:45,1.84
09/12/2023 01:00,1.84
09/12/2023 01:15,1.83
09/12/2023 01:30,1.83
09/12/2023 01:45,1.82
09/12/2023 02:00,1.81
09/12/2023 02:15,1.8
09/12/2023 02:30,1.8
09/12/2023 02:45,1.8
09/12/2023 03:00,1.79
09/12/2023 03:15,1.79
09/12/2023 03:30,1.78
09/12/2023 03:45,1.77
09/12/2023 04:00,1.77
09/12/2023 04:15,1.76
09/12/2023 04:30,1.76
09/12/2023 04:45,1.76
09/12/2023 05:00,1.74
09/12/2023 05:15,1.75
09/12/2023 05:30,1.74
09/12/2023 05:45,1.74
09/12/2023 06:00,1.73
09/12/2023 06:15,1.72
09/12/2023 06:30,1.72
09/12/2023 06:45,1.71
09/12/2023 07:00,1.71
09/12/2023 07:15,1.71
09/12/2023 07:30,1.7
09/12/2023 07:45,1.7
09/12/2023 08:00,1.7
09/12/2023 08:15,1.69
09/12/2023 08:30,1.7
09/12/2023 08:45,1.69
09/12/2023 09:00,1.68
09/12/2023 09:15,1.69
09/12/2023 09:30,1.68
09/12/2023 09:45,1.68
09/12/2023 10:00,1.68
09/12/2023 10:15,1.68
09/12/2023 10:30,1.68
09/12/2023 10:45,1.68
09/12/2023 11:00,1.68
09/12/2023 11:15,1.68
09/12/2023 11:30,1.68
09/12/2023 11:45,1.69
09/12/2023 12:00,1.69
09/12/2023 12:15,1.7
09/12/2023 12:30,1.7
09/12/2023 12:45,1.7
09/12/2023 13:00,1.7
09/12/2023 13:15,1.71
09/12/2023 13:30,1.7
09/12/2023 13:45,1.71
09/12/2023 14:00,1.71
09/12/2023 14:15,1.71
09/12/2023 14:30,1.71
09/12/2023 14:45,1.72
09/12/2023 15:00,1.72
09/12/2023 15:15,1.72
09/12/2023 15:30,1.72
09/12/2023 15:45,1.73
09/12/2023 16:00,1.73
09/12/2023 16:15,1.73
09/12/2023 16:30,1.73
09/12/2023 16:45,1.73
09/12/2023 17:00,1.74
09/12/2023 17:15,1.74
09/12/2023 17:30,1.74
09/12/2023 17:45,1.75
09/12/2023 18:00,1.74
09/12/2023 18:15,1.75
09/12/2023 18:30,1.75
09/12/2023 18:45,1.76
09/12/2023 19:00,1.75
09/12/2023 19:15,1.76
09/12/2023 19:30,1.77
09/12/2023 19:45,1.77
09/12/2023 20:00,1.77
09/12/2023 20:15,1.77
09/12/2023 20:30,1.78
09/12/2023 20:45,1.79
09/12/2023 21:00,1.78
09/12/2023 21:15,1.79
09/12/2023 21:30,1.8
09/12/2023 21:45,1.79
09/12/2023 22:00,1.81
09/12/2023 22:15,1.82
09/12/2023 22:30,1.83
09/12/2023 22:45,1.83
09/12/2023 23:00,1.84
09/12/2023 23:15,1.85
09/12/2023 23:30,1.87
09/12/2023 23:45,1.87
10/12/2023 00:00,1.9
10/12/2023 00:15,1.89
10/12/2023 00:30,1.92
10/12/2023 00:45,1.93
10/12/2023 01:00,1.95
10/12/2023 01:15,1.96
10/12/2023 01:30,1.99
10/12/2023 01:45,2.01
10/12/2023 02:00,2.04
10/12/2023 02:15,2.05
10/12/2023 02:30,2.07
10/12/2023 02:45,2.1
10/12/2023 03:00,2.14
10/12/2023 03:15,2.16
10/12/2023 03:30,2.19
10/12/2023 03:45,2.22
10/12/2023 04:00,2.25
10/12/2023 04:15,2.28
10/12/2023 04:30,2.31
10/12/2023 04:45,2.33
10/12/2023 05:00,2.37
10/12/2023 05:15,2.4
10/12/2023 05:30,2.44
10/12/2023 05:45,2.47
10/12/2023 06:00,2.5
10/12/2023 06:15,2.53
10/12/2023 06:30,2.55
10/12/2023 06:45,2.59
10/12/2023 07:00,2.61
10/12/2023 07:15,2.64
10/12/2023 07:30,2.68
10/12/2023 07:45,2.72
10/12/2023 08:00,2.73
10/12/2023 08:15,2.76
10/12/2023 08:30,2.78
10/12/2023 08:45,2.82
10/12/2023 09:00,2.83
10/12/2023 09:15,2.85
10/12/2023 09:30,2.88
10/12/2023 09:45,2.9
10/12/2023 10:00,2.92
10/12/2023 10:15,2.93
10/12/2023 10:30,2.95
10/12/2023 10:45,2.98
10/12/2023 11:00,2.98
10/12/2023 11:15,2.99
10/12/2023 11:30,3.02
10/12/2023 11:45,3.04
10/12/2023 12:00,3.05
10/12/2023 12:15,3.05
10/12/2023 12:30,3.06
10/12/2023 12:45,3.09
10/12/2023 13:00,3.08
10/12/2023 13:15,3.08
10/12/2023 13:30,3.09
10/12/2023 13:45,3.1
10/12/2023 14:00,3.11
10/12/2023 14:15,3.12
10/12/2023 14:30,3.1
10/12/2023 14:45,3.12
10/12/2023 15:00,3.11
10/12/2023 15:15,3.11
10/12/2023 15:30,3.12
10/12/2023 15:45,3.1
10/12/2023 16:00,3.11
10/12/2023 16:15,3.11
10/12/2023 16:30,3.09
10/12/2023 16:45,3.09
10/12/2023 17:00,3.09
10/12/2023 17:15,3.07
10/12/2023 17:30,3.07
10/12/2023 17:45,3.06
10/12/2023 18:00,3.04
10/12/2023 18:15,3.04
10/12/2023 18:30,3.03
10/12/2023 18:45,3.04
10/12/2023 19:00,3
10/12/2023 19:15,2.99
10/12/2023 19:30,2.98
10/12/2023 19:45,2.95
10/12/2023 20:00,2.94
10/12/2023 20:15,2.93
10/12/2023 20:30,2.92
10/12/2023 20:45,2.91
10/12/2023 21:00,2.89
10/12/2023 21:15,2.87
10/12/2023 21:30,2.86
10/12/2023 21:45,2.83
10/12/2023 22:00,2.81
10/12/2023 22:15,2.82
10/12/2023 22:30,2.79
10/12/2023 22:45,2.77
10/12/2023 23:00,2.76
10/12/2023 23:15,2.73
10/12/2023 23:30,2.73
10/12/2023 23:45,2.7
11/12/2023 00:00,2.7
11/12/2023 00:15,2.69
11/12/2023 00:30,2.66
11/12/2023 00:45,2.66
11/12/2023 01:00,2.63
11/12/2023 01:15,2.62
11/12/2023 01:30,2.61
11/12/2023 01:45,2.6
11/12/2023 02:00,2.58
11/12/2023 02:15,2.59
11/12/2023 02:30,2.57
11/12/2023 02:45,2.58
11/12/2023 03:00,2.56
11/12/2023 03:15,2.55
11/12/2023 03:30,2.57
11/12/2023 03:45,2.55
11/12/2023 04:00,2.53
11/12/2023 04:15,2.53
11/12/2023 04:30,2.53
11/12/2023 04:45,2.53
11/12/2023 05:00,2.53
11/12/2023 05:15,2.53
11/12/2023 05:30,2.54
11/12/2023 05:45,2.53
11/12/2023 06:00,2.52
11/12/2023 06:15,2.53
11/12/2023 06:30,2.54
11/12/2023 06:45,2.54
11/12/2023 07:00,2.55
11/12/2023 07:15,2.56
11/12/2023 07:30,2.57
11/12/2023 07:45,2.57
11/12/2023 08:00,2.58
11/12/2023 08:15,2.59
11/12/2023 08:30,2.59
11/12/2023 08:45,2.6
11/12/2023 09:00,2.61
11/12/2023 09:15,2.61
11/12/2023 09:30,2.63
11/12/2023 09:45,2.64
11/12/2023 10:00,2.65
11/12/2023 10:15,2.66
11/12/2023 10:30,2.66
11/12/2023 10:45,2.68
11/12/2023 11:00,2.69
11/12/2023 11:15,2.71
11/12/2023 11:30,2.72
11/12/2023 11:45,2.72
11/12/2023 12:00,2.74
11/12/2023 12:15,2.76
11/12/2023 12:30,2.75
11/12/2023 12:45,2.76
11/12/2023 13:00,2.76
11/12/2023 13:15,2.77
11/12/2023 13:30,2.78
11/12/2023 13:45,2.78
11/12/2023 14:00,2.8
11/12/2023 14:15,2.8
11/12/2023 14:30,2.81
11/12/2023 14:45,2.81
11/12/2023 15:00,2.82
11/12/2023 15:15,2.83
11/12/2023 15:30,2.83
11/12/2023 15:45,2.83
11/12/2023 16:00,2.84
11/12/2023 16:15,2.85
11/12/2023 16:30,2.85
11/12/2023 16:45,2.86
11/12/2023 17:00,2.85
11/12/2023 17:15,2.86
11/12/2023 17:30,2.86
11/12/2023 17:45,2.86
11/12/2023 18:00,2.85
11/12/2023 18:15,2.86
11/12/2023 18:30,2.87
11/12/2023 18:45,2.88
11/12/2023 19:00,2.87
11/12/2023 19:15,2.87
11/12/2023 19:30,2.88
11/12/2023 19:45,2.88
11/12/2023 20:00,2.87
11/12/2023 20:15,2.88
11/12/2023 20:30,2.87
11/12/2023 20:45,2.88
11/12/2023 21:00,2.88
11/12/2023 21:15,2.88
11/12/2023 21:30,2.88
11/12/2023 21:45,2.89
11/12/2023 22:00,2.88
11/12/2023 22:15,2.88
11/12/2023 22:30,2.88
11/12/2023 22:45,2.88
11/12/2023 23:00,2.89
11/12/2023 23:15,2.9
11/12/2023 23:30,2.88
11/12/2023 23:45,2.89
12/12/2023 00:00,2.89
12/12/2023 00:15,2.9
12/12/2023 00:30,2.9
12/12/2023 00:45,2.89
12/12/2023 01:00,2.9
12/12/2023 01:15,2.9
12/12/2023 01:30,2.89
12/12/2023 01:45,2.88
12/12/2023 02:00,2.89
12/12/2023 02:15,2.9
12/12/2023 02:30,2.9
12/12/2023 02:45,2.89
12/12/2023 03:00,2.88
12/12/2023 03:15,2.88
12/12/2023 03:30,2.88
12/12/2023 03:45,2.88
12/12/2023 04:00,2.89
12/12/2023 04:15,2.89
12/12/2023 04:30,2.87
12/12/2023 04:45,2.87
12/12/2023 05:00,2.87
12/12/2023 05:15,2.87
12/12/2023 05:30,2.86
12/12/2023 05:45,2.86
12/12/2023 06:00,2.86
12/12/2023 06:15,2.86
12/12/2023 06:30,2.85
12/12/2023 06:45,2.84
12/12/2023 07:00,2.84
12/12/2023 07:15,2.83
12/12/2023 07:30,2.83
12/12/2023 07:45,2.82
12/12/2023 08:00,2.81
12/12/2023 08:15,2.81
12/12/2023 08:30,2.81
12/12/2023 08:45,2.8
12/12/2023 09:00,2.8
12/12/2023 09:15,2.78
12/12/2023 09:30,2.77
12/12/2023 09:45,2.77
12/12/2023 10:00,2.76
12/12/2023 10:15,2.75
12/12/2023 10:30,2.73
12/12/2023 10:45,2.73
12/12/2023 11:00,2.74
12/12/2023 11:15,2.72
12/12/2023 11:30,2.71
12/12/2023 11:45,2.71
12/12/2023 12:00,2.69
12/12/2023 12:15,2.69
12/12/2023 12:30,2.68
12/12/2023 12:45,2.66
12/12/2023 13:00,2.66
12/12/2023 13:15,2.66
12/12/2023 13:30,2.66
12/12/2023 13:45,2.65
12/12/2023 14:00,2.64
12/12/2023 14:15,2.63
12/12/2023 14:30,2.62
12/12/2023 14:45,2.61
12/12/2023 15:00,2.6
12/12/2023 15:15,2.6
12/12/2023 15:30,2.6
12/12/2023 15:45,2.58
12/12/2023 16:00,2.58
12/12/2023 16:15,2.58
12/12/2023 16:30,2.58
12/12/2023 16:45,2.56
12/12/2023 17:00,2.55
12/12/2023 17:15,2.55
12/12/2023 17:30,2.55
12/12/2023 17:45,2.55
12/12/2023 18:00,2.55
12/12/2023 18:15,2.54
12/12/2023 18:30,2.55
12/12/2023 18:45,2.54
12/12/2023 19:00,2.53
12/12/2023 19:15,2.53
12/12/2023 19:30,2.54
12/12/2023 19:45,2.54
12/12/2023 20:00,2.53
12/12/2023 20:15,2.53
12/12/2023 20:30,2.54
12/12/2023 20:45,2.56
12/12/2023 21:00,2.54
12/12/2023 21:15,2.55
12/12/2023 21:30,2.55
12/12/2023 21:45,2.56
12/12/2023 22:00,2.57
12/12/2023 22:15,2.58
12/12/2023 22:30,2.59
12/12/2023 22:45,2.58
12/12/2023 23:00,2.6
12/12/2023 23:15,2.61
12/12/2023 23:30,2.61
12/12/2023 23:45,2.62
13/12/2023 00:00,2.62
13/12/2023 00:15,2.63
13/12/2023 00:30,2.65
13/12/2023 00:45,2.65
13/12/2023 01:00,2.67
13/12/2023 01:15,2.68
13/12/2023 01:30,2.7
13/12/2023 01:45,2.71
13/12/2023 02:00,2.72
13/12/2023 02:15,2.71
13/12/2023 02:30,2.74
13/12/2023 02:45,2.76
13/12/2023 03:00,2.78
13/12/2023 03:15,2.8
13/12/2023 03:30,2.8
13/12/2023 03:45,2.82
13/12/2023 04:00,2.85
13/12/2023 04:15,2.86
13/12/2023 04:30,2.88
13/12/2023 04:45,2.91
13/12/2023 05:00,2.91
13/12/2023 05:15,2.94
13/12/2023 05:30,2.95
13/12/2023 05:45,2.98
13/12/2023 06:00,2.99
13/12/2023 06:15,3.03
13/12/2023 06:30,3.05
13/12/2023 06:45,3.08
13/12/2023 07:00,3.09
13/12/2023 07:15,3.1
13/12/2023 07:30,3.11
13/12/2023 07:45,3.15
13/12/2023 08:00,3.18
13/12/2023 08:15,3.17
13/12/2023 08:30,3.2
13/12/2023 08:45,3.25
13/12/2023 09:00,3.23
13/12/2023 09:15,3.26
13/12/2023 09:30,3.28
13/12/2023 09:45,3.3
13/12/2023 10:00,3.31
13/12/2023 10:15,3.34
13/12/2023 10:30,3.34
13/12/2023 10:45,3.37
13/12/2023 11:00,3.37
13/12/2023 11:15,3.38
13/12/2023 11:30,3.41
13/12/2023 11:45,3.41
13/12/2023 12:00,3.43
13/12/2023 12:15,3.44
13/12/2023 12:30,3.45
13/12/2023 12:45,3.46
13/12/2023 13:00,3.48
13/12/2023 13:15,3.49
13/12/2023 13:30,3.49
13/12/2023 13:45,3.49
13/12/2023 14:00,3.51
13/12/2023 14:15,3.51
13/12/2023 14:30,3.53
13/12/2023 14:45,3.54
13/12/2023 15:00,3.54
13/12/2023 15:15,3.55
13/12/2023 15:30,3.56
13/12/2023 15:45,3.57
13/12/2023 16:00,3.57
13/12/2023 16:15,3.57
13/12/2023 16:30,3.55
13/12/2023 16:45,3.58
13/12/2023 17:00,3.57
13/12/2023 17:15,3.59
13/12/2023 17:30,3.58
13/12/2023 17:45,3.58
13/12/2023 18:00,3.57
13/12/2023 18:15,3.6
13/12/2023 18:30,3.58
13/12/2023 18:45,3.58
13/12/2023 19:00,3.58
13/12/2023 19:15,3.58
13/12/2023 19:30,3.58
13/12/2023 19:45,3.58
13/12/2023 20:00,3.58
13/12/2023 20:15,3.57
13/12/2023 20:30,3.59
13/12/2023 20:45,3.59
13/12/2023 21:00,3.57
13/12/2023 21:15,3.59
13/12/2023 21:30,3.59
13/12/2023 21:45,3.57
13/12/2023 22:00,3.57
13/12/2023 22:15,3.59
13/12/2023 22:30,3.56
13/12/2023 22:45,3.55
13/12/2023 23:00,3.55
13/12/2023 23:15,3.56
13/12/2023 23:30,3.53
13/12/2023 23:45,3.52
14/12/2023 00:00,3.51
14/12/2023 00:15,3.51
14/12/2023 00:30,3.48
14/12/2023 00:45,3.48
14/12/2023 01:00,3.47
14/12/2023 01:15,3.47
14/12/2023 01:30,3.45
14/12/2023 01:45,3.44
14/12/2023 02:00,3.43
14/12/2023 02:15,3.43
14/12/2023 02:30,3.39
14/12/2023 02:45,3.38
14/12/2023 03:00,3.38
14/12/2023 03:15,3.36
14/12/2023 03:30,3.35
14/12/2023 03:45,3.34
14/12/2023 04:00,3.31
14/12/2023 04:15,3.32
14/12/2023 04:30,3.3
14/12/2023 04:45,3.27
14/12/2023 05:00,3.25
14/12/2023 05:15,3.23
14/12/2023 05:30,3.22
14/12/2023 05:45,3.21
14/12/2023 06:00,3.2
14/12/2023 06:15,3.18
14/12/2023 06:30,3.16
14/12/2023 06:45,3.14
14/12/2023 07:00,3.11
14/12/2023 07:15,3.11
14/12/2023 07:30,3.11
14/12/2023 07:45,3.08
14/12/2023 08:00,3.07
14/12/2023 08:15,3.05
14/12/2023 08:30,3.03
14/12/2023 08:45,3.02
14/12/2023 09:00,2.99
14/12/2023 09:15,2.98
14/12/2023 09:30,2.96
14/12/2023 09:45,2.96
14/12/2023 10:00,2.94
14/12/2023 10:15,2.93
14/12/2023 10:30,2.91
14/12/2023 10:45,2.9
14/12/2023 11:00,2.88
14/12/2023 11:15,2.89
14/12/2023 11:30,2.85
14/12/2023 11:45,2.85
14/12/2023 12:00,2.84
14/12/2023 12:15,2.81
14/12/2023 12:30,2.8
14/12/2023 12:45,2.78
14/12/2023 13:00,2.78
14/12/2023 13:15,2.75
14/12/2023 13:30,2.75
14/12/2023 13:45,2.72
14/12/2023 14:00,2.72
14/12/2023 14:15,2.72
14/12/2023 14:30,2.7
14/12/2023 14:45,2.7
14/12/2023 15:00,2.68
14/12/2023 15:15,2.67
14/12/2023 15:30,2.65
14/12/2023 15:45,2.65
14/12/2023 16:00,2.63
14/12/2023 16:15,2.63
14/12/2023 16:30,2.61
14/12/2023 16:45,2.61
14/12/2023 17:00,2.6
14/12/2023 17:15,2.59
14/12/2023 17:30,2.59
14/12/2023 17:45,2.58
14/12/2023 18:00,2.56
14/12/2023 18:15,2.55
14/12/2023 18:30,2.54
14/12/2023 18:45,2.53
14/12/2023 19:00,2.52
14/12/2023 19:15,2.52
14/12/2023 19:30,2.5
14/12/2023 19:45,2.51
14/12/2023 20:00,2.49
14/12/2023 20:15,2.48
14/12/2023 20:30,2.48
14/12/2023 20:45,2.46
14/12/2023 21:00,2.46
14/12/2023 21:15,2.45
14/12/2023 21:30,2.45
14/12/2023 21:45,2.44
14/12/2023 22:00,2.44
14/12/2023 22:15,2.42
14/12/2023 22:30,2.42
14/12/2023 22:45,2.41
14/12/2023 23:00,2.4
14/12/2023 23:15,2.4
14/12/2023 23:30,2.39
14/12/2023 23:45,2.39
15/12/2023 00:00,2.38
15/12/2023 00:15,2.37
15/12/2023 00:30,2.38
15/12/2023 00:45,2.36
15/12/2023 01:00,2.36
15/12/2023 01:15,2.35
15/12/2023 01:30,2.35
15/12/2023 01:45,2.35
15/12/2023 02:00,2.33
15/12/2023 02:15,2.33
15/12/2023 02:30,2.33
15/12/2023 02:45,2.32
15/12/2023 03:00,2.3
15/12/2023 03:15,2.3
15/12/2023 03:30,2.3
15/12/2023 03:45,2.3
15/12/2023 04:00,2.29
15/12/2023 04:15,2.28
15/12/2023 04:30,2.29
15/12/2023 04:45,2.27
15/12/2023 05:00,2.28
15/12/2023 05:15,2.28
15/12/2023 05:30,2.27
15/12/2023 05:45,2.25
15/12/2023 06:00,2.26
15/12/2023 06:15,2.25
15/12/2023 06:30,2.24
15/12/2023 06:45,2.25
15/12/2023 07:00,2.24
15/12/2023 07:15,2.25
15/12/2023 07:30,2.24
15/12/2023 07:45,2.22
15/12/2023 08:00,2.23
15/12/2023 08:15,2.22
15/12/2023 08:30,2.23
15/12/2023 08:45,2.21
15/12/2023 09:00,2.21
15/12/2023 09:15,2.21
15/12/2023 09:30,2.2
15/12/2023 09:45,2.2
15/12/2023 10:00,2.2
15/12/2023 10:15,2.19
15/12/2023 10:30,2.2
15/12/2023 10:45,2.19
15/12/2023 11:00,2.2
15/12/2023 11:15,2.19
15/12/2023 11:30,2.18
15/12/2023 11:45,2.18
15/12/2023 12:00,2.18
15/12/2023 12:15,2.17
15/12/2023 12:30,2.17
15/12/2023 12:45,2.17
15/12/2023 13:00,2.18
15/12/2023 13:15,2.16
15/12/2023 13:30,2.16
15/12/2023 13:45,2.15
15/12/2023 14:00,2.15
15/12/2023 14:15,2.15
15/12/2023 14:30,2.15
15/12/2023 14:45,2.14
15/12/2023 15:00,2.13
15/12/2023 15:15,2.14
15/12/2023 15:30,2.13
15/12/2023 15:45,2.12
15/12/2023 16:00,2.13
15/12/2023 16:15,2.12
15/12/2023 16:30,2.12
15/12/2023 16:45,2.11
15/12/2023 17:00,2.11
15/12/2023 17:15,2.11
15/12/2023 17:30,2.11
15/12/2023 17:45,2.1
15/12/2023 18:00,2.1
15/12/2023 18:15,2.09
15/12/2023 18:30,2.09
15/12/2023 18:45,2.1
15/12/2023 19:00,2.08
15/12/2023 19:15,2.08
15/12/2023 19:30,2.07
15/12/2023 19:45,2.07
15/12/2023 20:00,2.07
15/12/2023 20:15,2.06
15/12/2023 20:30,2.06
15/12/2023 20:45,2.05
15/12/2023 21:00,2.05
15/12/2023 21:15,2.05
15/12/2023 21:30,2.03
15/12/2023 21:45,2.05
15/12/2023 22:00,2.03
15/12/2023 22:15,2.03
15/12/2023 22:30,2.03
15/12/2023 22:45,2.02
15/12/2023 23:00,2.02
15/12/2023 23:15,2.01
15/12/2023 23:30,2
15/12/2023 23:45,2
16/12/2023 00:00,1.99
16/12/2023 00:15,1.99
16/12/2023 00:30,1.99
16/12/2023 00:45,1.98
16/12/2023 01:00,1.98
16/12/2023 01:15,1.98
16/12/2023 01:30,1.97
16/12/2023 01:45,1.97
16/12/2023 02:00,1.97
16/12/2023 02:15,1.95
16/12/2023 02:30,1.96
16/12/2023 02:45,1.95
16/12/2023 03:00,1.95
16/12/2023 03:15,1.94
16/12/2023 03:30,1.94
16/12/2023 03:45,1.93
16/12/2023 04:00,1.92
16/12/2023 04:15,1.93
16/12/2023 04:30,1.92
16/12/2023 04:45,1.92
16/12/2023 05:00,1.91
16/12/2023 05:15,1.91
16/12/2023 05:30,1.91
16/12/2023 05:45,1.9
16/12/2023 06:00,1.9
16/12/2023 06:15,1.89
16/12/2023 06:30,1.89
16/12/2023 06:45,1.88
16/12/2023 07:00,1.88
16/12/2023 07:15,1.88
16/12/2023 07:30,1.88
16/12/2023 07:45,1.87
16/12/2023 08:00,1.87
16/12/2023 08:15,1.86
16/12/2023 08:30,1.86
16/12/2023 08:45,1.86
16/12/2023 09:00,1.86
16/12/2023 09:15,1.85
16/12/2023 09:30,1.86
16/12/2023 09:45,1.85
16/12/2023 10:00,1.84
16/12/2023 10:15,1.83
16/12/2023 10:30,1.84
16/12/2023 10:45,1.84
16/12/2023 11:00,1.83
16/12/2023 11:15,1.83
16/12/2023 11:30,1.83
16/12/2023 11:45,1.82
16/12/2023 12:00,1.81
16/12/2023 12:15,1.81
16/12/2023 12:30,1.81
16/12/2023 12:45,1.8
16/12/2023 13:00,1.8
16/12/2023 13:15,1.8
16/12/2023 13:30,1.8
16/12/2023 13:45,1.79
16/12/2023 14:00,1.79
16/12/2023 14:15,1.79
16/12/2023 14:30,1.78
16/12/2023 14:45,1.78
16/12/2023 15:00,1.78
16/12/2023 15:15,1.78
16/12/2023 15:30,1.76
16/12/2023 15:45,1.77
16/12/2023 16:00,1.77
16/12/2023 16:15,1.76
16/12/2023 16:30,1.76
16/12/2023 16:45,1.76
16/12/2023 17:00,1.76
16/12/2023 17:15,1.76
16/12/2023 17:30,1.75
16/12/2023 17:45,1.75
16/12/2023 18:00,1.75
16/12/2023 18:15,1.74
16/12/2023 18:30,1.74
16/12/2023 18:45,1.74
16/12/2023 19:00,1.73
16/12/2023 19:15,1.74
16/12/2023 19:30,1.73
16/12/2023 19:45,1.73
16/12/2023 20:00,1.73
16/12/2023 20:15,1.72
16/12/2023 20:30,1.72
16/12/2023 20:45,1.72
16/12/2023 21:00,1.72
16/12/2023 21:15,1.71
16/12/2023 21:30,1.71
16/12/2023 21:45,1.71
16/12/2023 22:00,1.71
16/12/2023 22:15,1.7
16/12/2023 22:30,1.71
16/12/2023 22:45,1.7
16/12/2023 23:00,1.7
16/12/2023 23:15,1.69
16/12/2023 23:30,1.7
16/12/2023 23:45,1.7
17/12/2023 00:00,1.69
17/12/2023 00:15,1.68
17/12/2023 00:30,1.68
17/12/2023 00:45,1.68
17/12/2023 01:00,1.68
17/12/2023 01:15,1.68
17/12/2023 01:30,1.69
17/12/2023 01:45,1.67
17/12/2023 02:00,1.67
17/12/2023 02:15,1.67
17/12/2023 02:30,1.67
17/12/2023 02:45,1.66
17/12/2023 03:00,1.67
17/12/2023 03:15,1.66
17/12/2023 03:30,1.66
17/12/2023 03:45,1.66
17/12/2023 04:00,1.65
17/12/2023 04:15,1.66
17/12/2023 04:30,1.65
17/12/2023 04:45,1.66
17/12/2023 05:00,1.65
17/12/2023 05:15,1.64
17/12/2023 05:30,1.65
17/12/2023 05:45,1.65
17/12/2023 06:00,1.64
17/12/2023 06:15,1.64
17/12/2023 06:30,1.65
17/12/2023 06:45,1.65
17/12/2023 07:00,1.64
17/12/2023 07:15,1.64
17/12/2023 07:30,1.64
17/12/2023 07:45,1.63
17/12/2023 08:00,1.64
17/12/2023 08:15,1.64
17/12/2023 08:30,1.63
17/12/2023 08:45,1.63
17/12/2023 09:00,1.63
17/12/2023 09:15,1.63
17/12/2023 09:30,1.63
17/12/2023 09:45,1.63
17/12/2023 10:00,1.62
17/12/2023 10:15,1.62
17/12/2023 10:30,1.62
17/12/2023 10:45,1.62
17/12/2023 11:00,1.61
17/12/2023 11:15,1.61
17/12/2023 11:30,1.61
17/12/2023 11:45,1.61
17/12/2023 12:00,1.61
17/12/2023 12:15,1.61
17/12/2023 12:30,1.61
17/12/2023 12:45,1.61
17/12/2023 13:00,1.6
17/12/2023 13:15,1.6
17/12/2023 13:30,1.6
17/12/2023 13:45,1.6
17/12/2023 14:00,1.59
17/12/2023 14:15,1.6
17/12/2023 14:30,1.59
17/12/2023 14:45,1.59
17/12/2023 15:00,1.59
17/12/2023 15:15,1.59
17/12/2023 15:30,1.58
17/12/2023 15:45,1.59
17/12/2023 16:00,1.58
17/12/2023 16:15,1.58
17/12/2023 16:30,1.58
17/12/2023 16:45,1.58
17/12/2023 17:00,1.57
17/12/2023 17:15,1.57
17/12/2023 17:30,1.57
17/12/2023 17:45,1.57
17/12/2023 18:00,1.57
17/12/2023 18:15,1.56
17/12/2023 18:30,1.55
17/12/2023 18:45,1.56
17/12/2023 19:00,1.55
17/12/2023 19:15,1.55
17/12/2023 19:30,1.55
17/12/2023 19:45,1.55
17/12/2023 20:00,1.55
17/12/2023 20:15,1.54
17/12/2023 20:30,1.55
17/12/2023 20:45,1.54
17/12/2023 21:00,1.54
17/12/2023 21:15,1.54
17/12/2023 21:30,1.54
17/12/2023 21:45,1.53
17/12/2023 22:00,1.53
17/12/2023 22:15,1.53
17/12/2023 22:30,1.53
17/12/2023 22:45,1.53
17/12/2023 23:00,1.53
17/12/2023 23:15,1.52
17/12/2023 23:30,1.52
17/12/2023 23:45,1.52
18/12/2023 00:00,1.51
18/12/2023 00:15,1.51
18/12/2023 00:30,1.51
18/12/2023 00:45,1.5
18/12/2023 01:00,1.5
18/12/2023 01:15,1.51
18/12/2023 01:30,1.5
18/12/2023 01:45,1.5
18/12/2023 02:00,1.5
18/12/2023 02:15,1.5
18/12/2023 02:30,1.49
18/12/2023 02:45,1.49
18/12/2023 03:00,1.49
18/12/2023 03:15,1.49
18/12/2023 03:30,1.49
18/12/2023 03:45,1.49
18/12/2023 04:00,1.49
18/12/2023 04:15,1.48
18/12/2023 04:30,1.49
18/12/2023 04:45,1.48
18/12/2023 05:00,1.48
18/12/2023 05:15,1.48
18/12/2023 05:30,1.48
18/12/2023 05:45,1.47
18/12/2023 06:00,1.47
18/12/2023 06:15,1.47
18/12/2023 06:30,1.47
18/12/2023 06:45,1.47
18/12/2023 07:00,1.47
18/12/2023 07:15,1.47
18/12/2023 07:30,1.46
18/12/2023 07:45,1.46
18/12/2023 08:00,1.46
18/12/2023 08:15,1.46
18/12/2023 08:30,1.46
18/12/2023 08:45,1.46
18/12/2023 09:00,1.45
18/12/2023 09:15,1.45
18/12/2023 09:30,1.46
18/12/2023 09:45,1.45
18/12/2023 10:00,1.45
18/12/2023 10:15,1.45
18/12/2023 10:30,1.44
18/12/2023 10:45,1.44
18/12/2023 11:00,1.44
18/12/2023 11:15,1.44
18/12/2023 11:30,1.44
18/12/2023 11:45,1.44
18/12/2023 12:00,1.44
18/12/2023 12:15,1.43
18/12/2023 12:30,1.43
18/12/2023 12:45,1.43
18/12/2023 13:00,1.43
18/12/2023 13:15,1.42
18/12/2023 13:30,1.43
18/12/2023 13:45,1.43
18/12/2023 14:00,1.42
18/12/2023 14:15,1.42
18/12/2023 14:30,1.42
18/12/2023 14:45,1.41
18/12/2023 15:00,1.42
18/12/2023 15:15,1.41
18/12/2023 15:30,1.41
18/12/2023 15:45,1.41
18/12/2023 16:00,1.41
18/12/2023 16:15,1.41
18/12/2023 16:30,1.41
18/12/2023 16:45,1.4
18/12/2023 17:00,1.4
18/12/2023 17:15,1.39
18/12/2023 17:30,1.4
18/12/2023 17:45,1.4
18/12/2023 18:00,1.4
18/12/2023 18:15,1.39
18/12/2023 18:30,1.39
18/12/2023 18:45,1.39
18/12/2023 19:00,1.39
18/12/2023 19:15,1.39
18/12/2023 19:30,1.4
18/12/2023 19:45,1.38
18/12/2023 20:00,1.39
18/12/2023 20:15,1.38
18/12/2023 20:30,1.39
18/12/2023 20:45,1.38
18/12/2023 21:00,1.38
18/12/2023 21:15,1.38
18/12/2023 21:30,1.38
18/12/2023 21:45,1.37
18/12/2023 22:00,1.37
18/12/2023 22:15,1.37
18/12/2023 22:30,1.37
18/12/2023 22:45,1.37
18/12/2023 23:00,1.37
18/12/2023 23:15,1.37
18/12/2023 23:30,1.37
18/12/2023 23:45,1.37
19/12/2023 00:00,1.36
19/12/2023 00:15,1.36
19/12/2023 00:30,1.37
19/12/2023 00:45,1.36
19/12/2023 01:00,1.36
19/12/2023 01:15,1.35
19/12/2023 01:30,1.36
19/12/2023 01:45,1.36
19/12/2023 02:00,1.35
19/12/2023 02:15,1.35
19/12/2023 02:30,1.35
19/12/2023 02:45,1.34
19/12/2023 03:00,1.34
19/12/2023 03:15,1.34
19/12/2023 03:30,1.34
19/12/2023 03:45,1.34
19/12/2023 04:00,1.34
19/12/2023 04:15,1.33
19/12/2023 04:30,1.33
19/12/2023 04:45,1.33
19/12/2023 05:00,1.33
19/12/2023 05:15,1.33
19/12/2023 05:30,1.33
19/12/2023 05:45,1.33
19/12/2023 06:00,1.33
19/12/2023 06:15,1.32
19/12/2023 06:30,1.32
19/12/2023 06:45,1.33
19/12/2023 07:00,1.32
19/12/2023 07:15,1.32
19/12/2023 07:30,1.32
19/12/2023 07:45,1.31
19/12/2023 08:00,1.33
19/12/2023 08:15,1.32
19/12/2023 08:30,1.32
19/12/2023 08:45,1.32
19/12/2023 09:00,1.31
19/12/2023 09:15,1.32
19/12/2023 09:30,1.31
19/12/2023 09:45,1.32
19/12/2023 10:00,1.32
19/12/2023 10:15,1.32
19/12/2023 10:30,1.33
19/12/2023 10:45,1.32
19/12/2023 11:00,1.33
19/12/2023 11:15,1.33
19/12/2023 11:30,1.33
19/12/2023 11:45,1.34
19/12/2023 12:00,1.34
19/12/2023 12:15,1.34
19/12/2023 12:30,1.34
19/12/2023 12:45,1.35
19/12/2023 13:00,1.36
19/12/2023 13:15,1.37
19/12/2023 13:30,1.37
19/12/2023 13:45,1.38
19/12/2023 14:00,1.38
19/12/2023 14:15,1.39
19/12/2023 14:30,1.4
19/12/2023 14:45,1.4
19/12/2023 15:00,1.41
19/12/2023 15:15,1.43
19/12/2023 15:30,1.44
19/12/2023 15:45,1.44
19/12/2023 16:00,1.45
19/12/2023 16:15,1.47
19/12/2023 16:30,1.48
19/12/2023 16:45,1.48
19/12/2023 17:00,1.5
19/12/2023 17:15,1.51
19/12/2023 17:30,1.52
19/12/2023 17:45,1.54
19/12/2023 18:00,1.55
19/12/2023 18:15,1.58
19/12/2023 18:30,1.59
19/12/2023 18:45,1.6
19/12/2023 19:00,1.62
19/12/2023 19:15,1.63
19/12/2023 19:30,1.65
19/12/2023 19:45,1.68
19/12/2023 20:00,1.7
19/12/2023 20:15,1.72
19/12/2023 20:30,1.74
19/12/2023 20:45,1.77
19/12/2023 21:00,1.8
19/12/2023 21:15,1.82
19/12/2023 21:30,1.85
19/12/2023 21:45,1.88
19/12/2023 22:00,1.91
19/12/2023 22:15,1.93
19/12/2023 22:30,1.97
19/12/2023 22:45,2
19/12/2023 23:00,2.03
19/12/2023 23:15,2.07
19/12/2023 23:30,2.08
19/12/2023 23:45,2.12
20/12/2023 00:00,2.15
20/12/2023 00:15,2.17
20/12/2023 00:30,2.2
20/12/2023 00:45,2.22
20/12/2023 01:00,2.25
20/12/2023 01:15,2.28
20/12/2023 01:30,2.31
20/12/2023 01:45,2.34
20/12/2023 02:00,2.36
20/12/2023 02:15,2.39
20/12/2023 02:30,2.4
20/12/2023 02:45,2.43
20/12/2023 03:00,2.46
20/12/2023 03:15,2.47
20/12/2023 03:30,2.5
20/12/2023 03:45,2.51
20/12/2023 04:00,2.53
20/12/2023 04:15,2.55
20/12/2023 04:30,2.58
20/12/2023 04:45,2.59
20/12/2023 05:00,2.61
20/12/2023 05:15,2.61
20/12/2023 05:30,2.64
20/12/2023 05:45,2.65
20/12/2023 06:00,2.66
20/12/2023 06:15,2.67
20/12/2023 06:30,2.67
20/12/2023 06:45,2.69
20/12/2023 07:00,2.69
20/12/2023 07:15,2.71
20/12/2023 07:30,2.72
20/12/2023 07:45,2.72
20/12/2023 08:00,2.72
20/12/2023 08:15,2.73
20/12/2023 08:30,2.73
20/12/2023 08:45,2.73
20/12/2023 09:00,2.73
20/12/2023 09:15,2.74
20/12/2023 09:30,2.73
20/12/2023 09:45,2.74
20/12/2023 10:00,2.73
20/12/2023 10:15,2.74
20/12/2023 10:30,2.73
20/12/2023 10:45,2.72
20/12/2023 11:00,2.72
20/12/2023 11:15,2.72
20/12/2023 11:30,2.71
20/12/2023 11:45,2.71
20/12/2023 12:00,2.72
20/12/2023 12:15,2.7
20/12/2023 12:30,2.68
20/12/2023 12:45,2.69
20/12/2023 13:00,2.68
20/12/2023 13:15,2.67
20/12/2023 13:30,2.65
20/12/2023 13:45,2.64
20/12/2023 14:00,2.62
20/12/2023 14:15,2.62
20/12/2023 14:30,2.61
20/12/2023 14:45,2.6
20/12/2023 15:00,2.57
20/12/2023 15:15,2.57
20/12/2023 15:30,2.55
20/12/2023 15:45,2.54
20/12/2023 16:00,2.52
20/12/2023 16:15,2.51
20/12/2023 16:30,2.49
20/12/2023 16:45,2.49
20/12/2023 17:00,2.47
20/12/2023 17:15,2.46
20/12/2023 17:30,2.44
20/12/2023 17:45,2.43
20/12/2023 18:00,2.41
20/12/2023 18:15,2.4
20/12/2023 18:30,2.38
20/12/2023 18:45,2.37
20/12/2023 19:00,2.35
20/12/2023 19:15,2.35
20/12/2023 19:30,2.34
20/12/2023 19:45,2.32
20/12/2023 20:00,2.3
20/12/2023 20:15,2.29
20/12/2023 20:30,2.28
20/12/2023 20:45,2.26
20/12/2023 21:00,2.24
20/12/2023 21:15,2.24
20/12/2023 21:30,2.22
20/12/2023 21:45,2.22
20/12/2023 22:00,2.2
20/12/2023 22:15,2.19
20/12/2023 22:30,2.18
20/12/2023 22:45,2.17
20/12/2023 23:00,2.16
20/12/2023 23:15,2.15
20/12/2023 23:30,2.14
20/12/2023 23:45,2.13
21/12/2023 00:00,2.11
21/12/2023 00:15,2.1
21/12/2023 00:30,2.09
21/12/2023 00:45,2.08
21/12/2023 01:00,2.07
21/12/2023 01:15,2.06
21/12/2023 01:30,2.06
21/12/2023 01:45,2.05
21/12/2023 02:00,2.03
21/12/2023 02:15,2.03
21/12/2023 02:30,2.03
21/12/2023 02:45,2.01
21/12/2023 03:00,2
21/12/2023 03:15,2.01
21/12/2023 03:30,1.99
21/12/2023 03:45,1.98
21/12/2023 04:00,1.97
21/12/2023 04:15,1.97
21/12/2023 04:30,1.97
21/12/2023 04:45,1.94
21/12/2023 05:00,1.95
21/12/2023 05:15,1.93
21/12/2023 05:30,1.94
21/12/2023 05:45,1.92
21/12/2023 06:00,1.93
21/12/2023 06:15,1.92
21/12/2023 06:30,1.92
21/12/2023 06:45,1.91
21/12/2023 07:00,1.9
21/12/2023 07:15,1.9
21/12/2023 07:30,1.88
21/12/2023 07:45,1.88
21/12/2023 08:00,1.88
21/12/2023 08:15,1.87
21/12/2023 08:30,1.88
21/12/2023 08:45,1.88
21/12/2023 09:00,1.86
21/12/2023 09:15,1.85
21/12/2023 09:30,1.85
21/12/2023 09:45,1.86
21/12/2023 10:00,1.85
21/12/2023 10:15,1.84
21/12/2023 10:30,1.84
21/12/2023 10:45,1.85
21/12/2023 11:00,1.83
21/12/2023 11:15,1.85
21/12/2023 11:30,1.83
21/12/2023 11:45,1.84
21/12/2023 12:00,1.84
21/12/2023 12:15,1.83
21/12/2023 12:30,1.84
21/12/2023 12:45,1.83
21/12/2023 13:00,1.83
21/12/2023 13:15,1.83
21/12/2023 13:30,1.83
21/12/2023 13:45,1.81
21/12/2023 14:00,1.83
21/12/2023 14:15,1.83
21/12/2023 14:30,1.82
21/12/2023 14:45,1.83
21/12/2023 15:00,1.82
21/12/2023 15:15,1.83
21/12/2023 15:30,1.84
21/12/2023 15:45,1.83
21/12/2023 16:00,1.83
21/12/2023 16:15,1.83
21/12/2023 16:30,1.83
21/12/2023 16:45,1.83
21/12/2023 17:00,1.83
21/12/2023 17:15,1.83
21/12/2023 17:30,1.84
21/12/2023 17:45,1.82
21/12/2023 18:00,1.84
21/12/2023 18:15,1.83
21/12/2023 18:30,1.84
21/12/2023 18:45,1.83
21/12/2023 19:00,1.84
21/12/2023 19:15,1.85
21/12/2023 19:30,1.84
21/12/2023 19:45,1.85
21/12/2023 20:00,1.85
21/12/2023 20:15,1.85
21/12/2023 20:30,1.85
21/12/2023 20:45,1.86
21/12/2023 21:00,1.86
21/12/2023 21:15,1.86
21/12/2023 21:30,1.86
21/12/2023 21:45,1.86
21/12/2023 22:00,1.87
21/12/2023 22:15,1.87
21/12/2023 22:30,1.88
21/12/2023 22:45,1.88
21/12/2023 23:00,1.89
21/12/2023 23:15,1.89
21/12/2023 23:30,1.89
21/12/2023 23:45,1.9
22/12/2023 00:00,1.9
22/12/2023 00:15,1.9
22/12/2023 00:30,1.9
22/12/2023 00:45,1.92
22/12/2023 01:00,1.91
22/12/2023 01:15,1.92
22/12/2023 01:30,1.92
22/12/2023 01:45,1.92
22/12/2023 02:00,1.93
22/12/2023 02:15,1.94
22/12/2023 02:30,1.93
22/12/2023 02:45,1.94
22/12/2023 03:00,1.95
22/12/2023 03:15,1.95
22/12/2023 03:30,1.95
22/12/2023 03:45,1.96
22/12/2023 04:00,1.96
22/12/2023 04:15,1.96
22/12/2023 04:30,1.94
22/12/2023 04:45,1.97
22/12/2023 05:00,1.98
22/12/2023 05:15,1.97
22/12/2023 05:30,1.98
22/12/2023 05:45,1.97
22/12/2023 06:00,1.97
22/12/2023 06:15,1.99
22/12/2023 06:30,1.97
22/12/2023 06:45,1.97
22/12/2023 07:00,1.98
22/12/2023 07:15,1.98
22/12/2023 07:30,1.97
22/12/2023 07:45,1.97
22/12/2023 08:00,1.97
22/12/2023 08:15,1.97
22/12/2023 08:30,1.96
22/12/2023 08:45,1.97
22/12/2023 09:00,1.97
22/12/2023 09:15,1.96
22/12/2023 09:30,1.98
22/12/2023 09:45,1.97
22/12/2023 10:00,1.97
22/12/2023 10:15,1.96
22/12/2023 10:30,1.95
22/12/2023 10:45,1.96
22/12/2023 11:00,1.97
22/12/2023 11:15,1.95
22/12/2023 11:30,1.95
22/12/2023 11:45,1.95
22/12/2023 12:00,1.94
22/12/2023 12:15,1.94
22/12/2023 12:30,1.94
22/12/2023 12:45,1.95
22/12/2023 13:00,1.94
22/12/2023 13:15,1.94
22/12/2023 13:30,1.93
22/12/2023 13:45,1.93
22/12/2023 14:00,1.93
22/12/2023 14:15,1.93
22/12/2023 14:30,1.93
22/12/2023 14:45,1.92
22/12/2023 15:00,1.92
22/12/2023 15:15,1.92
22/12/2023 15:30,1.92
22/12/2023 15:45,1.92
22/12/2023 16:00,1.91
22/12/2023 16:15,1.9
22/12/2023 16:30,1.9
22/12/2023 16:45,1.9
22/12/2023 17:00,1.89
22/12/2023 17:15,1.89
22/12/2023 17:30,1.88
22/12/2023 17:45,1.88
22/12/2023 18:00,1.88
22/12/2023 18:15,1.87
22/12/2023 18:30,1.87
22/12/2023 18:45,1.86
22/12/2023 19:00,1.86
22/12/2023 19:15,1.85
22/12/2023 19:30,1.85
22/12/2023 19:45,1.84
22/12/2023 20:00,1.83
22/12/2023 20:15,1.83
22/12/2023 20:30,1.83
22/12/2023 20:45,1.82
22/12/2023 21:00,1.81
22/12/2023 21:15,1.8
22/12/2023 21:30,1.81
22/12/2023 21:45,1.8
22/12/2023 22:00,1.79
22/12/2023 22:15,1.8
22/12/2023 22:30,1.8
22/12/2023 22:45,1.78
22/12/2023 23:00,1.78
22/12/2023 23:15,1.78
22/12/2023 23:30,1.77
22/12/2023 23:45,1.76
23/12/2023 00:00,1.76
23/12/2023 00:15,1.76
23/12/2023 00:30,1.76
23/12/2023 00:45,1.75
23/12/2023 01:00,1.75
23/12/2023 01:15,1.75
23/12/2023 01:30,1.74
23/12/2023 01:45,1.75
23/12/2023 02:00,1.75
23/12/2023 02:15,1.74
23/12/2023 02:30,1.74
23/12/2023 02:45,1.75
23/12/2023 03:00,1.74
23/12/2023 03:15,1.75
23/12/2023 03:30,1.75
23/12/2023 03:45,1.74
23/12/2023 04:00,1.74
23/12/2023 04:15,1.75
23/12/2023 04:30,1.76
23/12/2023 04:45,1.75
23/12/2023 05:00,1.75
23/12/2023 05:15,1.75
23/12/2023 05:30,1.75
23/12/2023 05:45,1.76
23/12/2023 06:00,1.76
23/12/2023 06:15,1.76
23/12/2023 06:30,1.76
23/12/2023 06:45,1.76
23/12/2023 07:00,1.77
23/12/2023 07:15,1.77
23/12/2023 07:30,1.77
23/12/2023 07:45,1.77
23/12/2023 08:00,1.78
23/12/2023 08:15,1.78
23/12/2023 08:30,1.78
23/12/2023 08:45,1.79
23/12/2023 09:00,1.78
23/12/2023 09:15,1.78
23/12/2023 09:30,1.79
23/12/2023 09:45,1.79
23/12/2023 10:00,1.79
23/12/2023 10:15,1.78
23/12/2023 10:30,1.78
23/12/2023 10:45,1.79
23/12/2023 11:00,1.78
23/12/2023 11:15,1.79
23/12/2023 11:30,1.78
23/12/2023 11:45,1.79
23/12/2023 12:00,1.8
23/12/2023 12:15,1.79
23/12/2023 12:30,1.8
23/12/2023 12:45,1.78
23/12/2023 13:00,1.79
23/12/2023 13:15,1.78
23/12/2023 13:30,1.78
23/12/2023 13:45,1.78
23/12/2023 14:00,1.78
23/12/2023 14:15,1.78
23/12/2023 14:30,1.77
23/12/2023 14:45,1.76
23/12/2023 15:00,1.76
23/12/2023 15:15,1.76
23/12/2023 15:30,1.76
23/12/2023 15:45,1.75
23/12/2023 16:00,1.75
23/12/2023 16:15,1.75
23/12/2023 16:30,1.74
23/12/2023 16:45,1.73
23/12/2023 17:00,1.74
23/12/2023 17:15,1.74
23/12/2023 17:30,1.73
23/12/2023 17:45,1.73
23/12/2023 18:00,1.73
23/12/2023 18:15,1.71
23/12/2023 18:30,1.72
23/12/2023 18:45,1.71
23/12/2023 19:00,1.71
23/12/2023 19:15,1.71
23/12/2023 19:30,1.7
23/12/2023 19:45,1.7
23/12/2023 20:00,1.7
23/12/2023 20:15,1.69
23/12/2023 20:30,1.69
23/12/2023 20:45,1.69
23/12/2023 21:00,1.69
23/12/2023 21:15,1.69
23/12/2023 21:30,1.69
23/12/2023 21:45,1.68
23/12/2023 22:00,1.67
23/12/2023 22:15,1.68
23/12/2023 22:30,1.68
23/12/2023 22:45,1.68
23/12/2023 23:00,1.68
23/12/2023 23:15,1.67
23/12/2023 23:30,1.67
23/12/2023 23:45,1.68
24/12/2023 00:00,1.67
24/12/2023 00:15,1.67
24/12/2023 00:30,1.67
24/12/2023 00:45,1.67
24/12/2023 01:00,1.67
24/12/2023 01:15,1.66
24/12/2023 01:30,1.66
24/12/2023 01:45,1.66
24/12/2023 02:00,1.67
24/12/2023 02:15,1.67
24/12/2023 02:30,1.66
24/12/2023 02:45,1.66
24/12/2023 03:00,1.66
24/12/2023 03:15,1.66
24/12/2023 03:30,1.66
24/12/2023 03:45,1.66
24/12/2023 04:00,1.66
24/12/2023 04:15,1.65
24/12/2023 04:30,1.65
24/12/2023 04:45,1.64
24/12/2023 05:00,1.64
24/12/2023 05:15,1.65
24/12/2023 05:30,1.64
24/12/2023 05:45,1.64
24/12/2023 06:00,1.64
24/12/2023 06:15,1.64
24/12/2023 06:30,1.63
24/12/2023 06:45,1.64
24/12/2023 07:00,1.64
24/12/2023 07:15,1.63
24/12/2023 07:30,1.63
24/12/2023 07:45,1.63
24/12/2023 08:00,1.63
24/12/2023 08:15,1.63
24/12/2023 08:30,1.64
24/12/2023 08:45,1.63
24/12/2023 09:00,1.63
24/12/2023 09:15,1.62
24/12/2023 09:30,1.63
24/12/2023 09:45,1.62
24/12/2023 10:00,1.63
24/12/2023 10:15,1.64
24/12/2023 10:30,1.63
24/12/2023 10:45,1.63
24/12/2023 11:00,1.64
24/12/2023 11:15,1.64
24/12/2023 11:30,1.63
24/12/2023 11:45,1.63
24/12/2023 12:00,1.64
24/12/2023 12:15,1.64
24/12/2023 12:30,1.63
24/12/2023 12:45,1.63
24/12/2023 13:00,1.63
24/12/2023 13:15,1.64
24/12/2023 13:30,1.64
24/12/2023 13:45,1.63
24/12/2023 14:00,1.64
24/12/2023 14:15,1.64
24/12/2023 14:30,1.64
24/12/2023 14:45,1.64
24/12/2023 15:00,1.64
24/12/2023 15:15,1.65
24/12/2023 15:30,1.64
24/12/2023 15:45,1.63
24/12/2023 16:00,1.64
24/12/2023 16:15,1.64
24/12/2023 16:30,1.64
24/12/2023 16:45,1.65
24/12/2023 17:00,1.64
24/12/2023 17:15,1.65
24/12/2023 17:30,1.65
24/12/2023 17:45,1.66
24/12/2023 18:00,1.68
24/12/2023 18:15,1.68
24/12/2023 18:30,1.68
24/12/2023 18:45,1.7
24/12/2023 19:00,1.72
24/12/2023 19:15,1.74
24/12/2023 19:30,1.76
24/12/2023 19:45,1.79
24/12/2023 20:00,1.82
24/12/2023 20:15,1.85
24/12/2023 20:30,1.89
24/12/2023 20:45,1.94
24/12/2023 21:00,1.98
24/12/2023 21:15,2.02
24/12/2023 21:30,2.06
24/12/2023 21:45,2.11
24/12/2023 22:00,2.16
24/12/2023 22:15,2.21
24/12/2023 22:30,2.29
24/12/2023 22:45,2.32
24/12/2023 23:00,2.38
24/12/2023 23:15,2.43
24/12/2023 23:30,2.48
24/12/2023 23:45,2.52
25/12/2023 00:00,2.58
25/12/2023 00:15,2.61
25/12/2023 00:30,2.65
25/12/2023 00:45,2.7
25/12/2023 01:00,2.75
25/12/2023 01:15,2.79
25/12/2023 01:30,2.84
25/12/2023 01:45,2.88
25/12/2023 02:00,2.9
25/12/2023 02:15,2.94
25/12/2023 02:30,2.99
25/12/2023 02:45,3.01
25/12/2023 03:00,3.04
25/12/2023 03:15,3.08
25/12/2023 03:30,3.09
25/12/2023 03:45,3.14
25/12/2023 04:00,3.16
25/12/2023 04:15,3.19
25/12/2023 04:30,3.21
25/12/2023 04:45,3.24
25/12/2023 05:00,3.27
25/12/2023 05:15,3.29
25/12/2023 05:30,3.3
25/12/2023 05:45,3.33
25/12/2023 06:00,3.33
25/12/2023 06:15,3.37
25/12/2023 06:30,3.38
25/12/2023 06:45,3.41
25/12/2023 07:00,3.43
25/12/2023 07:15,3.43
25/12/2023 07:30,3.45
25/12/2023 07:45,3.47
25/12/2023 08:00,3.47
25/12/2023 08:15,3.48
25/12/2023 08:30,3.5
25/12/2023 08:45,3.49
25/12/2023 09:00,3.51
25/12/2023 09:15,3.52
25/12/2023 09:30,3.54
25/12/2023 09:45,3.55
25/12/2023 10:00,3.57
25/12/2023 10:15,3.55
25/12/2023 10:30,3.58
25/12/2023 10:45,3.57
25/12/2023 11:00,3.56
25/12/2023 11:15,3.59
25/12/2023 11:30,3.6
25/12/2023 11:45,3.63
25/12/2023 12:00,3.6
25/12/2023 12:15,3.64
25/12/2023 12:30,3.62
25/12/2023 12:45,3.62
25/12/2023 13:00,3.61
25/12/2023 13:15,3.63
25/12/2023 13:30,3.63
25/12/2023 13:45,3.62
25/12/2023 14:00,3.65
25/12/2023 14:15,3.65
25/12/2023 14:30,3.66
25/12/2023 14:45,3.66
25/12/2023 15:00,3.66
25/12/2023 15:15,3.66
25/12/2023 15:30,3.68
25/12/2023 15:45,3.7
25/12/2023 16:00,3.71
25/12/2023 16:15,3.69
25/12/2023 16:30,3.71
25/12/2023 16:45,3.71
25/12/2023 17:00,3.72
25/12/2023 17:15,3.7
25/12/2023 17:30,3.72
25/12/2023 17:45,3.73
25/12/2023 18:00,3.72
25/12/2023 18:15,3.76
25/12/2023 18:30,3.73
25/12/2023 18:45,3.76
25/12/2023 19:00,3.69
25/12/2023 19:15,3.76
25/12/2023 19:30,3.77
25/12/2023 19:45,3.77
25/12/2023 20:00,3.79
25/12/2023 20:15,3.77
25/12/2023 20:30,3.8
25/12/2023 20:45,3.77
25/12/2023 21:00,3.77
25/12/2023 21:15,3.78
25/12/2023 21:30,3.81
25/12/2023 21:45,3.79
25/12/2023 22:00,3.78
25/12/2023 22:15,3.8
25/12/2023 22:30,3.8
25/12/2023 22:45,3.8
25/12/2023 23:00,3.81
25/12/2023 23:15,3.82
25/12/2023 23:30,3.82
25/12/2023 23:45,3.8
26/12/2023 00:00,3.81
26/12/2023 00:15,3.81
26/12/2023 00:30,3.8
26/12/2023 00:45,3.81
26/12/2023 01:00,3.79
26/12/2023 01:15,3.79
26/12/2023 01:30,3.8
26/12/2023 01:45,3.8
26/12/2023 02:00,3.78
26/12/2023 02:15,3.79
26/12/2023 02:30,3.8
26/12/2023 02:45,3.74
26/12/2023 03:00,3.76
26/12/2023 03:15,3.75
26/12/2023 03:30,3.74
26/12/2023 03:45,3.74
26/12/2023 04:00,3.73
26/12/2023 04:15,3.72
26/12/2023 04:30,3.71
26/12/2023 04:45,3.69
26/12/2023 05:00,3.69
26/12/2023 05:15,3.65
26/12/2023 05:30,3.64
26/12/2023 05:45,3.67
26/12/2023 06:00,3.61
26/12/2023 06:15,3.59
26/12/2023 06:30,3.56
26/12/2023 06:45,3.57
26/12/2023 07:00,3.53
26/12/2023 07:15,3.51
26/12/2023 07:30,3.48
26/12/2023 07:45,3.42
26/12/2023 08:00,3.44
26/12/2023 08:15,3.4
26/12/2023 08:30,3.38
26/12/2023 08:45,3.35
26/12/2023 09:00,3.32
26/12/2023 09:15,3.29
26/12/2023 09:30,3.26
26/12/2023 09:45,3.25
26/12/2023 10:00,3.21
26/12/2023 10:15,3.19
26/12/2023 10:30,3.16
26/12/2023 10:45,3.14
26/12/2023 11:00,3.12
26/12/2023 11:15,3.09
26/12/2023 11:30,3.07
26/12/2023 11:45,3.06
26/12/2023 12:00,3.04
26/12/2023 12:15,3.03
26/12/2023 12:30,3.01
26/12/2023 12:45,2.99
26/12/2023 13:00,2.99
26/12/2023 13:15,2.97
26/12/2023 13:30,2.96
26/12/2023 13:45,2.95
26/12/2023 14:00,2.94
26/12/2023 14:15,2.94
26/12/2023 14:30,2.94
26/12/2023 14:45,2.93
26/12/2023 15:00,2.92
26/12/2023 15:15,2.91
26/12/2023 15:30,2.91
26/12/2023 15:45,2.91
26/12/2023 16:00,2.9
26/12/2023 16:15,2.9
26/12/2023 16:30,2.9
26/12/2023 16:45,2.91
26/12/2023 17:00,2.9
26/12/2023 17:15,2.9
26/12/2023 17:30,2.9
26/12/2023 17:45,2.9
26/12/2023 18:00,2.9
26/12/2023 18:15,2.91
26/12/2023 18:30,2.9
26/12/2023 18:45,2.9
26/12/2023 19:00,2.91
26/12/2023 19:15,2.9
26/12/2023 19:30,2.9
26/12/2023 19:45,2.9
26/12/2023 20:00,2.91
26/12/2023 20:15,2.91
26/12/2023 20:30,2.89
26/12/2023 20:45,2.89
26/12/2023 21:00,2.9
26/12/2023 21:15,2.89
26/12/2023 21:30,2.88
26/12/2023 21:45,2.88
26/12/2023 22:00,2.88
26/12/2023 22:15,2.86
26/12/2023 22:30,2.87
26/12/2023 22:45,2.86
26/12/2023 23:00,2.86
26/12/2023 23:15,2.85
26/12/2023 23:30,2.82
26/12/2023 23:45,2.83
27/12/2023 00:00,2.81
27/12/2023 00:15,2.81
27/12/2023 00:30,2.79
27/12/2023 00:45,2.79
27/12/2023 01:00,2.78
27/12/2023 01:15,2.77
27/12/2023 01:30,2.76
27/12/2023 01:45,2.74
27/12/2023 02:00,2.73
27/12/2023 02:15,2.72
27/12/2023 02:30,2.71
27/12/2023 02:45,2.68
27/12/2023 03:00,2.68
27/12/2023 03:15,2.66
27/12/2023 03:30,2.65
27/12/2023 03:45,2.65
27/12/2023 04:00,2.62
27/12/2023 04:15,2.61
27/12/2023 04:30,2.61
27/12/2023 04:45,2.58
27/12/2023 05:00,2.57
27/12/2023 05:15,2.55
27/12/2023 05:30,2.54
27/12/2023 05:45,2.53
27/12/2023 06:00,2.51
27/12/2023 06:15,2.49
27/12/2023 06:30,2.49
27/12/2023 06:45,2.47
27/12/2023 07:00,2.46
27/12/2023 07:15,2.45
27/12/2023 07:30,2.43
27/12/2023 07:45,2.43
27/12/2023 08:00,2.41
27/12/2023 08:15,2.4
27/12/2023 08:30,2.39
27/12/2023 08:45,2.37
27/12/2023 09:00,2.36
27/12/2023 09:15,2.36
27/12/2023 09:30,2.33
27/12/2023 09:45,2.33
27/12/2023 10:00,2.32
27/12/2023 10:15,2.31
27/12/2023 10:30,2.29
27/12/2023 10:45,2.27
27/12/2023 11:00,2.28
27/12/2023 11:15,2.27
27/12/2023 11:30,2.26
27/12/2023 11:45,2.25
27/12/2023 12:00,2.24
27/12/2023 12:15,2.23
27/12/2023 12:30,2.23
27/12/2023 12:45,2.22
27/12/2023 13:00,2.21
27/12/2023 13:15,2.19
27/12/2023 13:30,2.2
27/12/2023 13:45,2.19
27/12/2023 14:00,2.19
27/12/2023 14:15,2.19
27/12/2023 14:30,2.2
27/12/2023 14:45,2.17
27/12/2023 15:00,2.17
27/12/2023 15:15,2.16
27/12/2023 15:30,2.16
27/12/2023 15:45,2.15
27/12/2023 16:00,2.15
27/12/2023 16:15,2.16
27/12/2023 16:30,2.14
27/12/2023 16:45,2.14
27/12/2023 17:00,2.15
27/12/2023 17:15,2.13
27/12/2023 17:30,2.13
27/12/2023 17:45,2.14
27/12/2023 18:00,2.15
27/12/2023 18:15,2.14
27/12/2023 18:30,2.15
27/12/2023 18:45,2.14
27/12/2023 19:00,2.15
27/12/2023 19:15,2.16
27/12/2023 19:30,2.17
27/12/2023 19:45,2.18
27/12/2023 20:00,2.19
27/12/2023 20:15,2.2
27/12/2023 20:30,2.21
27/12/2023 20:45,2.22
27/12/2023 21:00,2.23
27/12/2023 21:15,2.24
27/12/2023 21:30,2.27
27/12/2023 21:45,2.28
27/12/2023 22:00,2.3
27/12/2023 22:15,2.31
27/12/2023 22:30,2.33
27/12/2023 22:45,2.36
27/12/2023 23:00,2.39
27/12/2023 23:15,2.41
27/12/2023 23:30,2.43
27/12/2023 23:45,2.48
28/12/2023 00:00,2.5
28/12/2023 00:15,2.55
28/12/2023 00:30,2.57
28/12/2023 00:45,2.59
28/12/2023 01:00,2.65
28/12/2023 01:15,2.67
28/12/2023 01:30,2.71
28/12/2023 01:45,2.74
28/12/2023 02:00,2.78
28/12/2023 02:15,2.83
28/12/2023 02:30,2.85
28/12/2023 02:45,2.91
28/12/2023 03:00,2.93
28/12/2023 03:15,2.95
28/12/2023 03:30,2.99
28/12/2023 03:45,3.03
28/12/2023 04:00,3.04
28/12/2023 04:15,3.1
28/12/2023 04:30,3.13
28/12/2023 04:45,3.16
28/12/2023 05:00,3.19
28/12/2023 05:15,3.22
28/12/2023 05:30,3.25
28/12/2023 05:45,3.28
28/12/2023 06:00,3.31
28/12/2023 06:15,3.33
28/12/2023 06:30,3.37
28/12/2023 06:45,3.39
28/12/2023 07:00,3.42
28/12/2023 07:15,3.42
28/12/2023 07:30,3.44
28/12/2023 07:45,3.47
28/12/2023 08:00,3.47
28/12/2023 08:15,3.52
28/12/2023 08:30,3.52
28/12/2023 08:45,3.55
28/12/2023 09:00,3.57
28/12/2023 09:15,3.57
28/12/2023 09:30,3.57
28/12/2023 09:45,3.59
28/12/2023 10:00,3.59
28/12/2023 10:15,3.61
28/12/2023 10:30,3.62
28/12/2023 10:45,3.62
28/12/2023 11:00,3.63
28/12/2023 11:15,3.63
28/12/2023 11:30,3.64
28/12/2023 11:45,3.65
28/12/2023 12:00,3.65
28/12/2023 12:15,3.69
28/12/2023 12:30,3.67
28/12/2023 12:45,3.69
28/12/2023 13:00,3.7
28/12/2023 13:15,3.7
28/12/2023 13:30,3.73
28/12/2023 13:45,3.74
28/12/2023 14:00,3.74
28/12/2023 14:15,3.75
28/12/2023 14:30,3.76
28/12/2023 14:45,3.77
28/12/2023 15:00,3.76
28/12/2023 15:15,3.78
28/12/2023 15:30,3.79
28/12/2023 15:45,3.78
28/12/2023 16:00,3.82
28/12/2023 16:15,3.82
28/12/2023 16:30,3.79
28/12/2023 16:45,3.82
28/12/2023 17:00,3.8
28/12/2023 17:15,3.81
28/12/2023 17:30,3.83
28/12/2023 17:45,3.83
28/12/2023 18:00,3.84
28/12/2023 18:15,3.84
28/12/2023 18:30,3.86
28/12/2023 18:45,3.89
28/12/2023 19:00,3.87
28/12/2023 19:15,3.87
28/12/2023 19:30,3.89
28/12/2023 19:45,3.88
28/12/2023 20:00,3.89
28/12/2023 20:15,3.9
28/12/2023 20:30,3.92
28/12/2023 20:45,3.92
28/12/2023 21:00,3.9
28/12/2023 21:15,3.9
28/12/2023 21:30,3.93
28/12/2023 21:45,3.94
28/12/2023 22:00,3.99
28/12/2023 22:15,3.93
28/12/2023 22:30,3.95
28/12/2023 22:45,3.95
28/12/2023 23:00,3.96
28/12/2023 23:15,3.96
28/12/2023 23:30,3.95
28/12/2023 23:45,3.96
29/12/2023 00:00,3.93
29/12/2023 00:15,4
29/12/2023 00:30,3.94
29/12/2023 00:45,3.96
29/12/2023 01:00,3.98
29/12/2023 01:15,4.03
29/12/2023 01:30,4.01
29/12/2023 01:45,3.99
29/12/2023 02:00,3.97
29/12/2023 02:15,4.01
29/12/2023 02:30,4
29/12/2023 02:45,3.99
29/12/2023 03:00,4.01
29/12/2023 03:15,4.02
29/12/2023 03:30,4.02
29/12/2023 03:45,4.03
29/12/2023 04:00,4.05
29/12/2023 04:15,4.06
29/12/2023 04:30,4.04
29/12/2023 04:45,4.03
29/12/2023 05:00,4.06
29/12/2023 05:15,4.05
29/12/2023 05:30,4.08
29/12/2023 05:45,4.07
29/12/2023 06:00,4.09
29/12/2023 06:15,4.04
29/12/2023 06:30,4.09
29/12/2023 06:45,4.09
29/12/2023 07:00,4.1
29/12/2023 07:15,4.11
29/12/2023 07:30,4.12
29/12/2023 07:45,4.11
29/12/2023 08:00,4.12
29/12/2023 08:15,4.12
29/12/2023 08:30,4.13
29/12/2023 08:45,4.12
29/12/2023 09:00,4.13
29/12/2023 09:15,4.13
29/12/2023 09:30,4.15
29/12/2023 09:45,4.15
29/12/2023 10:00,4.15
29/12/2023 10:15,4.16
29/12/2023 10:30,4.17
29/12/2023 10:45,4.18
29/12/2023 11:00,4.18
29/12/2023 11:15,4.16
29/12/2023 11:30,4.18
29/12/2023 11:45,4.18
29/12/2023 12:00,4.19
29/12/2023 12:15,4.19
29/12/2023 12:30,4.2
29/12/2023 12:45,4.2
29/12/2023 13:00,4.2
29/12/2023 13:15,4.22
29/12/2023 13:30,4.22
29/12/2023 13:45,4.23
29/12/2023 14:00,4.21
29/12/2023 14:15,4.23
29/12/2023 14:30,4.22
29/12/2023 14:45,4.23
29/12/2023 15:00,4.23
29/12/2023 15:15,4.23
29/12/2023 15:30,4.22
29/12/2023 15:45,4.23
29/12/2023 16:00,4.26
29/12/2023 16:15,4.24
29/12/2023 16:30,4.22
29/12/2023 16:45,4.26
29/12/2023 17:00,4.26
29/12/2023 17:15,4.24
29/12/2023 17:30,4.25
29/12/2023 17:45,4.25
29/12/2023 18:00,4.25
29/12/2023 18:15,4.24
29/12/2023 18:30,4.26
29/12/2023 18:45,4.25
29/12/2023 19:00,4.24
29/12/2023 19:15,4.26
29/12/2023 19:30,4.24
29/12/2023 19:45,4.28
29/12/2023 20:00,4.24
29/12/2023 20:15,4.25
29/12/2023 20:30,4.24
29/12/2023 20:45,4.25
29/12/2023 21:00,4.28
29/12/2023 21:15,4.25
29/12/2023 21:30,4.23
29/12/2023 21:45,4.24
29/12/2023 22:00,4.24
29/12/2023 22:15,4.25
29/12/2023 22:30,4.24
29/12/2023 22:45,4.25
29/12/2023 23:00,4.25
29/12/2023 23:15,4.24
29/12/2023 23:30,4.23
29/12/2023 23:45,4.24
30/12/2023 00:00,4.22
30/12/2023 00:15,4.25
30/12/2023 00:30,4.25
30/12/2023 00:45,4.24
30/12/2023 01:00,4.24
30/12/2023 01:15,4.24
30/12/2023 01:30,4.22
30/12/2023 01:45,4.23
30/12/2023 02:00,4.23
30/12/2023 02:15,4.22
30/12/2023 02:30,4.22
30/12/2023 02:45,4.22
30/12/2023 03:00,4.21
30/12/2023 03:15,4.21
30/12/2023 03:30,4.22
30/12/2023 03:45,4.2
30/12/2023 04:00,4.19
30/12/2023 04:15,4.19
30/12/2023 04:30,4.19
30/12/2023 04:45,4.19
30/12/2023 05:00,4.19
30/12/2023 05:15,4.18
30/12/2023 05:30,4.16
30/12/2023 05:45,4.16
30/12/2023 06:00,4.16
30/12/2023 06:15,4.15
30/12/2023 06:30,4.15
30/12/2023 06:45,4.14
30/12/2023 07:00,4.13
30/12/2023 07:15,4.15
30/12/2023 07:30,4.14
30/12/2023 07:45,4.11
30/12/2023 08:00,4.11
30/12/2023 08:15,4.11
30/12/2023 08:30,4.1
30/12/2023 08:45,4.09
30/12/2023 09:00,4.09
30/12/2023 09:15,4.08
30/12/2023 09:30,4.06
30/12/2023 09:45,4.04
30/12/2023 10:00,4.04
30/12/2023 10:15,4.03
30/12/2023 10:30,4.04
30/12/2023 10:45,4.01
30/12/2023 11:00,4.01
30/12/2023 11:15,4.01
30/12/2023 11:30,4.02
30/12/2023 11:45,3.99
30/12/2023 12:00,4
30/12/2023 12:15,3.96
30/12/2023 12:30,3.96
30/12/2023 12:45,3.97
30/12/2023 13:00,3.94
30/12/2023 13:15,3.93
30/12/2023 13:30,3.92
30/12/2023 13:45,3.92
30/12/2023 14:00,3.9
30/12/2023 14:15,3.89
30/12/2023 14:30,3.88
30/12/2023 14:45,3.88
30/12/2023 15:00,3.86
30/12/2023 15:15,3.84
30/12/2023 15:30,3.85
30/12/2023 15:45,3.85
30/12/2023 16:00,3.83
30/12/2023 16:15,3.82
30/12/2023 16:30,3.81
30/12/2023 16:45,3.8
30/12/2023 17:00,3.8
30/12/2023 17:15,3.77
30/12/2023 17:30,3.77
30/12/2023 17:45,3.77
30/12/2023 18:00,3.77
30/12/2023 18:15,3.74
30/12/2023 18:30,3.73
30/12/2023 18:45,3.73
30/12/2023 19:00,3.72
30/12/2023 19:15,3.7
30/12/2023 19:30,3.69
30/12/2023 19:45,3.69
30/12/2023 20:00,3.68
30/12/2023 20:15,3.66
30/12/2023 20:30,3.68
30/12/2023 20:45,3.64
30/12/2023 21:00,3.63
30/12/2023 21:15,3.61
30/12/2023 21:30,3.62
30/12/2023 21:45,3.59
30/12/2023 22:00,3.58
30/12/2023 22:15,3.58
30/12/2023 22:30,3.57
30/12/2023 22:45,3.54
30/12/2023 23:00,3.55
30/12/2023 23:15,3.52
30/12/2023 23:30,3.51
30/12/2023 23:45,3.49
31/12/2023 00:00,3.49
31/12/2023 00:15,3.47
31/12/2023 00:30,3.45
31/12/2023 00:45,3.44
31/12/2023 01:00,3.42
31/12/2023 01:15,3.41
31/12/2023 01:30,3.39
31/12/2023 01:45,3.39
31/12/2023 02:00,3.37
31/12/2023 02:15,3.39
31/12/2023 02:30,3.34
31/12/2023 02:45,3.34
31/12/2023 03:00,3.33
31/12/2023 03:15,3.31
31/12/2023 03:30,3.3
31/12/2023 03:45,3.31
31/12/2023 04:00,3.29
31/12/2023 04:15,3.28
31/12/2023 04:30,3.26
31/12/2023 04:45,3.26
31/12/2023 05:00,3.26
31/12/2023 05:15,3.26
31/12/2023 05:30,3.25
31/12/2023 05:45,3.24
31/12/2023 06:00,3.23
31/12/2023 06:15,3.24
31/12/2023 06:30,3.24
31/12/2023 06:45,3.23
31/12/2023 07:00,3.23
31/12/2023 07:15,3.24
31/12/2023 07:30,3.23
31/12/2023 07:45,3.23
31/12/2023 08:00,3.24
31/12/2023 08:15,3.26
31/12/2023 08:30,3.24
31/12/2023 08:45,3.25
31/12/2023 09:00,3.27
31/12/2023 09:15,3.26
31/12/2023 09:30,3.28
31/12/2023 09:45,3.28
31/12/2023 10:00,3.31
31/12/2023 10:15,3.3
31/12/2023 10:30,3.31
31/12/2023 10:45,3.33
31/12/2023 11:00,3.37
31/12/2023 11:15,3.35
31/12/2023 11:30,3.37
31/12/2023 11:45,3.39
31/12/2023 12:00,3.41
31/12/2023 12:15,3.42
31/12/2023 12:30,3.44
31/12/2023 12:45,3.46
31/12/2023 13:00,3.47
31/12/2023 13:15,3.47
31/12/2023 13:30,3.48
31/12/2023 13:45,3.53
31/12/2023 14:00,3.51
31/12/2023 14:15,3.54
31/12/2023 14:30,3.55
31/12/2023 14:45,3.57
31/12/2023 15:00,3.59
31/12/2023 15:15,3.59
31/12/2023 15:30,3.63
31/12/2023 15:45,3.6
31/12/2023 16:00,3.62
31/12/2023 16:15,3.64
31/12/2023 16:30,3.64
31/12/2023 16:45,3.64
31/12/2023 17:00,3.66
31/12/2023 17:15,3.66
31/12/2023 17:30,3.67
31/12/2023 17:45,3.68
31/12/2023 18:00,3.7
31/12/2023 18:15,3.72
31/12/2023 18:30,3.7
31/12/2023 18:45,3.72
31/12/2023 19:00,3.72
31/12/2023 19:15,3.75
31/12/2023 19:30,3.74
31/12/2023 19:45,3.76
31/12/2023 20:00,3.78
31/12/2023 20:15,3.75
31/12/2023 20:30,3.78
31/12/2023 20:45,3.78
31/12/2023 21:00,3.79
31/12/2023 21:15,3.81
31/12/2023 21:30,3.79
31/12/2023 21:45,3.82
31/12/2023 22:00,3.83
31/12/2023 22:15,3.83
31/12/2023 22:30,3.82
31/12/2023 22:45,3.82
31/12/2023 23:00,3.86
31/12/2023 23:15,3.86
31/12/2023 23:30,3.84
31/12/2023 23:45,3.86
01/01/2024 00:00,3.87
01/01/2024 00:15,3.88
01/01/2024 00:30,3.9
01/01/2024 00:45,3.88
01/01/2024 01:00,3.89
01/01/2024 01:15,3.91
01/01/2024 01:30,3.9
01/01/2024 01:45,3.89
01/01/2024 02:00,3.92
01/01/2024 02:15,3.92
01/01/2024 02:30,3.91
01/01/2024 02:45,3.9
01/01/2024 03:00,3.95
01/01/2024 03:15,3.94
01/01/2024 03:30,3.92
01/01/2024 03:45,3.94
01/01/2024 04:00,3.96
01/01/2024 04:15,3.96
01/01/2024 04:30,3.95
01/01/2024 04:45,3.97
01/01/2024 05:00,3.96
01/01/2024 05:15,3.94
01/01/2024 05:30,3.96
01/01/2024 05:45,3.98
01/01/2024 06:00,3.99
01/01/2024 06:15,3.97
01/01/2024 06:30,3.97
01/01/2024 06:45,3.95
01/01/2024 07:00,3.97
01/01/2024 07:15,3.98
01/01/2024 07:30,4
01/01/2024 07:45,4.01
01/01/2024 08:00,3.99
01/01/2024 08:15,3.99
01/01/2024 08:30,4.01
01/01/2024 08:45,3.97
01/01/2024 09:00,4.03
01/01/2024 09:15,4.01
01/01/2024 09:30,4.02
01/01/2024 09:45,4
01/01/2024 10:00,4.02
01/01/2024 10:15,4.03
01/01/2024 10:30,4
01/01/2024 10:45,4.02
01/01/2024 11:00,4
01/01/2024 11:15,3.99
01/01/2024 11:30,4.01
01/01/2024 11:45,4
01/01/2024 12:00,4
01/01/2024 12:15,4.03
01/01/2024 12:30,4.01
01/01/2024 12:45,4
01/01/2024 13:00,4.02
01/01/2024 13:15,4.03
01/01/2024 13:30,3.99
01/01/2024 13:45,4.01
01/01/2024 14:00,4.01
01/01/2024 14:15,4.04
01/01/2024 14:30,4.02
01/01/2024 14:45,4.02
01/01/2024 15:00,4.04
01/01/2024 15:15,4.03
01/01/2024 15:30,4.01
01/01/2024 15:45,4.04
01/01/2024 16:00,4.01
01/01/2024 16:15,4.02
01/01/2024 16:30,4.02
01/01/2024 16:45,4.03
01/01/2024 17:00,4.02
01/01/2024 17:15,4.04
01/01/2024 17:30,4.03
01/01/2024 17:45,4.02
01/01/2024 18:00,4.03
01/01/2024 18:15,4.02
01/01/2024 18:30,4.04
01/01/2024 18:45,4.04
01/01/2024 19:00,4.05
01/01/2024 19:15,4.04
01/01/2024 19:30,4.04
01/01/2024 19:45,4.04
01/01/2024 20:00,4.05
01/01/2024 20:15,4.05
01/01/2024 20:30,4.05
01/01/2024 20:45,4.04
01/01/2024 21:00,4.06
01/01/2024 21:15,4.07
01/01/2024 21:30,4.05
01/01/2024 21:45,4.06
01/01/2024 22:00,4.07
01/01/2024 22:15,4.05
01/01/2024 22:30,4.07
01/01/2024 22:45,4.06
01/01/2024 23:00,4.05
01/01/2024 23:15,4.07
01/01/2024 23:30,4.06
01/01/2024 23:45,4.05
02/01/2024 00:00,4.08
02/01/2024 00:15,4.07
02/01/2024 00:30,4.07
02/01/2024 00:45,4.07
02/01/2024 01:00,4.08
02/01/2024 01:15,4.09
02/01/2024 01:30,4.06
02/01/2024 01:45,4.07
02/01/2024 02:00,4.1
02/01/2024 02:15,4.09
02/01/2024 02:30,4.08
02/01/2024 02:45,4.07
02/01/2024 03:00,4.09
02/01/2024 03:15,4.1
02/01/2024 03:30,4.09
02/01/2024 03:45,4.09
02/01/2024 04:00,4.08
02/01/2024 04:15,4.12
02/01/2024 04:30,4.09
02/01/2024 04:45,4.09
02/01/2024 05:00,4.11
02/01/2024 05:15,4.08
02/01/2024 05:30,4.09
02/01/2024 05:45,4.07
02/01/2024 06:00,4.09
02/01/2024 06:15,4.09
02/01/2024 06:30,4.1
02/01/2024 06:45,4.09
02/01/2024 07:00,4.08
02/01/2024 07:15,4.09
02/01/2024 07:30,4.09
02/01/2024 07:45,4.09
02/01/2024 08:00,4.09
02/01/2024 08:15,4.09
02/01/2024 08:30,4.09
02/01/2024 08:45,4.1
02/01/2024 09:00,4.12
02/01/2024 09:15,4.13
02/01/2024 09:30,4.11
02/01/2024 09:45,4.11
02/01/2024 10:00,4.1
02/01/2024 10:15,4.14
02/01/2024 10:30,4.12
02/01/2024 10:45,4.11
02/01/2024 11:00,4.1
02/01/2024 11:15,4.1
02/01/2024 11:30,4.11
02/01/2024 11:45,4.12
02/01/2024 12:00,4.11
02/01/2024 12:15,4.12
02/01/2024 12:30,4.11
02/01/2024 12:45,4.12
02/01/2024 13:00,4.11
02/01/2024 13:15,4.12
02/01/2024 13:30,4.12
02/01/2024 13:45,4.12
02/01/2024 14:00,4.1
02/01/2024 14:15,4.12
02/01/2024 14:30,4.13
02/01/2024 14:45,4.1
02/01/2024 15:00,4.13
02/01/2024 15:15,4.12
02/01/2024 15:30,4.12
02/01/2024 15:45,4.18
02/01/2024 16:00,4.11
02/01/2024 16:15,4.14
02/01/2024 16:30,4.12
02/01/2024 16:45,4.14
02/01/2024 17:00,4.12
02/01/2024 17:15,4.13
02/01/2024 17:30,4.11
02/01/2024 17:45,4.12
02/01/2024 18:00,4.14
02/01/2024 18:15,4.14
02/01/2024 18:30,4.14
02/01/2024 18:45,4.14
02/01/2024 19:00,4.14
02/01/2024 19:15,4.12
02/01/2024 19:30,4.15
02/01/2024 19:45,4.12
02/01/2024 20:00,4.14
02/01/2024 20:15,4.14
02/01/2024 20:30,4.13
02/01/2024 20:45,4.16
02/01/2024 21:00,4.14
02/01/2024 21:15,4.14
02/01/2024 21:30,4.15
02/01/2024 21:45,4.16
02/01/2024 22:00,4.17
02/01/2024 22:15,4.18
02/01/2024 22:30,4.17
02/01/2024 22:45,4.16
02/01/2024 23:00,4.18
02/01/2024 23:15,4.18
02/01/2024 23:30,4.18
02/01/2024 23:45,4.18
03/01/2024 00:00,4.18
03/01/2024 00:15,4.18
03/01/2024 00:30,4.19
03/01/2024 00:45,4.2
03/01/2024 01:00,4.2
03/01/2024 01:15,4.2
03/01/2024 01:30,4.23
03/01/2024 01:45,4.22
03/01/2024 02:00,4.23
03/01/2024 02:15,4.21
03/01/2024 02:30,4.22
03/01/2024 02:45,4.23
03/01/2024 03:00,4.23
03/01/2024 03:15,4.22
03/01/2024 03:30,4.23
03/01/2024 03:45,4.23
03/01/2024 04:00,4.25
03/01/2024 04:15,4.25
03/01/2024 04:30,4.25
03/01/2024 04:45,4.25
03/01/2024 05:00,4.25
03/01/2024 05:15,4.27
03/01/2024 05:30,4.27
03/01/2024 05:45,4.28
03/01/2024 06:00,4.27
03/01/2024 06:15,4.28
03/01/2024 06:30,4.28
03/01/2024 06:45,4.28
03/01/2024 07:00,4.29
03/01/2024 07:15,4.3
03/01/2024 07:30,4.31
03/01/2024 07:45,4.3
03/01/2024 08:00,4.32
03/01/2024 08:15,4.31
03/01/2024 08:30,4.34
03/01/2024 08:45,4.32
03/01/2024 09:00,4.33
03/01/2024 09:15,4.32
03/01/2024 09:30,4.35
03/01/2024 09:45,4.34
03/01/2024 10:00,4.35
03/01/2024 10:15,4.35
03/01/2024 10:30,4.35
03/01/2024 10:45,4.37
03/01/2024 11:00,4.38
03/01/2024 11:15,4.38
03/01/2024 11:30,4.38
03/01/2024 11:45,4.39
03/01/2024 12:00,4.38
03/01/2024 12:15,4.4
03/01/2024 12:30,4.39
03/01/2024 12:45,4.44
03/01/2024 13:00,4.42
03/01/2024 13:15,4.45
03/01/2024 13:30,4.44
03/01/2024 13:45,4.45
03/01/2024 14:00,4.43
03/01/2024 14:15,4.44
03/01/2024 14:30,4.45
03/01/2024 14:45,4.47
03/01/2024 15:00,4.49
03/01/2024 15:15,4.49
03/01/2024 15:30,4.49
03/01/2024 15:45,4.5
03/01/2024 16:00,4.49
03/01/2024 16:15,4.49
03/01/2024 16:30,4.5
03/01/2024 16:45,4.52
03/01/2024 17:00,4.52
03/01/2024 17:15,4.53
03/01/2024 17:30,4.54
03/01/2024 17:45,4.54
03/01/2024 18:00,4.55
03/01/2024 18:15,4.58
03/01/2024 18:30,4.56
03/01/2024 18:45,4.57
03/01/2024 19:00,4.58
03/01/2024 19:15,4.6
03/01/2024 19:30,4.59
03/01/2024 19:45,4.59
03/01/2024 20:00,4.61
03/01/2024 20:15,4.62
03/01/2024 20:30,4.63
03/01/2024 20:45,4.64
03/01/2024 21:00,4.63
03/01/2024 21:15,4.64
03/01/2024 21:30,4.65
03/01/2024 21:45,4.65
03/01/2024 22:00,4.66
03/01/2024 22:15,4.66
03/01/2024 22:30,4.68
03/01/2024 22:45,4.67
03/01/2024 23:00,4.67
03/01/2024 23:15,4.68
03/01/2024 23:30,4.69
03/01/2024 23:45,4.7
04/01/2024 00:00,4.7
04/01/2024 00:15,4.71
04/01/2024 00:30,4.71
04/01/2024 00:45,4.72
04/01/2024 01:00,4.73
04/01/2024 01:15,4.73
04/01/2024 01:30,4.73
04/01/2024 01:45,4.73
04/01/2024 02:00,4.74
04/01/2024 02:15,4.75
04/01/2024 02:30,4.76
04/01/2024 02:45,4.75
04/01/2024 03:00,4.76
04/01/2024 03:15,4.77
04/01/2024 03:30,4.76
04/01/2024 03:45,4.77
04/01/2024 04:00,4.79
04/01/2024 04:15,4.78
04/01/2024 04:30,4.78
04/01/2024 04:45,4.77
04/01/2024 05:00,4.77
04/01/2024 05:15,4.79
04/01/2024 05:30,4.79
04/01/2024 05:45,4.79
04/01/2024 06:00,4.79
04/01/2024 06:15,4.8
04/01/2024 06:30,4.8
04/01/2024 06:45,4.8
04/01/2024 07:00,4.79
04/01/2024 07:15,4.79
04/01/2024 07:30,4.79
04/01/2024 07:45,4.79
04/01/2024 08:00,4.8
04/01/2024 08:15,4.81
04/01/2024 08:30,4.8
04/01/2024 08:45,4.79
04/01/2024 09:00,4.77
04/01/2024 09:15,4.8
04/01/2024 09:30,4.79
04/01/2024 09:45,4.79
04/01/2024 10:00,4.79
04/01/2024 10:15,4.8
04/01/2024 10:30,4.78
04/01/2024 10:45,4.78
04/01/2024 11:00,4.8
04/01/2024 11:15,4.78
04/01/2024 11:30,4.78
04/01/2024 11:45,4.78
04/01/2024 12:00,4.78
04/01/2024 12:15,4.78
04/01/2024 12:30,4.76
04/01/2024 12:45,4.76
04/01/2024 13:00,4.77
04/01/2024 13:15,4.77
04/01/2024 13:30,4.76
04/01/2024 13:45,4.76
04/01/2024 14:00,4.78
04/01/2024 14:15,4.75
04/01/2024 14:30,4.76
04/01/2024 14:45,4.76
04/01/2024 15:00,4.75
04/01/2024 15:15,4.75
04/01/2024 15:30,4.74
04/01/2024 15:45,4.75
04/01/2024 16:00,4.74
04/01/2024 16:15,4.74
04/01/2024 16:30,4.73
04/01/2024 16:45,4.73
04/01/2024 17:00,4.72
04/01/2024 17:15,4.72
04/01/2024 17:30,4.73
04/01/2024 17:45,4.72
04/01/2024 18:00,4.72
04/01/2024 18:15,4.71
04/01/2024 18:30,4.7
04/01/2024 18:45,4.71
04/01/2024 19:00,4.72
04/01/2024 19:15,4.7
04/01/2024 19:30,4.71
04/01/2024 19:45,4.69
04/01/2024 20:00,4.7
04/01/2024 20:15,4.7
04/01/2024 20:30,4.68
04/01/2024 20:45,4.69
04/01/2024 21:00,4.69
04/01/2024 21:15,4.68
04/01/2024 21:30,4.67
04/01/2024 21:45,4.68
04/01/2024 22:00,4.66
04/01/2024 22:15,4.66
04/01/2024 22:30,4.66
04/01/2024 22:45,4.66
04/01/2024 23:00,4.65
04/01/2024 23:15,4.65
04/01/2024 23:30,4.65
04/01/2024 23:45,4.65
05/01/2024 00:00,4.64
05/01/2024 00:15,4.64
05/01/2024 00:30,4.63
05/01/2024 00:45,4.64
05/01/2024 01:00,4.63
05/01/2024 01:15,4.63
05/01/2024 01:30,4.62
05/01/2024 01:45,4.61
05/01/2024 02:00,4.62
05/01/2024 02:15,4.61
05/01/2024 02:30,4.61
05/01/2024 02:45,4.6
05/01/2024 03:00,4.59
05/01/2024 03:15,4.6
05/01/2024 03:30,4.59
05/01/2024 03:45,4.58
05/01/2024 04:00,4.58
05/01/2024 04:15,4.59
05/01/2024 04:30,4.57
05/01/2024 04:45,4.57
05/01/2024 05:00,4.57
05/01/2024 05:15,4.56
05/01/2024 05:30,4.56
05/01/2024 05:45,4.56
05/01/2024 06:00,4.54
05/01/2024 06:15,4.53
05/01/2024 06:30,4.55
05/01/2024 06:45,4.53
05/01/2024 07:00,4.53
05/01/2024 07:15,4.53
05/01/2024 07:30,4.52
05/01/2024 07:45,4.52
05/01/2024 08:00,4.52
05/01/2024 08:15,4.52
05/01/2024 08:30,4.52
05/01/2024 08:45,4.51
05/01/2024 09:00,4.5
05/01/2024 09:15,4.5
05/01/2024 09:30,4.49
05/01/2024 09:45,4.47
05/01/2024 10:00,4.48
05/01/2024 10:15,4.46
05/01/2024 10:30,4.46
05/01/2024 10:45,4.46
05/01/2024 11:00,4.45
05/01/2024 11:15,4.45
05/01/2024 11:30,4.45
05/01/2024 11:45,4.44
05/01/2024 12:00,4.44
05/01/2024 12:15,4.42
05/01/2024 12:30,4.41
05/01/2024 12:45,4.42
05/01/2024 13:00,4.42
05/01/2024 13:15,4.39
05/01/2024 13:30,4.4
05/01/2024 13:45,4.39
05/01/2024 14:00,4.38
05/01/2024 14:15,4.37
05/01/2024 14:30,4.38
05/01/2024 14:45,4.36
05/01/2024 15:00,4.39
05/01/2024 15:15,4.35
05/01/2024 15:30,4.34
05/01/2024 15:45,4.35
05/01/2024 16:00,4.36
05/01/2024 16:15,4.34
05/01/2024 16:30,4.35
05/01/2024 16:45,4.32
05/01/2024 17:00,4.32
05/01/2024 17:15,4.32
05/01/2024 17:30,4.31
05/01/2024 17:45,4.3
05/01/2024 18:00,4.3
05/01/2024 18:15,4.3
05/01/2024 18:30,4.29
05/01/2024 18:45,4.3
05/01/2024 19:00,4.27
05/01/2024 19:15,4.26
05/01/2024 19:30,4.27
05/01/2024 19:45,4.24
05/01/2024 20:00,4.26
05/01/2024 20:15,4.24
05/01/2024 20:30,4.24
05/01/2024 20:45,4.22
05/01/2024 21:00,4.23
05/01/2024 21:15,4.22
05/01/2024 21:30,4.2
05/01/2024 21:45,4.21
05/01/2024 22:00,4.2
05/01/2024 22:15,4.18
05/01/2024 22:30,4.18
05/01/2024 22:45,4.17
05/01/2024 23:00,4.16
05/01/2024 23:15,4.16
05/01/2024 23:30,4.16
05/01/2024 23:45,4.13
06/01/2024 00:00,4.15
06/01/2024 00:15,4.13
06/01/2024 00:30,4.12
06/01/2024 00:45,4.11
06/01/2024 01:00,4.1
06/01/2024 01:15,4.09
06/01/2024 01:30,4.09
06/01/2024 01:45,4.07
06/01/2024 02:00,4.05
06/01/2024 02:15,4.06
06/01/2024 02:30,4.03
06/01/2024 02:45,4.03
06/01/2024 03:00,4.02
06/01/2024 03:15,4.01
06/01/2024 03:30,4.01
06/01/2024 03:45,3.99
06/01/2024 04:00,3.99
06/01/2024 04:15,3.97
06/01/2024 04:30,3.98
06/01/2024 04:45,3.95
06/01/2024 05:00,3.94
06/01/2024 05:15,3.92
06/01/2024 05:30,3.91
06/01/2024 05:45,3.9
06/01/2024 06:00,3.88
06/01/2024 06:15,3.87
06/01/2024 06:30,3.85
06/01/2024 06:45,3.84
06/01/2024 07:00,3.83
06/01/2024 07:15,3.82
06/01/2024 07:30,3.79
06/01/2024 07:45,3.79
06/01/2024 08:00,3.78
06/01/2024 08:15,3.75
06/01/2024 08:30,3.74
06/01/2024 08:45,3.71
06/01/2024 09:00,3.7
06/01/2024 09:15,3.67
06/01/2024 09:30,3.67
06/01/2024 09:45,3.65
06/01/2024 10:00,3.62
06/01/2024 10:15,3.61
06/01/2024 10:30,3.59
06/01/2024 10:45,3.57
06/01/2024 11:00,3.55
06/01/2024 11:15,3.53
06/01/2024 11:30,3.52
06/01/2024 11:45,3.49
06/01/2024 12:00,3.47
06/01/2024 12:15,3.46
06/01/2024 12:30,3.47
06/01/2024 12:45,3.42
06/01/2024 13:00,3.39
06/01/2024 13:15,3.38
06/01/2024 13:30,3.35
06/01/2024 13:45,3.34
06/01/2024 14:00,3.31
06/01/2024 14:15,3.3
06/01/2024 14:30,3.27
06/01/2024 14:45,3.25
06/01/2024 15:00,3.24
06/01/2024 15:15,3.22
06/01/2024 15:30,3.2
06/01/2024 15:45,3.16
06/01/2024 16:00,3.17
06/01/2024 16:15,3.16
06/01/2024 16:30,3.13
06/01/2024 16:45,3.11
06/01/2024 17:00,3.08
06/01/2024 17:15,3.08
06/01/2024 17:30,3.07
06/01/2024 17:45,3.05
06/01/2024 18:00,3.04
06/01/2024 18:15,3.02
06/01/2024 18:30,3.01
06/01/2024 18:45,2.99
06/01/2024 19:00,2.97
06/01/2024 19:15,2.96
06/01/2024 19:30,2.97
06/01/2024 19:45,2.94
06/01/2024 20:00,2.92
06/01/2024 20:15,2.92
06/01/2024 20:30,2.89
06/01/2024 20:45,2.89
06/01/2024 21:00,2.87
06/01/2024 21:15,2.86
06/01/2024 21:30,2.85
06/01/2024 21:45,2.84
06/01/2024 22:00,2.83
06/01/2024 22:15,2.83
06/01/2024 22:30,2.81
06/01/2024 22:45,2.8
06/01/2024 23:00,2.79
06/01/2024 23:15,2.77
06/01/2024 23:30,2.77
06/01/2024 23:45,2.76
07/01/2024 00:00,2.75
07/01/2024 00:15,2.73
07/01/2024 00:30,2.73
07/01/2024 00:45,2.72
07/01/2024 01:00,2.69
07/01/2024 01:15,2.7
07/01/2024 01:30,2.67
07/01/2024 01:45,2.67
07/01/2024 02:00,2.67
07/01/2024 02:15,2.66
07/01/2024 02:30,2.64
07/01/2024 02:45,2.63
07/01/2024 03:00,2.63
07/01/2024 03:15,2.63
07/01/2024 03:30,2.63
07/01/2024 03:45,2.6
07/01/2024 04:00,2.58
07/01/2024 04:15,2.59
07/01/2024 04:30,2.58
07/01/2024 04:45,2.57
07/01/2024 05:00,2.56
07/01/2024 05:15,2.55
07/01/2024 05:30,2.54
07/01/2024 05:45,2.53
07/01/2024 06:00,2.52
07/01/2024 06:15,2.53
07/01/2024 06:30,2.52
07/01/2024 06:45,2.51
07/01/2024 07:00,2.49
07/01/2024 07:15,2.49
07/01/2024 07:30,2.48
07/01/2024 07:45,2.47
07/01/2024 08:00,2.46
07/01/2024 08:15,2.47
07/01/2024 08:30,2.46
07/01/2024 08:45,2.43
07/01/2024 09:00,2.44
07/01/2024 09:15,2.44
07/01/2024 09:30,2.43
07/01/2024 09:45,2.42
07/01/2024 10:00,2.41
07/01/2024 10:15,2.41
07/01/2024 10:30,2.4
07/01/2024 10:45,2.4
07/01/2024 11:00,2.38
07/01/2024 11:15,2.39
07/01/2024 11:30,2.38
07/01/2024 11:45,2.36
07/01/2024 12:00,2.36
07/01/2024 12:15,2.35
07/01/2024 12:30,2.35
07/01/2024 12:45,2.35
07/01/2024 13:00,2.34
07/01/2024 13:15,2.34
07/01/2024 13:30,2.33
07/01/2024 13:45,2.32
07/01/2024 14:00,2.31
07/01/2024 14:15,2.3
07/01/2024 14:30,2.31
07/01/2024 14:45,2.29
07/01/2024 15:00,2.29
07/01/2024 15:15,2.28
07/01/2024 15:30,2.28
07/01/2024 15:45,2.27
07/01/2024 16:00,2.26
07/01/2024 16:15,2.26
07/01/2024 16:30,2.25
07/01/2024 16:45,2.24
07/01/2024 17:00,2.23
07/01/2024 17:15,2.23
07/01/2024 17:30,2.22
07/01/2024 17:45,2.22
07/01/2024 18:00,2.22
07/01/2024 18:15,2.21
07/01/2024 18:30,2.21
07/01/2024 18:45,2.2
07/01/2024 19:00,2.2
07/01/2024 19:15,2.19
07/01/2024 19:30,2.18
07/01/2024 19:45,2.18
07/01/2024 20:00,2.17
07/01/2024 20:15,2.17
07/01/2024 20:30,2.16
07/01/2024 20:45,2.16
07/01/2024 21:00,2.14
07/01/2024 21:15,2.15
07/01/2024 21:30,2.14
07/01/2024 21:45,2.13
07/01/2024 22:00,2.13
07/01/2024 22:15,2.13
07/01/2024 22:30,2.13
07/01/2024 22:45,2.12
07/01/2024 23:00,2.11
07/01/2024 23:15,2.11
07/01/2024 23:30,2.11
07/01/2024 23:45,2.1
08/01/2024 00:00,2.09
08/01/2024 00:15,2.09
08/01/2024 00:30,2.09
08/01/2024 00:45,2.07
08/01/2024 01:00,2.07
08/01/2024 01:15,2.07
08/01/2024 01:30,2.06
08/01/2024 01:45,2.06
08/01/2024 02:00,2.06
08/01/2024 02:15,2.06
08/01/2024 02:30,2.05
08/01/2024 02:45,2.04
08/01/2024 03:00,2.03
08/01/2024 03:15,2.03
08/01/2024 03:30,2.03
08/01/2024 03:45,2.02
08/01/2024 04:00,2.01
08/01/2024 04:15,2.02
08/01/2024 04:30,2.01
08/01/2024 04:45,2
08/01/2024 05:00,2
08/01/2024 05:15,2
08/01/2024 05:30,1.98
08/01/2024 05:45,1.98
08/01/2024 06:00,1.98
08/01/2024 06:15,1.98
08/01/2024 06:30,1.98
08/01/2024 06:45,1.96
08/01/2024 07:00,1.97
08/01/2024 07:15,1.97
08/01/2024 07:30,1.96
08/01/2024 07:45,1.95
08/01/2024 08:00,1.95
08/01/2024 08:15,1.95
08/01/2024 08:30,1.94
08/01/2024 08:45,1.94
08/01/2024 09:00,1.93
08/01/2024 09:15,1.94
08/01/2024 09:30,1.93
08/01/2024 09:45,1.92
08/01/2024 10:00,1.92
08/01/2024 10:15,1.92
08/01/2024 10:30,1.92
08/01/2024 10:45,1.91
08/01/2024 11:00,1.91
08/01/2024 11:15,1.9
08/01/2024 11:30,1.91
08/01/2024 11:45,1.9
08/01/2024 12:00,1.89
08/01/2024 12:15,1.89
08/01/2024 12:30,1.89
08/01/2024 12:45,1.88
08/01/2024 13:00,1.88
08/01/2024 13:15,1.88
08/01/2024 13:30,1.87
08/01/2024 13:45,1.87
08/01/2024 14:00,1.87
08/01/2024 14:15,1.87
08/01/2024 14:30,1.86
08/01/2024 14:45,1.86
08/01/2024 15:00,1.86
08/01/2024 15:15,1.85
08/01/2024 15:30,1.85
08/01/2024 15:45,1.84
08/01/2024 16:00,1.84
08/01/2024 16:15,1.84
08/01/2024 16:30,1.84
08/01/2024 16:45,1.85
08/01/2024 17:00,1.83
08/01/2024 17:15,1.83
08/01/2024 17:30,1.83
08/01/2024 17:45,1.82
08/01/2024 18:00,1.82
08/01/2024 18:15,1.81
08/01/2024 18:30,1.82
08/01/2024 18:45,1.81
08/01/2024 19:00,1.82
08/01/2024 19:15,1.81
08/01/2024 19:30,1.8
08/01/2024 19:45,1.81
08/01/2024 20:00,1.8
08/01/2024 20:15,1.8
08/01/2024 20:30,1.8
08/01/2024 20:45,1.79
08/01/2024 21:00,1.79
08/01/2024 21:15,1.79
08/01/2024 21:30,1.78
08/01/2024 21:45,1.78
08/01/2024 22:00,1.78
08/01/2024 22:15,1.77
08/01/2024 22:30,1.77
08/01/2024 22:45,1.77
08/01/2024 23:00,1.77
08/01/2024 23:15,1.76
08/01/2024 23:30,1.76
08/01/2024 23:45,1.76
09/01/2024 00:00,1.75
09/01/2024 00:15,1.75
09/01/2024 00:30,1.75
09/01/2024 00:45,1.75
09/01/2024 01:00,1.75
09/01/2024 01:15,1.75
09/01/2024 01:30,1.74
09/01/2024 01:45,1.74
09/01/2024 02:00,1.74
09/01/2024 02:15,1.73
09/01/2024 02:30,1.73
09/01/2024 02:45,1.73
09/01/2024 03:00,1.72
09/01/2024 03:15,1.72
09/01/2024 03:30,1.72
09/01/2024 03:45,1.72
09/01/2024 04:00,1.71
09/01/2024 04:15,1.72
09/01/2024 04:30,1.7
09/01/2024 04:45,1.7
09/01/2024 05:00,1.7
09/01/2024 05:15,1.7
09/01/2024 05:30,1.7
09/01/2024 05:45,1.7
09/01/2024 06:00,1.69
09/01/2024 06:15,1.68
09/01/2024 06:30,1.68
09/01/2024 06:45,1.68
09/01/2024 07:00,1.68
09/01/2024 07:15,1.68
09/01/2024 07:30,1.68
09/01/2024 07:45,1.67
09/01/2024 08:00,1.67
09/01/2024 08:15,1.66
09/01/2024 08:30,1.66
09/01/2024 08:45,1.65
09/01/2024 09:00,1.66
09/01/2024 09:15,1.66
09/01/2024 09:30,1.65
09/01/2024 09:45,1.65
09/01/2024 10:00,1.65
09/01/2024 10:15,1.65
09/01/2024 10:30,1.64
09/01/2024 10:45,1.64
09/01/2024 11:00,1.64
09/01/2024 11:15,1.64
09/01/2024 11:30,1.63
09/01/2024 11:45,1.63
09/01/2024 12:00,1.63
09/01/2024 12:15,1.63
09/01/2024 12:30,1.62
09/01/2024 12:45,1.63
09/01/2024 13:00,1.62
09/01/2024 13:15,1.62
09/01/2024 13:30,1.61
09/01/2024 13:45,1.61
09/01/2024 14:00,1.61
09/01/2024 14:15,1.62
09/01/2024 14:30,1.6
09/01/2024 14:45,1.61
09/01/2024 15:00,1.61
09/01/2024 15:15,1.6
09/01/2024 15:30,1.6
09/01/2024 15:45,1.6
09/01/2024 16:00,1.59
09/01/2024 16:15,1.59
09/01/2024 16:30,1.59
09/01/2024 16:45,1.59
09/01/2024 17:00,1.59
09/01/2024 17:15,1.59
09/01/2024 17:30,1.58
09/01/2024 17:45,1.58
09/01/2024 18:00,1.58
09/01/2024 18:15,1.57
09/01/2024 18:30,1.58
09/01/2024 18:45,1.57
09/01/2024 19:00,1.57
09/01/2024 19:15,1.57
09/01/2024 19:30,1.57
09/01/2024 19:45,1.56
09/01/2024 20:00,1.56
09/01/2024 20:15,1.56
09/01/2024 20:30,1.55
09/01/2024 20:45,1.56
09/01/2024 21:00,1.55
09/01/2024 21:15,1.55
09/01/2024 21:30,1.55
09/01/2024 21:45,1.55
09/01/2024 22:00,1.54
09/01/2024 22:15,1.55
09/01/2024 22:30,1.54
09/01/2024 22:45,1.53
09/01/2024 23:00,1.54
09/01/2024 23:15,1.53
09/01/2024 23:30,1.53
09/01/2024 23:45,1.53
10/01/2024 00:00,1.52
10/01/2024 00:15,1.52
10/01/2024 00:30,1.52
10/01/2024 00:45,1.52
10/01/2024 01:00,1.52
10/01/2024 01:15,1.51
10/01/2024 01:30,1.51
10/01/2024 01:45,1.51
10/01/2024 02:00,1.51
10/01/2024 02:15,1.51
10/01/2024 02:30,1.51
10/01/2024 02:45,1.51
10/01/2024 03:00,1.5
10/01/2024 03:15,1.5
10/01/2024 03:30,1.5
10/01/2024 03:45,1.5
10/01/2024 04:00,1.49
10/01/2024 04:15,1.49
10/01/2024 04:30,1.49
10/01/2024 04:45,1.49
10/01/2024 05:00,1.48
10/01/2024 05:15,1.49
10/01/2024 05:30,1.49
10/01/2024 05:45,1.48
10/01/2024 06:00,1.47
10/01/2024 06:15,1.48
10/01/2024 06:30,1.47
10/01/2024 06:45,1.46
10/01/2024 07:00,1.47
10/01/2024 07:15,1.46
10/01/2024 07:30,1.46
10/01/2024 07:45,1.46
10/01/2024 08:00,1.46
10/01/2024 08:15,1.45
10/01/2024 08:30,1.45
10/01/2024 08:45,1.45
10/01/2024 09:00,1.45
10/01/2024 09:15,1.44
10/01/2024 09:30,1.44
10/01/2024 09:45,1.44
10/01/2024 10:00,1.44
10/01/2024 10:15,1.43
10/01/2024 10:30,1.43
10/01/2024 10:45,1.43
10/01/2024 11:00,1.43
10/01/2024 11:15,1.42
10/01/2024 11:30,1.42
10/01/2024 11:45,1.42
10/01/2024 12:00,1.42
10/01/2024 12:15,1.42
10/01/2024 12:30,1.41
10/01/2024 12:45,1.41
10/01/2024 13:00,1.41
10/01/2024 13:15,1.41
10/01/2024 13:30,1.4
10/01/2024 13:45,1.4
10/01/2024 14:00,1.4
10/01/2024 14:15,1.4
10/01/2024 14:30,1.4
10/01/2024 14:45,1.39
10/01/2024 15:00,1.39
10/01/2024 15:15,1.39
10/01/2024 15:30,1.39
10/01/2024 15:45,1.39
10/01/2024 16:00,1.38
10/01/2024 16:15,1.39
10/01/2024 16:30,1.38
10/01/2024 16:45,1.38
10/01/2024 17:00,1.38
10/01/2024 17:15,1.38
10/01/2024 17:30,1.38
10/01/2024 17:45,1.37
10/01/2024 18:00,1.37
10/01/2024 18:15,1.37
10/01/2024 18:30,1.37
10/01/2024 18:45,1.37
10/01/2024 19:00,1.37
10/01/2024 19:15,1.36
10/01/2024 19:30,1.36
10/01/2024 19:45,1.36
10/01/2024 20:00,1.36
10/01/2024 20:15,1.35
10/01/2024 20:30,1.36
10/01/2024 20:45,1.35
10/01/2024 21:00,1.35
10/01/2024 21:15,1.35
10/01/2024 21:30,1.35
10/01/2024 21:45,1.35
10/01/2024 22:00,1.34
10/01/2024 22:15,1.35
10/01/2024 22:30,1.34
10/01/2024 22:45,1.34
10/01/2024 23:00,1.34
10/01/2024 23:15,1.34
10/01/2024 23:30,1.34
10/01/2024 23:45,1.33
11/01/2024 00:00,1.33
11/01/2024 00:15,1.34
11/01/2024 00:30,1.33
11/01/2024 00:45,1.33
11/01/2024 01:00,1.33
11/01/2024 01:15,1.32
11/01/2024 01:30,1.33
11/01/2024 01:45,1.32
11/01/2024 02:00,1.32
11/01/2024 02:15,1.32
11/01/2024 02:30,1.31
11/01/2024 02:45,1.32
11/01/2024 03:00,1.31
11/01/2024 03:15,1.31
11/01/2024 03:30,1.31
11/01/2024 03:45,1.31
11/01/2024 04:00,1.31
11/01/2024 04:15,1.31
11/01/2024 04:30,1.3
11/01/2024 04:45,1.3
11/01/2024 05:00,1.3
11/01/2024 05:15,1.29
11/01/2024 05:30,1.29
11/01/2024 05:45,1.29
11/01/2024 06:00,1.29
11/01/2024 06:15,1.29
11/01/2024 06:30,1.29
11/01/2024 06:45,1.28
11/01/2024 07:00,1.29
11/01/2024 07:15,1.28
11/01/2024 07:30,1.29
11/01/2024 07:45,1.28
11/01/2024 08:00,1.28
11/01/2024 08:15,1.28
11/01/2024 08:30,1.27
11/01/2024 08:45,1.28
11/01/2024 09:00,1.28
11/01/2024 09:15,1.27
11/01/2024 09:30,1.27
11/01/2024 09:45,1.27
11/01/2024 10:00,1.27
11/01/2024 10:15,1.27
11/01/2024 10:30,1.26
11/01/2024 10:45,1.26
11/01/2024 11:00,1.26
11/01/2024 11:15,1.26
11/01/2024 11:30,1.26
11/01/2024 11:45,1.25
11/01/2024 12:00,1.25
11/01/2024 12:15,1.25
11/01/2024 12:30,1.25
11/01/2024 12:45,1.25
11/01/2024 13:00,1.25
11/01/2024 13:15,1.25
11/01/2024 13:30,1.25
11/01/2024 13:45,1.24
11/01/2024 14:00,1.24
11/01/2024 14:15,1.24
11/01/2024 14:30,1.24
11/01/2024 14:45,1.24
11/01/2024 15:00,1.24
11/01/2024 15:15,1.23
11/01/2024 15:30,1.23
11/01/2024 15:45,1.23
11/01/2024 16:00,1.23
11/01/2024 16:15,1.23
11/01/2024 16:30,1.23
11/01/2024 16:45,1.23
11/01/2024 17:00,1.23
11/01/2024 17:15,1.22
11/01/2024 17:30,1.22
11/01/2024 17:45,1.22
11/01/2024 18:00,1.22
11/01/2024 18:15,1.22
11/01/2024 18:30,1.21
11/01/2024 18:45,1.21
11/01/2024 19:00,1.21
11/01/2024 19:15,1.21
11/01/2024 19:30,1.21
11/01/2024 19:45,1.21
11/01/2024 20:00,1.21
11/01/2024 20:15,1.2
11/01/2024 20:30,1.21
11/01/2024 20:45,1.2
11/01/2024 21:00,1.2
11/01/2024 21:15,1.2
11/01/2024 21:30,1.2
11/01/2024 21:45,1.2
11/01/2024 22:00,1.2
11/01/2024 22:15,1.2
11/01/2024 22:30,1.2
11/01/2024 22:45,1.2
11/01/2024 23:00,1.2
11/01/2024 23:15,1.19
11/01/2024 23:30,1.19
11/01/2024 23:45,1.2
12/01/2024 00:00,1.19
12/01/2024 00:15,1.19
12/01/2024 00:30,1.2
12/01/2024 00:45,1.19
12/01/2024 01:00,1.19
12/01/2024 01:15,1.19
12/01/2024 01:30,1.19
12/01/2024 01:45,1.19
12/01/2024 02:00,1.19
12/01/2024 02:15,1.18
12/01/2024 02:30,1.18
12/01/2024 02:45,1.18
12/01/2024 03:00,1.18
12/01/2024 03:15,1.18
12/01/2024 03:30,1.18
12/01/2024 03:45,1.17
12/01/2024 04:00,1.17
12/01/2024 04:15,1.18
12/01/2024 04:30,1.18
12/01/2024 04:45,1.17
12/01/2024 05:00,1.17
12/01/2024 05:15,1.17
12/01/2024 05:30,1.17
12/01/2024 05:45,1.17
12/01/2024 06:00,1.17
12/01/2024 06:15,1.16
12/01/2024 06:30,1.17
12/01/2024 06:45,1.16
12/01/2024 07:00,1.16
12/01/2024 07:15,1.16
12/01/2024 07:30,1.16
12/01/2024 07:45,1.16
12/01/2024 08:00,1.16
12/01/2024 08:15,1.16
12/01/2024 08:30,1.16
12/01/2024 08:45,1.15
12/01/2024 09:00,1.16
12/01/2024 09:15,1.15
12/01/2024 09:30,1.15
12/01/2024 09:45,1.15
12/01/2024 10:00,1.15
12/01/2024 10:15,1.15
12/01/2024 10:30,1.15
12/01/2024 10:45,1.14
12/01/2024 11:00,1.15
12/01/2024 11:15,1.14
12/01/2024 11:30,1.14
12/01/2024 11:45,1.14
12/01/2024 12:00,1.14
12/01/2024 12:15,1.14
12/01/2024 12:30,1.14
12/01/2024 12:45,1.14
12/01/2024 13:00,1.14
12/01/2024 13:15,1.13
12/01/2024 13:30,1.13
12/01/2024 13:45,1.13
12/01/2024 14:00,1.13
12/01/2024 14:15,1.13
12/01/2024 14:30,1.13
12/01/2024 14:45,1.13
12/01/2024 15:00,1.13
12/01/2024 15:15,1.13
12/01/2024 15:30,1.13
12/01/2024 15:45,1.13
12/01/2024 16:00,1.12
12/01/2024 16:15,1.12
12/01/2024 16:30,1.12
12/01/2024 16:45,1.12
12/01/2024 17:00,1.12
12/01/2024 17:15,1.12
12/01/2024 17:30,1.12
12/01/2024 17:45,1.12
12/01/2024 18:00,1.12
12/01/2024 18:15,1.12
12/01/2024 18:30,1.12
12/01/2024 18:45,1.12
12/01/2024 19:00,1.11
12/01/2024 19:15,1.11
12/01/2024 19:30,1.12
12/01/2024 19:45,1.11
12/01/2024 20:00,1.11
12/01/2024 20:15,1.11
12/01/2024 20:30,1.11
12/01/2024 20:45,1.11
12/01/2024 21:00,1.11
12/01/2024 21:15,1.11
12/01/2024 21:30,1.1
12/01/2024 21:45,1.1
12/01/2024 22:00,1.1
12/01/2024 22:15,1.1
12/01/2024 22:30,1.1
12/01/2024 22:45,1.1
12/01/2024 23:00,1.1
12/01/2024 23:15,1.1
12/01/2024 23:30,1.1
12/01/2024 23:45,1.1
13/01/2024 00:00,1.1
13/01/2024 00:15,1.1
13/01/2024 00:30,1.09
13/01/2024 00:45,1.09
13/01/2024 01:00,1.09
13/01/2024 01:15,1.1
13/01/2024 01:30,1.09
13/01/2024 01:45,1.09
13/01/2024 02:00,1.09
13/01/2024 02:15,1.09
13/01/2024 02:30,1.1
13/01/2024 02:45,1.09
13/01/2024 03:00,1.08
13/01/2024 03:15,1.09
13/01/2024 03:30,1.08
13/01/2024 03:45,1.08
13/01/2024 04:00,1.09
13/01/2024 04:15,1.08
13/01/2024 04:30,1.08
13/01/2024 04:45,1.08
13/01/2024 05:00,1.08
13/01/2024 05:15,1.08
13/01/2024 05:30,1.08
13/01/2024 05:45,1.08
13/01/2024 06:00,1.08
13/01/2024 06:15,1.07
13/01/2024 06:30,1.07
13/01/2024 06:45,1.08
13/01/2024 07:00,1.07
13/01/2024 07:15,1.07
13/01/2024 07:30,1.07
13/01/2024 07:45,1.07
13/01/2024 08:00,1.07
13/01/2024 08:15,1.07
13/01/2024 08:30,1.06
13/01/2024 08:45,1.07
13/01/2024 09:00,1.06
13/01/2024 09:15,1.06
13/01/2024 09:30,1.06
13/01/2024 09:45,1.06
13/01/2024 10:00,1.06
13/01/2024 10:15,1.06
13/01/2024 10:30,1.06
13/01/2024 10:45,1.05
13/01/2024 11:00,1.05
13/01/2024 11:15,1.05
13/01/2024 11:30,1.06
13/01/2024 11:45,1.06
13/01/2024 12:00,1.05
13/01/2024 12:15,1.06
13/01/2024 12:30,1.05
13/01/2024 12:45,1.05
13/01/2024 13:00,1.05
13/01/2024 13:15,1.05
13/01/2024 13:30,1.05
13/01/2024 13:45,1.05
13/01/2024 14:00,1.05
13/01/2024 14:15,1.05
13/01/2024 14:30,1.04
13/01/2024 14:45,1.05
13/01/2024 15:00,1.04
13/01/2024 15:15,1.04
13/01/2024 15:30,1.04
13/01/2024 15:45,1.04
13/01/2024 16:00,1.04
13/01/2024 16:15,1.04
13/01/2024 16:30,1.04
13/01/2024 16:45,1.04
13/01/2024 17:00,1.04
13/01/2024 17:15,1.04
13/01/2024 17:30,1.04
13/01/2024 17:45,1.04
13/01/2024 18:00,1.03
13/01/2024 18:15,1.03
13/01/2024 18:30,1.03
13/01/2024 18:45,1.03
13/01/2024 19:00,1.03
13/01/2024 19:15,1.03
13/01/2024 19:30,1.03
13/01/2024 19:45,1.03
13/01/2024 20:00,1.03
13/01/2024 20:15,1.03
13/01/2024 20:30,1.03
13/01/2024 20:45,1.03
13/01/2024 21:00,1.03
13/01/2024 21:15,1.02
13/01/2024 21:30,1.03
13/01/2024 21:45,1.03
13/01/2024 22:00,1.03
13/01/2024 22:15,1.02
13/01/2024 22:30,1.03
13/01/2024 22:45,1.02
13/01/2024 23:00,1.02
13/01/2024 23:15,1.02
13/01/2024 23:30,1.02
13/01/2024 23:45,1.02
14/01/2024 00:00,1.02
14/01/2024 00:15,1.02
14/01/2024 00:30,1.02
14/01/2024 00:45,1.02
14/01/2024 01:00,1.02
14/01/2024 01:15,1.02
14/01/2024 01:30,1.02
14/01/2024 01:45,1.02
14/01/2024 02:00,1.02
14/01/2024 02:15,1.01
14/01/2024 02:30,1.01
14/01/2024 02:45,1.02
14/01/2024 03:00,1.01
14/01/2024 03:15,1.01
14/01/2024 03:30,1.01
14/01/2024 03:45,1.01
14/01/2024 04:00,1.01
14/01/2024 04:15,1.01
14/01/2024 04:30,1.01
14/01/2024 04:45,1.01
14/01/2024 05:00,1.01
14/01/2024 05:15,1.01
14/01/2024 05:30,1.01
14/01/2024 05:45,1
14/01/2024 06:00,1
14/01/2024 06:15,1.01
14/01/2024 06:30,1
14/01/2024 06:45,1
14/01/2024 07:00,1
14/01/2024 07:15,1
14/01/2024 07:30,1
14/01/2024 07:45,1
14/01/2024 08:00,1
14/01/2024 08:15,1
14/01/2024 08:30,1
14/01/2024 08:45,0.99
14/01/2024 09:00,1
14/01/2024 09:15,1
14/01/2024 09:30,1
14/01/2024 09:45,0.99
14/01/2024 10:00,0.99
14/01/2024 10:15,1
14/01/2024 10:30,0.99
14/01/2024 10:45,0.99
14/01/2024 11:00,0.99
14/01/2024 11:15,0.99
14/01/2024 11:30,0.99
14/01/2024 11:45,0.99
14/01/2024 12:00,0.99
14/01/2024 12:15,0.99
14/01/2024 12:30,0.99
14/01/2024 12:45,0.99
14/01/2024 13:00,0.99
14/01/2024 13:15,0.99
14/01/2024 13:30,0.99
14/01/2024 13:45,0.99
14/01/2024 14:00,0.99
14/01/2024 14:15,0.99
14/01/2024 14:30,0.98
14/01/2024 14:45,0.98
14/01/2024 15:00,0.98
14/01/2024 15:15,0.98
14/01/2024 15:30,0.98
14/01/2024 15:45,0.98
14/01/2024 16:00,0.98
14/01/2024 16:15,0.98
14/01/2024 16:30,0.98
14/01/2024 16:45,0.98
14/01/2024 17:00,0.98
14/01/2024 17:15,0.98
14/01/2024 17:30,0.98
14/01/2024 17:45,0.98
14/01/2024 18:00,0.98
14/01/2024 18:15,0.97
14/01/2024 18:30,0.98
14/01/2024 18:45,0.97
14/01/2024 19:00,0.97
14/01/2024 19:15,0.97
14/01/2024 19:30,0.97
14/01/2024 19:45,0.97
14/01/2024 20:00,0.97
14/01/2024 20:15,0.97
14/01/2024 20:30,0.97
14/01/2024 20:45,0.97
14/01/2024 21:00,0.97
14/01/2024 21:15,0.97
14/01/2024 21:30,0.97
14/01/2024 21:45,0.97
14/01/2024 22:00,0.96
14/01/2024 22:15,0.96
14/01/2024 22:30,0.97
14/01/2024 22:45,0.97
14/01/2024 23:00,0.96
14/01/2024 23:15,0.96
14/01/2024 23:30,0.96
14/01/2024 23:45,0.96
15/01/2024 00:00,0.96
15/01/2024 00:15,0.96
15/01/2024 00:30,0.96
15/01/2024 00:45,0.96
15/01/2024 01:00,0.96
15/01/2024 01:15,0.96
15/01/2024 01:30,0.96
15/01/2024 01:45,0.96
15/01/2024 02:00,0.95
15/01/2024 02:15,0.96
15/01/2024 02:30,0.95
15/01/2024 02:45,0.96
15/01/2024 03:00,0.96
15/01/2024 03:15,0.96
15/01/2024 03:30,0.96
15/01/2024 03:45,0.95
15/01/2024 04:00,0.96
15/01/2024 04:15,0.95
15/01/2024 04:30,0.95
15/01/2024 04:45,0.96
15/01/2024 05:00,0.95
15/01/2024 05:15,0.95
15/01/2024 05:30,0.95
15/01/2024 05:45,0.95
15/01/2024 06:00,0.95
15/01/2024 06:15,0.95
15/01/2024 06:30,0.95
15/01/2024 06:45,0.95
15/01/2024 07:00,0.94
15/01/2024 07:15,0.95
15/01/2024 07:30,0.94
15/01/2024 07:45,0.94
15/01/2024 08:00,0.94
15/01/2024 08:15,0.94
15/01/2024 08:30,0.95
15/01/2024 08:45,0.94
15/01/2024 09:00,0.94
15/01/2024 09:15,0.94
15/01/2024 09:30,0.94
15/01/2024 09:45,0.94
15/01/2024 10:00,0.94
15/01/2024 10:15,0.94
15/01/2024 10:30,0.94
15/01/2024 10:45,0.93
15/01/2024 11:00,0.93
15/01/2024 11:15,0.93
15/01/2024 11:30,0.93
15/01/2024 11:45,0.94
15/01/2024 12:00,0.93
15/01/2024 12:15,0.93
15/01/2024 12:30,0.93
15/01/2024 12:45,0.93
15/01/2024 13:00,0.93
15/01/2024 13:15,0.93
15/01/2024 13:30,0.93
15/01/2024 13:45,0.93
15/01/2024 14:00,0.93
15/01/2024 14:15,0.92
15/01/2024 14:30,0.93
15/01/2024 14:45,0.93
15/01/2024 15:00,0.93
15/01/2024 15:15,0.93
15/01/2024 15:30,0.92
15/01/2024 15:45,0.93
15/01/2024 16:00,0.92
15/01/2024 16:15,0.92
15/01/2024 16:30,0.92
15/01/2024 16:45,0.92
15/01/2024 17:00,0.92
15/01/2024 17:15,0.92
15/01/2024 17:30,0.92
15/01/2024 17:45,0.92
15/01/2024 18:00,0.92
15/01/2024 18:15,0.92
15/01/2024 18:30,0.92
15/01/2024 18:45,0.92
15/01/2024 19:00,0.92
15/01/2024 19:15,0.91
15/01/2024 19:30,0.92
15/01/2024 19:45,0.92
15/01/2024 20:00,0.91
15/01/2024 20:15,0.91
15/01/2024 20:30,0.91
15/01/2024 20:45,0.91
15/01/2024 21:00,0.91
15/01/2024 21:15,0.91
15/01/2024 21:30,0.91
15/01/2024 21:45,0.91
15/01/2024 22:00,0.91
15/01/2024 22:15,0.91
15/01/2024 22:30,0.91
15/01/2024 22:45,0.91
15/01/2024 23:00,0.91
15/01/2024 23:15,0.9
15/01/2024 23:30,0.9
15/01/2024 23:45,0.9
16/01/2024 00:00,0.9
16/01/2024 00:15,0.9
16/01/2024 00:30,0.9
16/01/2024 00:45,0.9
16/01/2024 01:00,0.9
16/01/2024 01:15,0.9
16/01/2024 01:30,0.9
16/01/2024 01:45,0.9
16/01/2024 02:00,0.9
16/01/2024 02:15,0.9
16/01/2024 02:30,0.9
16/01/2024 02:45,0.9
16/01/2024 03:00,0.89
16/01/2024 03:15,0.9
16/01/2024 03:30,0.9
16/01/2024 03:45,0.89
16/01/2024 04:00,0.89
16/01/2024 04:15,0.89
16/01/2024 04:30,0.89
16/01/2024 04:45,0.89
16/01/2024 05:00,0.89
16/01/2024 05:15,0.89
16/01/2024 05:30,0.89
16/01/2024 05:45,0.89
16/01/2024 06:00,0.89
16/01/2024 06:15,0.89
16/01/2024 06:30,0.88
16/01/2024 06:45,0.88
16/01/2024 07:00,0.89
16/01/2024 07:15,0.89
16/01/2024 07:30,0.88
16/01/2024 07:45,0.88
16/01/2024 08:00,0.88
16/01/2024 08:15,0.88
16/01/2024 08:30,0.88
16/01/2024 08:45,0.88
16/01/2024 09:00,0.88
16/01/2024 09:15,0.88
16/01/2024 09:30,0.88
16/01/2024 09:45,0.88
16/01/2024 10:00,0.88
16/01/2024 10:15,0.87
16/01/2024 10:30,0.87
16/01/2024 10:45,0.87
16/01/2024 11:00,0.87
16/01/2024 11:15,0.87
16/01/2024 11:30,0.87
16/01/2024 11:45,0.87
16/01/2024 12:00,0.87
16/01/2024 12:15,0.87
16/01/2024 12:30,0.87
16/01/2024 12:45,0.87
16/01/2024 13:00,0.87
16/01/2024 13:15,0.87
16/01/2024 13:30,0.87
16/01/2024 13:45,0.86
16/01/2024 14:00,0.86
16/01/2024 14:15,0.86
16/01/2024 14:30,0.86
16/01/2024 14:45,0.86
16/01/2024 15:00,0.86
16/01/2024 15:15,0.86
16/01/2024 15:30,0.86
16/01/2024 15:45,0.86
16/01/2024 16:00,0.86
16/01/2024 16:15,0.86
16/01/2024 16:30,0.86
16/01/2024 16:45,0.86
16/01/2024 17:00,0.86
16/01/2024 17:15,0.86
16/01/2024 17:30,0.86
16/01/2024 17:45,0.86
16/01/2024 18:00,0.86
16/01/2024 18:15,0.86
16/01/2024 18:30,0.86
16/01/2024 18:45,0.85
16/01/2024 19:00,0.86
16/01/2024 19:15,0.86
16/01/2024 19:30,0.86
16/01/2024 19:45,0.86
16/01/2024 20:00,0.86
16/01/2024 20:15,0.85
16/01/2024 20:30,0.85
16/01/2024 20:45,0.85
16/01/2024 21:00,0.85
16/01/2024 21:15,0.85
16/01/2024 21:30,0.85
16/01/2024 21:45,0.85
16/01/2024 22:00,0.85
16/01/2024 22:15,0.84
16/01/2024 22:30,0.84
16/01/2024 22:45,0.84
16/01/2024 23:00,0.84
16/01/2024 23:15,0.84
16/01/2024 23:30,0.84
16/01/2024 23:45,0.84
17/01/2024 00:00,0.84
17/01/2024 00:15,0.84
17/01/2024 00:30,0.84
17/01/2024 00:45,0.83
17/01/2024 01:00,0.84
17/01/2024 01:15,0.83
17/01/2024 01:30,0.83
17/01/2024 01:45,0.83
17/01/2024 02:00,0.83
17/01/2024 02:15,0.83
17/01/2024 02:30,0.83
17/01/2024 02:45,0.83
17/01/2024 03:00,0.83
17/01/2024 03:15,0.82
17/01/2024 03:30,0.82
17/01/2024 03:45,0.82
17/01/2024 04:00,0.82
17/01/2024 04:15,0.82
17/01/2024 04:30,0.82
17/01/2024 04:45,0.82
17/01/2024 05:00,0.82
17/01/2024 05:15,0.82
17/01/2024 05:30,0.82
17/01/2024 05:45,0.82
17/01/2024 06:00,0.82
17/01/2024 06:15,0.81
17/01/2024 06:30,0.81
17/01/2024 06:45,0.81
17/01/2024 07:00,0.82
17/01/2024 07:15,0.81
17/01/2024 07:30,0.81
17/01/2024 07:45,0.81
17/01/2024 08:00,0.81
17/01/2024 08:15,0.81
17/01/2024 08:30,0.81
17/01/2024 08:45,0.81
17/01/2024 09:00,0.81
17/01/2024 09:15,0.81
17/01/2024 09:30,0.8
17/01/2024 09:45,0.8
17/01/2024 10:00,0.81
17/01/2024 10:15,0.81
17/01/2024 10:30,0.8
17/01/2024 10:45,0.8
17/01/2024 11:00,0.8
17/01/2024 11:15,0.8
17/01/2024 11:30,0.8
17/01/2024 11:45,0.81
17/01/2024 12:00,0.81
17/01/2024 12:15,0.8
17/01/2024 12:30,0.8
17/01/2024 12:45,0.8
17/01/2024 13:00,0.8
17/01/2024 13:15,0.8
17/01/2024 13:30,0.8
17/01/2024 13:45,0.8
17/01/2024 14:00,0.79
17/01/2024 14:15,0.8
17/01/2024 14:30,0.8
17/01/2024 14:45,0.8
17/01/2024 15:00,0.8
17/01/2024 15:15,0.8
17/01/2024 15:30,0.79
17/01/2024 15:45,0.79
17/01/2024 16:00,0.79
17/01/2024 16:15,0.8
17/01/2024 16:30,0.79
17/01/2024 16:45,0.79
17/01/2024 17:00,0.8
17/01/2024 17:15,0.79
17/01/2024 17:30,0.79
17/01/2024 17:45,0.79
17/01/2024 18:00,0.79
17/01/2024 18:15,0.79
17/01/2024 18:30,0.79
17/01/2024 18:45,0.79
17/01/2024 19:00,0.79
17/01/2024 19:15,0.79
17/01/2024 19:30,0.79
17/01/2024 19:45,0.79
17/01/2024 20:00,0.79
17/01/2024 20:15,0.79
17/01/2024 20:30,0.79
17/01/2024 20:45,0.79
17/01/2024 21:00,0.79
17/01/2024 21:15,0.79
17/01/2024 21:30,0.79
17/01/2024 21:45,0.79
17/01/2024 22:00,0.79
17/01/2024 22:15,0.79
17/01/2024 22:30,0.79
17/01/2024 22:45,0.79
17/01/2024 23:00,0.79
17/01/2024 23:15,0.79
17/01/2024 23:30,0.79
17/01/2024 23:45,0.79
18/01/2024 00:00,0.78
18/01/2024 00:15,0.79
18/01/2024 00:30,0.79
18/01/2024 00:45,0.79
18/01/2024 01:00,0.78
18/01/2024 01:15,0.78
18/01/2024 01:30,0.78
18/01/2024 01:45,0.78
18/01/2024 02:00,0.78
18/01/2024 02:15,0.78
18/01/2024 02:30,0.78
18/01/2024 02:45,0.78
18/01/2024 03:00,0.78
18/01/2024 03:15,0.78
18/01/2024 03:30,0.78
18/01/2024 03:45,0.78
18/01/2024 04:00,0.78
18/01/2024 04:15,0.78
18/01/2024 04:30,0.78
18/01/2024 04:45,0.77
18/01/2024 05:00,0.77
18/01/2024 05:15,0.77
18/01/2024 05:30,0.78
18/01/2024 05:45,0.78
18/01/2024 06:00,0.77
18/01/2024 06:15,0.78
18/01/2024 06:30,0.77
18/01/2024 06:45,0.77
18/01/2024 07:00,0.77
18/01/2024 07:15,0.77
18/01/2024 07:30,0.77
18/01/2024 07:45,0.77
18/01/2024 08:00,0.77
18/01/2024 08:15,0.77
18/01/2024 08:30,0.77
18/01/2024 08:45,0.77
18/01/2024 09:00,0.76
18/01/2024 09:15,0.76
18/01/2024 09:30,0.76
18/01/2024 09:45,0.77
18/01/2024 10:00,0.76
18/01/2024 10:15,0.76
18/01/2024 10:30,0.76
18/01/2024 10:45,0.76
18/01/2024 11:00,0.76
18/01/2024 11:15,0.76
18/01/2024 11:30,0.76
18/01/2024 11:45,0.76
18/01/2024 12:00,0.76
18/01/2024 12:15,0.76
18/01/2024 12:30,0.76
18/01/2024 12:45,0.75
18/01/2024 13:00,0.76
18/01/2024 13:15,0.75
18/01/2024 13:30,0.76
18/01/2024 13:45,0.75
18/01/2024 14:00,0.75
18/01/2024 14:15,0.76
18/01/2024 14:30,0.75
18/01/2024 14:45,0.75
18/01/2024 15:00,0.75
18/01/2024 15:15,0.75
18/01/2024 15:30,0.75
18/01/2024 15:45,0.75
18/01/2024 16:00,0.75
18/01/2024 16:15,0.75
18/01/2024 16:30,0.75
18/01/2024 16:45,0.75
18/01/2024 17:00,0.75
18/01/2024 17:15,0.75
18/01/2024 17:30,0.75
18/01/2024 17:45,0.75
18/01/2024 18:00,0.75
18/01/2024 18:15,0.75
18/01/2024 18:30,0.74
18/01/2024 18:45,0.74
18/01/2024 19:00,0.75
18/01/2024 19:15,0.74
18/01/2024 19:30,0.74
18/01/2024 19:45,0.74
18/01/2024 20:00,0.74
18/01/2024 20:15,0.74
18/01/2024 20:30,0.74
18/01/2024 20:45,0.74
18/01/2024 21:00,0.74
18/01/2024 21:15,0.74
18/01/2024 21:30,0.74
18/01/2024 21:45,0.74
18/01/2024 22:00,0.74
18/01/2024 22:15,0.73
18/01/2024 22:30,0.73
18/01/2024 22:45,0.73
18/01/2024 23:00,0.73
18/01/2024 23:15,0.73
18/01/2024 23:30,0.73
18/01/2024 23:45,0.73
19/01/2024 00:00,0.73
19/01/2024 00:15,0.73
19/01/2024 00:30,0.73
19/01/2024 00:45,0.73
19/01/2024 01:00,0.73
19/01/2024 01:15,0.73
19/01/2024 01:30,0.72
19/01/2024 01:45,0.73
19/01/2024 02:00,0.72
19/01/2024 02:15,0.73
19/01/2024 02:30,0.73
19/01/2024 02:45,0.72
19/01/2024 03:00,0.72
19/01/2024 03:15,0.72
19/01/2024 03:30,0.72
19/01/2024 03:45,0.71
19/01/2024 04:00,0.72
19/01/2024 04:15,0.72
19/01/2024 04:30,0.71
19/01/2024 04:45,0.71
19/01/2024 05:00,0.71
19/01/2024 05:15,0.71
19/01/2024 05:30,0.71
19/01/2024 05:45,0.71
19/01/2024 06:00,0.71
19/01/2024 06:15,0.71
19/01/2024 06:30,0.71
19/01/2024 06:45,0.71
19/01/2024 07:00,0.71
19/01/2024 07:15,0.71
19/01/2024 07:30,0.7
19/01/2024 07:45,0.7
19/01/2024 08:00,0.7
19/01/2024 08:15,0.7
19/01/2024 08:30,0.7
19/01/2024 08:45,0.7
19/01/2024 09:00,0.7
19/01/2024 09:15,0.7
19/01/2024 09:30,0.7
19/01/2024 09:45,0.69
19/01/2024 10:00,0.69
19/01/2024 10:15,0.69
19/01/2024 10:30,0.69
19/01/2024 10:45,0.69
19/01/2024 11:00,0.69
19/01/2024 11:15,0.69
19/01/2024 11:30,0.69
19/01/2024 11:45,0.69
19/01/2024 12:00,0.69
19/01/2024 12:15,0.69
19/01/2024 12:30,0.69
19/01/2024 12:45,0.69
19/01/2024 13:00,0.69
19/01/2024 13:15,0.68
19/01/2024 13:30,0.68
19/01/2024 13:45,0.68
19/01/2024 14:00,0.68
19/01/2024 14:15,0.68
19/01/2024 14:30,0.68
19/01/2024 14:45,0.68
19/01/2024 15:00,0.68
19/01/2024 15:15,0.68
19/01/2024 15:30,0.68
19/01/2024 15:45,0.68
19/01/2024 16:00,0.67
19/01/2024 16:15,0.67
19/01/2024 16:30,0.67
19/01/2024 16:45,0.67
19/01/2024 17:00,0.67
19/01/2024 17:15,0.67
19/01/2024 17:30,0.67
19/01/2024 17:45,0.67
19/01/2024 18:00,0.67
19/01/2024 18:15,0.67
19/01/2024 18:30,0.67
19/01/2024 18:45,0.67
19/01/2024 19:00,0.67
19/01/2024 19:15,0.67
19/01/2024 19:30,0.67
19/01/2024 19:45,0.67
19/01/2024 20:00,0.66
19/01/2024 20:15,0.67
19/01/2024 20:30,0.67
19/01/2024 20:45,0.66
19/01/2024 21:00,0.66
19/01/2024 21:15,0.66
19/01/2024 21:30,0.66
19/01/2024 21:45,0.66
19/01/2024 22:00,0.66
19/01/2024 22:15,0.66
19/01/2024 22:30,0.66
19/01/2024 22:45,0.66
19/01/2024 23:00,0.66
19/01/2024 23:15,0.66
19/01/2024 23:30,0.66
19/01/2024 23:45,0.66
20/01/2024 00:00,0.66
20/01/2024 00:15,0.66
20/01/2024 00:30,0.65
20/01/2024 00:45,0.66
20/01/2024 01:00,0.66
20/01/2024 01:15,0.65
20/01/2024 01:30,0.65
20/01/2024 01:45,0.65
20/01/2024 02:00,0.65
20/01/2024 02:15,0.65
20/01/2024 02:30,0.65
20/01/2024 02:45,0.65
20/01/2024 03:00,0.65
20/01/2024 03:15,0.65
20/01/2024 03:30,0.65
20/01/2024 03:45,0.65
20/01/2024 04:00,0.65
20/01/2024 04:15,0.65
20/01/2024 04:30,0.64
20/01/2024 04:45,0.65
20/01/2024 05:00,0.64
20/01/2024 05:15,0.64
20/01/2024 05:30,0.64
20/01/2024 05:45,0.64
20/01/2024 06:00,0.64
20/01/2024 06:15,0.64
20/01/2024 06:30,0.64
20/01/2024 06:45,0.64
20/01/2024 07:00,0.64
20/01/2024 07:15,0.63
20/01/2024 07:30,0.64
20/01/2024 07:45,0.64
20/01/2024 08:00,0.64
20/01/2024 08:15,0.63
20/01/2024 08:30,0.63
20/01/2024 08:45,0.63
20/01/2024 09:00,0.63
20/01/2024 09:15,0.63
20/01/2024 09:30,0.63
20/01/2024 09:45,0.63
20/01/2024 10:00,0.63
20/01/2024 10:15,0.63
20/01/2024 10:30,0.63
20/01/2024 10:45,0.63
20/01/2024 11:00,0.63
20/01/2024 11:15,0.63
20/01/2024 11:30,0.62
20/01/2024 11:45,0.62
20/01/2024 12:00,0.62
20/01/2024 12:15,0.62
20/01/2024 12:30,0.62
20/01/2024 12:45,0.62
20/01/2024 13:00,0.62
20/01/2024 13:15,0.62
20/01/2024 13:30,0.62
20/01/2024 13:45,0.62
20/01/2024 14:00,0.62
20/01/2024 14:15,0.62
20/01/2024 14:30,0.62
20/01/2024 14:45,0.62
20/01/2024 15:00,0.62
20/01/2024 15:15,0.62
20/01/2024 15:30,0.62
20/01/2024 15:45,0.62
20/01/2024 16:00,0.62
20/01/2024 16:15,0.62
20/01/2024 16:30,0.62
20/01/2024 16:45,0.62
20/01/2024 17:00,0.62
20/01/2024 17:15,0.62
20/01/2024 17:30,0.62
20/01/2024 17:45,0.62
20/01/2024 18:00,0.62
20/01/2024 18:15,0.62
20/01/2024 18:30,0.62
20/01/2024 18:45,0.62
20/01/2024 19:00,0.62
20/01/2024 19:15,0.62
20/01/2024 19:30,0.62
20/01/2024 19:45,0.62
20/01/2024 20:00,0.62
20/01/2024 20:15,0.62
20/01/2024 20:30,0.62
20/01/2024 20:45,0.62
20/01/2024 21:00,0.62
20/01/2024 21:15,0.62
20/01/2024 21:30,0.62
20/01/2024 21:45,0.62
20/01/2024 22:00,0.62
20/01/2024 22:15,0.62
20/01/2024 22:30,0.63
20/01/2024 22:45,0.63
20/01/2024 23:00,0.63
20/01/2024 23:15,0.62
20/01/2024 23:30,0.62
20/01/2024 23:45,0.63
21/01/2024 00:00,0.62
21/01/2024 00:15,0.62
21/01/2024 00:30,0.63
21/01/2024 00:45,0.62
21/01/2024 01:00,0.63
21/01/2024 01:15,0.63
21/01/2024 01:30,0.62
21/01/2024 01:45,0.63
21/01/2024 02:00,0.63
21/01/2024 02:15,0.63
21/01/2024 02:30,0.63
21/01/2024 02:45,0.63
21/01/2024 03:00,0.63
21/01/2024 03:15,0.63
21/01/2024 03:30,0.63
21/01/2024 03:45,0.63
21/01/2024 04:00,0.63
21/01/2024 04:15,0.63
21/01/2024 04:30,0.63
21/01/2024 04:45,0.63
21/01/2024 05:00,0.63
21/01/2024 05:15,0.63
21/01/2024 05:30,0.63
21/01/2024 05:45,0.63
21/01/2024 06:00,0.63
21/01/2024 06:15,0.63
21/01/2024 06:30,0.62
21/01/2024 06:45,0.63
21/01/2024 07:00,0.63
21/01/2024 07:15,0.62
21/01/2024 07:30,0.63
21/01/2024 07:45,0.62
21/01/2024 08:00,0.62
21/01/2024 08:15,0.62
21/01/2024 08:30,0.62
21/01/2024 08:45,0.56
21/01/2024 09:00,0.62
21/01/2024 09:15,0.62
21/01/2024 09:30,0.62
21/01/2024 09:45,0.62
21/01/2024 10:00,0.62
21/01/2024 10:15,0.62
21/01/2024 10:30,0.62
21/01/2024 10:45,0.62
21/01/2024 11:00,0.62
21/01/2024 11:15,0.62
21/01/2024 11:30,0.62
21/01/2024 11:45,0.62
21/01/2024 12:00,0.62
21/01/2024 12:15,0.62
21/01/2024 12:30,0.62
21/01/2024 12:45,0.62
21/01/2024 13:00,0.62
21/01/2024 13:15,0.62
21/01/2024 13:30,0.62
21/01/2024 13:45,0.62
21/01/2024 14:00,0.62
21/01/2024 14:15,0.62
21/01/2024 14:30,0.62
21/01/2024 14:45,0.62
21/01/2024 15:00,0.62
21/01/2024 15:15,0.62
21/01/2024 15:30,0.62
21/01/2024 15:45,0.62
21/01/2024 16:00,0.62
21/01/2024 16:15,0.62
21/01/2024 16:30,0.62
21/01/2024 16:45,0.63
21/01/2024 17:00,0.63
21/01/2024 17:15,0.63
21/01/2024 17:30,0.63
21/01/2024 17:45,0.63
21/01/2024 18:00,0.63
21/01/2024 18:15,0.63
21/01/2024 18:30,0.63
21/01/2024 18:45,0.63
21/01/2024 19:00,0.63
21/01/2024 19:15,0.63
21/01/2024 19:30,0.64
21/01/2024 19:45,0.64
21/01/2024 20:00,0.64
21/01/2024 20:15,0.64
21/01/2024 20:30,0.64
21/01/2024 20:45,0.64
21/01/2024 21:00,0.65
21/01/2024 21:15,0.64
21/01/2024 21:30,0.65
21/01/2024 21:45,0.66
21/01/2024 22:00,0.66
21/01/2024 22:15,0.67
21/01/2024 22:30,0.66
21/01/2024 22:45,0.67
21/01/2024 23:00,0.68
21/01/2024 23:15,0.68
21/01/2024 23:30,0.68
21/01/2024 23:45,0.68
22/01/2024 00:00,0.69
22/01/2024 00:15,0.69
22/01/2024 00:30,0.69
22/01/2024 00:45,0.69
22/01/2024 01:00,0.69
22/01/2024 01:15,0.69
22/01/2024 01:30,0.7
22/01/2024 01:45,0.71
22/01/2024 02:00,0.71
22/01/2024 02:15,0.72
22/01/2024 02:30,0.72
22/01/2024 02:45,0.73
22/01/2024 03:00,0.74
22/01/2024 03:15,0.75
22/01/2024 03:30,0.76
22/01/2024 03:45,0.77
22/01/2024 04:00,0.78
22/01/2024 04:15,0.79
22/01/2024 04:30,0.8
22/01/2024 04:45,0.81
22/01/2024 05:00,0.82
22/01/2024 05:15,0.83
22/01/2024 05:30,0.84
22/01/2024 05:45,0.85
22/01/2024 06:00,0.86
22/01/2024 06:15,0.87
22/01/2024 06:30,0.88
22/01/2024 06:45,0.89
22/01/2024 07:00,0.9
22/01/2024 07:15,0.92
22/01/2024 07:30,0.93
22/01/2024 07:45,0.94
22/01/2024 08:00,0.96
22/01/2024 08:15,0.96
22/01/2024 08:30,0.98
22/01/2024 08:45,1
22/01/2024 09:00,1
22/01/2024 09:15,1.01
22/01/2024 09:30,1.02
22/01/2024 09:45,1.03
22/01/2024 10:00,1.05
22/01/2024 10:15,1.06
22/01/2024 10:30,1.07
22/01/2024 10:45,1.08
22/01/2024 11:00,1.09
22/01/2024 11:15,1.1
22/01/2024 11:30,1.11
22/01/2024 11:45,1.13
22/01/2024 12:00,1.15
22/01/2024 12:15,1.16
22/01/2024 12:30,1.17
22/01/2024 12:45,1.21
22/01/2024 13:00,1.23
22/01/2024 13:15,1.25
22/01/2024 13:30,1.3
22/01/2024 13:45,1.35
22/01/2024 14:00,1.39
22/01/2024 14:15,1.45
22/01/2024 14:30,1.51
22/01/2024 14:45,1.57
22/01/2024 15:00,1.64
22/01/2024 15:15,1.72
22/01/2024 15:30,1.79
22/01/2024 15:45,1.87
22/01/2024 16:00,1.94
22/01/2024 16:15,2.01
22/01/2024 16:30,2.09
22/01/2024 16:45,2.18
22/01/2024 17:00,2.23
22/01/2024 17:15,2.3
22/01/2024 17:30,2.37
22/01/2024 17:45,2.43
22/01/2024 18:00,2.49
22/01/2024 18:15,2.56
22/01/2024 18:30,2.6
22/01/2024 18:45,2.65
22/01/2024 19:00,2.69
22/01/2024 19:15,2.75
22/01/2024 19:30,2.79
22/01/2024 19:45,2.85
22/01/2024 20:00,2.87
22/01/2024 20:15,2.94
22/01/2024 20:30,2.96
22/01/2024 20:45,2.97
22/01/2024 21:00,2.99
22/01/2024 21:15,3.03
22/01/2024 21:30,3.06
22/01/2024 21:45,3.08
22/01/2024 22:00,3.11
22/01/2024 22:15,3.12
22/01/2024 22:30,3.12
22/01/2024 22:45,3.16
22/01/2024 23:00,3.17
22/01/2024 23:15,3.17
22/01/2024 23:30,3.17
22/01/2024 23:45,3.18
23/01/2024 00:00,3.19
23/01/2024 00:15,3.19
23/01/2024 00:30,3.22
23/01/2024 00:45,3.2
23/01/2024 01:00,3.19
23/01/2024 01:15,3.19
23/01/2024 01:30,3.18
23/01/2024 01:45,3.17
23/01/2024 02:00,3.16
23/01/2024 02:15,3.15
23/01/2024 02:30,3.14
23/01/2024 02:45,3.13
23/01/2024 03:00,3.12
23/01/2024 03:15,3.09
23/01/2024 03:30,3.06
23/01/2024 03:45,3.05
23/01/2024 04:00,3.03
23/01/2024 04:15,3.01
23/01/2024 04:30,2.99
23/01/2024 04:45,2.96
23/01/2024 05:00,2.94
23/01/2024 05:15,2.92
23/01/2024 05:30,2.89
23/01/2024 05:45,2.86
23/01/2024 06:00,2.82
23/01/2024 06:15,2.8
23/01/2024 06:30,2.76
23/01/2024 06:45,2.74
23/01/2024 07:00,2.7
23/01/2024 07:15,2.67
23/01/2024 07:30,2.63
23/01/2024 07:45,2.61
23/01/2024 08:00,2.58
23/01/2024 08:15,2.53
23/01/2024 08:30,2.52
23/01/2024 08:45,2.49
23/01/2024 09:00,2.46
23/01/2024 09:15,2.41
23/01/2024 09:30,2.38
23/01/2024 09:45,2.36
23/01/2024 10:00,2.34
23/01/2024 10:15,2.3
23/01/2024 10:30,2.27
23/01/2024 10:45,2.24
23/01/2024 11:00,2.21
23/01/2024 11:15,2.19
23/01/2024 11:30,2.17
23/01/2024 11:45,2.15
23/01/2024 12:00,2.11
23/01/2024 12:15,2.09
23/01/2024 12:30,2.08
23/01/2024 12:45,2.05
23/01/2024 13:00,2.04
23/01/2024 13:15,2
23/01/2024 13:30,1.99
23/01/2024 13:45,1.98
23/01/2024 14:00,1.97
23/01/2024 14:15,1.95
23/01/2024 14:30,1.93
23/01/2024 14:45,1.92
23/01/2024 15:00,1.89
23/01/2024 15:15,1.88
23/01/2024 15:30,1.86
23/01/2024 15:45,1.86
23/01/2024 16:00,1.83
23/01/2024 16:15,1.83
23/01/2024 16:30,1.81
23/01/2024 16:45,1.8
23/01/2024 17:00,1.79
23/01/2024 17:15,1.77
23/01/2024 17:30,1.77
23/01/2024 17:45,1.75
23/01/2024 18:00,1.74
23/01/2024 18:15,1.74
23/01/2024 18:30,1.73
23/01/2024 18:45,1.72
23/01/2024 19:00,1.72
23/01/2024 19:15,1.71
23/01/2024 19:30,1.69
23/01/2024 19:45,1.7
23/01/2024 20:00,1.68
23/01/2024 20:15,1.67
23/01/2024 20:30,1.67
23/01/2024 20:45,1.66
23/01/2024 21:00,1.64
23/01/2024 21:15,1.65
23/01/2024 21:30,1.63
23/01/2024 21:45,1.63
23/01/2024 22:00,1.63
23/01/2024 22:15,1.62
23/01/2024 22:30,1.62
23/01/2024 22:45,1.61
23/01/2024 23:00,1.6
23/01/2024 23:15,1.6
23/01/2024 23:30,1.6
23/01/2024 23:45,1.6
24/01/2024 00:00,1.59
24/01/2024 00:15,1.59
24/01/2024 00:30,1.57
24/01/2024 00:45,1.57
24/01/2024 01:00,1.57
24/01/2024 01:15,1.58
24/01/2024 01:30,1.56
24/01/2024 01:45,1.55
24/01/2024 02:00,1.55
24/01/2024 02:15,1.54
24/01/2024 02:30,1.54
24/01/2024 02:45,1.54
24/01/2024 03:00,1.54
24/01/2024 03:15,1.54
24/01/2024 03:30,1.54
24/01/2024 03:45,1.53
24/01/2024 04:00,1.54
24/01/2024 04:15,1.53
24/01/2024 04:30,1.54
24/01/2024 04:45,1.53
24/01/2024 05:00,1.53
24/01/2024 05:15,1.53
24/01/2024 05:30,1.53
24/01/2024 05:45,1.52
24/01/2024 06:00,1.53
24/01/2024 06:15,1.53
24/01/2024 06:30,1.53
24/01/2024 06:45,1.53
24/01/2024 07:00,1.53
24/01/2024 07:15,1.54
24/01/2024 07:30,1.55
24/01/2024 07:45,1.55
24/01/2024 08:00,1.56
24/01/2024 08:15,1.57
24/01/2024 08:30,1.57
24/01/2024 08:45,1.57
24/01/2024 09:00,1.59
24/01/2024 09:15,1.6
24/01/2024 09:30,1.61
24/01/2024 09:45,1.62
24/01/2024 10:00,1.63
24/01/2024 10:15,1.64
24/01/2024 10:30,1.66
24/01/2024 10:45,1.69
24/01/2024 11:00,1.69
24/01/2024 11:15,1.7
24/01/2024 11:30,1.72
24/01/2024 11:45,1.74
24/01/2024 12:00,1.75
24/01/2024 12:15,1.77
24/01/2024 12:30,1.79
24/01/2024 12:45,1.81
24/01/2024 13:00,1.83
24/01/2024 13:15,1.84
24/01/2024 13:30,1.87
24/01/2024 13:45,1.88
24/01/2024 14:00,1.9
24/01/2024 14:15,1.92
24/01/2024 14:30,1.93
24/01/2024 14:45,1.95
24/01/2024 15:00,1.98
24/01/2024 15:15,1.99
24/01/2024 15:30,2.01
24/01/2024 15:45,2.03
24/01/2024 16:00,2.04
24/01/2024 16:15,2.05
24/01/2024 16:30,2.07
24/01/2024 16:45,2.09
24/01/2024 17:00,2.1
24/01/2024 17:15,2.12
24/01/2024 17:30,2.12
24/01/2024 17:45,2.14
24/01/2024 18:00,2.15
24/01/2024 18:15,2.16
24/01/2024 18:30,2.17
24/01/2024 18:45,2.18
24/01/2024 19:00,2.19
24/01/2024 19:15,2.19
24/01/2024 19:30,2.19
24/01/2024 19:45,2.19
24/01/2024 20:00,2.21
24/01/2024 20:15,2.21
24/01/2024 20:30,2.21
24/01/2024 20:45,2.21
24/01/2024 21:00,2.22
24/01/2024 21:15,2.21
24/01/2024 21:30,2.2
24/01/2024 21:45,2.2
24/01/2024 22:00,2.2
24/01/2024 22:15,2.2
24/01/2024 22:30,2.19
24/01/2024 22:45,2.19
24/01/2024 23:00,2.18
24/01/2024 23:15,2.17
24/01/2024 23:30,2.17
24/01/2024 23:45,2.16
25/01/2024 00:00,2.16
25/01/2024 00:15,2.14
25/01/2024 00:30,2.13
25/01/2024 00:45,2.13
25/01/2024 01:00,2.12
25/01/2024 01:15,2.11
25/01/2024 01:30,2.11
25/01/2024 01:45,2.09
25/01/2024 02:00,2.08
25/01/2024 02:15,2.08
25/01/2024 02:30,2.06
25/01/2024 02:45,2.05
25/01/2024 03:00,2.04
25/01/2024 03:15,2.04
25/01/2024 03:30,2.02
25/01/2024 03:45,2.01
25/01/2024 04:00,1.99
25/01/2024 04:15,1.99
25/01/2024 04:30,1.98
25/01/2024 04:45,1.96
25/01/2024 05:00,1.95
25/01/2024 05:15,1.94
25/01/2024 05:30,1.93
25/01/2024 05:45,1.92
25/01/2024 06:00,1.91
25/01/2024 06:15,1.89
25/01/2024 06:30,1.89
25/01/2024 06:45,1.88
25/01/2024 07:00,1.87
25/01/2024 07:15,1.86
25/01/2024 07:30,1.85
25/01/2024 07:45,1.84
25/01/2024 08:00,1.84
25/01/2024 08:15,1.82
25/01/2024 08:30,1.81
25/01/2024 08:45,1.8
25/01/2024 09:00,1.79
25/01/2024 09:15,1.79
25/01/2024 09:30,1.78
25/01/2024 09:45,1.76
25/01/2024 10:00,1.76
25/01/2024 10:15,1.74
25/01/2024 10:30,1.74
25/01/2024 10:45,1.73
25/01/2024 11:00,1.73
25/01/2024 11:15,1.72
25/01/2024 11:30,1.72
25/01/2024 11:45,1.7
25/01/2024 12:00,1.7
25/01/2024 12:15,1.69
25/01/2024 12:30,1.68
25/01/2024 12:45,1.67
25/01/2024 13:00,1.67
25/01/2024 13:15,1.66
25/01/2024 13:30,1.66
25/01/2024 13:45,1.65
25/01/2024 14:00,1.65
25/01/2024 14:15,1.64
25/01/2024 14:30,1.63
25/01/2024 14:45,1.63
25/01/2024 15:00,1.62
25/01/2024 15:15,1.61
25/01/2024 15:30,1.61
25/01/2024 15:45,1.6
25/01/2024 16:00,1.6
25/01/2024 16:15,1.59
25/01/2024 16:30,1.59
25/01/2024 16:45,1.59
25/01/2024 17:00,1.58
25/01/2024 17:15,1.57
25/01/2024 17:30,1.57
25/01/2024 17:45,1.57
25/01/2024 18:00,1.56
25/01/2024 18:15,1.56
25/01/2024 18:30,1.55
25/01/2024 18:45,1.55
25/01/2024 19:00,1.55
25/01/2024 19:15,1.54
25/01/2024 19:30,1.54
25/01/2024 19:45,1.53
25/01/2024 20:00,1.52
25/01/2024 20:15,1.52
25/01/2024 20:30,1.53
25/01/2024 20:45,1.52
25/01/2024 21:00,1.52
25/01/2024 21:15,1.51
25/01/2024 21:30,1.51
25/01/2024 21:45,1.5
25/01/2024 22:00,1.5
25/01/2024 22:15,1.5
25/01/2024 22:30,1.5
25/01/2024 22:45,1.5
25/01/2024 23:00,1.49
25/01/2024 23:15,1.49
25/01/2024 23:30,1.49
25/01/2024 23:45,1.49
26/01/2024 00:00,1.49
26/01/2024 00:15,1.48
26/01/2024 00:30,1.48
26/01/2024 00:45,1.48
26/01/2024 01:00,1.47
26/01/2024 01:15,1.48
26/01/2024 01:30,1.47
26/01/2024 01:45,1.47
26/01/2024 02:00,1.47
26/01/2024 02:15,1.47
26/01/2024 02:30,1.46
26/01/2024 02:45,1.46
26/01/2024 03:00,1.46
26/01/2024 03:15,1.46
26/01/2024 03:30,1.46
26/01/2024 03:45,1.46
26/01/2024 04:00,1.45
26/01/2024 04:15,1.46
26/01/2024 04:30,1.46
26/01/2024 04:45,1.45
26/01/2024 05:00,1.46
26/01/2024 05:15,1.45
26/01/2024 05:30,1.46
26/01/2024 05:45,1.45
26/01/2024 06:00,1.45
26/01/2024 06:15,1.46
26/01/2024 06:30,1.45
26/01/2024 06:45,1.46
26/01/2024 07:00,1.45
26/01/2024 07:15,1.45
26/01/2024 07:30,1.47
26/01/2024 07:45,1.47
26/01/2024 08:00,1.46
26/01/2024 08:15,1.46
26/01/2024 08:30,1.46
26/01/2024 08:45,1.47
26/01/2024 09:00,1.47
26/01/2024 09:15,1.46
26/01/2024 09:30,1.47
26/01/2024 09:45,1.47
26/01/2024 10:00,1.47
26/01/2024 10:15,1.48
26/01/2024 10:30,1.47
26/01/2024 10:45,1.48
26/01/2024 11:00,1.49
26/01/2024 11:15,1.48
26/01/2024 11:30,1.49
26/01/2024 11:45,1.49
26/01/2024 12:00,1.5
26/01/2024 12:15,1.51
26/01/2024 12:30,1.51
26/01/2024 12:45,1.5
26/01/2024 13:00,1.51
26/01/2024 13:15,1.51
26/01/2024 13:30,1.51
26/01/2024 13:45,1.52
26/01/2024 14:00,1.53
26/01/2024 14:15,1.54
26/01/2024 14:30,1.54
26/01/2024 14:45,1.55
26/01/2024 15:00,1.55
26/01/2024 15:15,1.56
26/01/2024 15:30,1.57
26/01/2024 15:45,1.58
26/01/2024 16:00,1.6
26/01/2024 16:15,1.6
26/01/2024 16:30,1.61
26/01/2024 16:45,1.62
26/01/2024 17:00,1.64
26/01/2024 17:15,1.65
26/01/2024 17:30,1.67
26/01/2024 17:45,1.68
26/01/2024 18:00,1.69
26/01/2024 18:15,1.72
26/01/2024 18:30,1.74
26/01/2024 18:45,1.75
26/01/2024 19:00,1.77
26/01/2024 19:15,1.8
26/01/2024 19:30,1.82
26/01/2024 19:45,1.84
26/01/2024 20:00,1.87
26/01/2024 20:15,1.87
26/01/2024 20:30,1.91
26/01/2024 20:45,1.92
26/01/2024 21:00,1.95
26/01/2024 21:15,1.97
26/01/2024 21:30,1.98
26/01/2024 21:45,2.01
26/01/2024 22:00,2.03
26/01/2024 22:15,2.04
26/01/2024 22:30,2.06
26/01/2024 22:45,2.09
26/01/2024 23:00,2.1
26/01/2024 23:15,2.11
26/01/2024 23:30,2.11
26/01/2024 23:45,2.13
27/01/2024 00:00,2.15
27/01/2024 00:15,2.15
27/01/2024 00:30,2.16
27/01/2024 00:45,2.17
27/01/2024 01:00,2.18
27/01/2024 01:15,2.19
27/01/2024 01:30,2.18
27/01/2024 01:45,2.19
27/01/2024 02:00,2.2
27/01/2024 02:15,2.2
27/01/2024 02:30,2.2
27/01/2024 02:45,2.21
27/01/2024 03:00,2.2
27/01/2024 03:15,2.2
27/01/2024 03:30,2.2
27/01/2024 03:45,2.2
27/01/2024 04:00,2.19
27/01/2024 04:15,2.19
27/01/2024 04:30,2.18
27/01/2024 04:45,2.18
27/01/2024 05:00,2.17
27/01/2024 05:15,2.16
27/01/2024 05:30,2.16
27/01/2024 05:45,2.14
27/01/2024 06:00,2.14
27/01/2024 06:15,2.12
27/01/2024 06:30,2.13
27/01/2024 06:45,2.13
27/01/2024 07:00,2.11
27/01/2024 07:15,2.09
27/01/2024 07:30,2.09
27/01/2024 07:45,2.08
27/01/2024 08:00,2.07
27/01/2024 08:15,2.06
27/01/2024 08:30,2.04
27/01/2024 08:45,2.04
27/01/2024 09:00,2.02
27/01/2024 09:15,2.02
27/01/2024 09:30,2
27/01/2024 09:45,2
27/01/2024 10:00,1.98
27/01/2024 10:15,1.97
27/01/2024 10:30,1.96
27/01/2024 10:45,1.96
27/01/2024 11:00,1.94
27/01/2024 11:15,1.93
27/01/2024 11:30,1.91
27/01/2024 11:45,1.91
27/01/2024 12:00,1.89
27/01/2024 12:15,1.89
27/01/2024 12:30,1.88
27/01/2024 12:45,1.87
27/01/2024 13:00,1.86
27/01/2024 13:15,1.85
27/01/2024 13:30,1.84
27/01/2024 13:45,1.84
27/01/2024 14:00,1.83
27/01/2024 14:15,1.82
27/01/2024 14:30,1.81
27/01/2024 14:45,1.8
27/01/2024 15:00,1.8
27/01/2024 15:15,1.78
27/01/2024 15:30,1.78
27/01/2024 15:45,1.76
27/01/2024 16:00,1.76
27/01/2024 16:15,1.75
27/01/2024 16:30,1.75
27/01/2024 16:45,1.74
27/01/2024 17:00,1.74
27/01/2024 17:15,1.73
27/01/2024 17:30,1.72
27/01/2024 17:45,1.71
27/01/2024 18:00,1.71
27/01/2024 18:15,1.7
27/01/2024 18:30,1.7
27/01/2024 18:45,1.69
27/01/2024 19:00,1.69
27/01/2024 19:15,1.68
27/01/2024 19:30,1.67
27/01/2024 19:45,1.66
27/01/2024 20:00,1.67
27/01/2024 20:15,1.65
27/01/2024 20:30,1.65
27/01/2024 20:45,1.65
27/01/2024 21:00,1.64
27/01/2024 21:15,1.64
27/01/2024 21:30,1.63
27/01/2024 21:45,1.63
27/01/2024 22:00,1.62
27/01/2024 22:15,1.61
27/01/2024 22:30,1.62
27/01/2024 22:45,1.61
27/01/2024 23:00,1.61
27/01/2024 23:15,1.6
27/01/2024 23:30,1.6
27/01/2024 23:45,1.59
28/01/2024 00:00,1.59
28/01/2024 00:15,1.58
28/01/2024 00:30,1.59
28/01/2024 00:45,1.58
28/01/2024 01:00,1.58
28/01/2024 01:15,1.58
28/01/2024 01:30,1.58
28/01/2024 01:45,1.57
28/01/2024 02:00,1.56
28/01/2024 02:15,1.57
28/01/2024 02:30,1.55
28/01/2024 02:45,1.55
28/01/2024 03:00,1.55
28/01/2024 03:15,1.55
28/01/2024 03:30,1.54
28/01/2024 03:45,1.54
28/01/2024 04:00,1.54
28/01/2024 04:15,1.54
28/01/2024 04:30,1.53
28/01/2024 04:45,1.54
28/01/2024 05:00,1.53
28/01/2024 05:15,1.52
28/01/2024 05:30,1.52
28/01/2024 05:45,1.51
28/01/2024 06:00,1.51
28/01/2024 06:15,1.51
28/01/2024 06:30,1.5
28/01/2024 06:45,1.5
28/01/2024 07:00,1.5
28/01/2024 07:15,1.5
28/01/2024 07:30,1.5
28/01/2024 07:45,1.49
28/01/2024 08:00,1.49
28/01/2024 08:15,1.48
28/01/2024 08:30,1.49
28/01/2024 08:45,1.49
28/01/2024 09:00,1.49
28/01/2024 09:15,1.48
28/01/2024 09:30,1.47
28/01/2024 09:45,1.48
28/01/2024 10:00,1.47
28/01/2024 10:15,1.47
28/01/2024 10:30,1.47
28/01/2024 10:45,1.47
28/01/2024 11:00,1.46
28/01/2024 11:15,1.46
28/01/2024 11:30,1.46
28/01/2024 11:45,1.45
28/01/2024 12:00,1.45
28/01/2024 12:15,1.45
28/01/2024 12:30,1.46
28/01/2024 12:45,1.44
28/01/2024 13:00,1.45
28/01/2024 13:15,1.44
28/01/2024 13:30,1.44
28/01/2024 13:45,1.43
28/01/2024 14:00,1.43
28/01/2024 14:15,1.43
28/01/2024 14:30,1.43
28/01/2024 14:45,1.43
28/01/2024 15:00,1.43
28/01/2024 15:15,1.42
28/01/2024 15:30,1.42
28/01/2024 15:45,1.42
28/01/2024 16:00,1.42
28/01/2024 16:15,1.42
28/01/2024 16:30,1.41
28/01/2024 16:45,1.41
28/01/2024 17:00,1.41
28/01/2024 17:15,1.41
28/01/2024 17:30,1.4
28/01/2024 17:45,1.4
28/01/2024 18:00,1.4
28/01/2024 18:15,1.4
28/01/2024 18:30,1.4
28/01/2024 18:45,1.39
28/01/2024 19:00,1.39
28/01/2024 19:15,1.39
28/01/2024 19:30,1.38
28/01/2024 19:45,1.38
28/01/2024 20:00,1.38
28/01/2024 20:15,1.38
28/01/2024 20:30,1.38
28/01/2024 20:45,1.38
28/01/2024 21:00,1.38
28/01/2024 21:15,1.37
28/01/2024 21:30,1.37
28/01/2024 21:45,1.37
28/01/2024 22:00,1.37
28/01/2024 22:15,1.36
28/01/2024 22:30,1.36
28/01/2024 22:45,1.36
28/01/2024 23:00,1.36
28/01/2024 23:15,1.36
28/01/2024 23:30,1.35
28/01/2024 23:45,1.35
29/01/2024 00:00,1.35
29/01/2024 00:15,1.35
29/01/2024 00:30,1.35
29/01/2024 00:45,1.35
29/01/2024 01:00,1.35
29/01/2024 01:15,1.34
29/01/2024 01:30,1.34
29/01/2024 01:45,1.34
29/01/2024 02:00,1.34
29/01/2024 02:15,1.34
29/01/2024 02:30,1.33
29/01/2024 02:45,1.33
29/01/2024 03:00,1.33
29/01/2024 03:15,1.33
29/01/2024 03:30,1.33
29/01/2024 03:45,1.33
29/01/2024 04:00,1.33
29/01/2024 04:15,1.32
29/01/2024 04:30,1.32
29/01/2024 04:45,1.32
29/01/2024 05:00,1.31
29/01/2024 05:15,1.32
29/01/2024 05:30,1.31
29/01/2024 05:45,1.31
29/01/2024 06:00,1.31
29/01/2024 06:15,1.31
29/01/2024 06:30,1.31
29/01/2024 06:45,1.31
29/01/2024 07:00,1.3
29/01/2024 07:15,1.3
29/01/2024 07:30,1.3
29/01/2024 07:45,1.3
29/01/2024 08:00,1.3
29/01/2024 08:15,1.29
29/01/2024 08:30,1.3
29/01/2024 08:45,1.29
29/01/2024 09:00,1.29
29/01/2024 09:15,1.29
29/01/2024 09:30,1.29
29/01/2024 09:45,1.28
29/01/2024 10:00,1.28
29/01/2024 10:15,1.28
29/01/2024 10:30,1.28
29/01/2024 10:45,1.28
29/01/2024 11:00,1.28
29/01/2024 11:15,1.27
29/01/2024 11:30,1.28
29/01/2024 11:45,1.27
29/01/2024 12:00,1.27
29/01/2024 12:15,1.27
29/01/2024 12:30,1.27
29/01/2024 12:45,1.26
29/01/2024 13:00,1.26
29/01/2024 13:15,1.27
29/01/2024 13:30,1.26
29/01/2024 13:45,1.26
29/01/2024 14:00,1.26
29/01/2024 14:15,1.26
29/01/2024 14:30,1.25
29/01/2024 14:45,1.26
29/01/2024 15:00,1.26
29/01/2024 15:15,1.25
29/01/2024 15:30,1.25
29/01/2024 15:45,1.25
29/01/2024 16:00,1.26
29/01/2024 16:15,1.25
29/01/2024 16:30,1.25
29/01/2024 16:45,1.25
29/01/2024 17:00,1.25
29/01/2024 17:15,1.25
29/01/2024 17:30,1.24
29/01/2024 17:45,1.24
29/01/2024 18:00,1.24
29/01/2024 18:15,1.24
29/01/2024 18:30,1.24
29/01/2024 18:45,1.25
29/01/2024 19:00,1.24
29/01/2024 19:15,1.24
29/01/2024 19:30,1.24
29/01/2024 19:45,1.24
29/01/2024 20:00,1.23
29/01/2024 20:15,1.24
29/01/2024 20:30,1.23
29/01/2024 20:45,1.23
29/01/2024 21:00,1.23
29/01/2024 21:15,1.22
29/01/2024 21:30,1.22
29/01/2024 21:45,1.22
29/01/2024 22:00,1.22
29/01/2024 22:15,1.22
29/01/2024 22:30,1.22
29/01/2024 22:45,1.21
29/01/2024 23:00,1.21
29/01/2024 23:15,1.21
29/01/2024 23:30,1.21
29/01/2024 23:45,1.21
30/01/2024 00:00,1.2
30/01/2024 00:15,1.2
30/01/2024 00:30,1.2
30/01/2024 00:45,1.2
30/01/2024 01:00,1.2
30/01/2024 01:15,1.2
30/01/2024 01:30,1.19
30/01/2024 01:45,1.2
30/01/2024 02:00,1.19
30/01/2024 02:15,1.19
30/01/2024 02:30,1.19
30/01/2024 02:45,1.19
30/01/2024 03:00,1.18
30/01/2024 03:15,1.18
30/01/2024 03:30,1.18
30/01/2024 03:45,1.18
30/01/2024 04:00,1.18
30/01/2024 04:15,1.18
30/01/2024 04:30,1.18
30/01/2024 04:45,1.17
30/01/2024 05:00,1.17
30/01/2024 05:15,1.17
30/01/2024 05:30,1.17
30/01/2024 05:45,1.17
30/01/2024 06:00,1.17
30/01/2024 06:15,1.17
30/01/2024 06:30,1.17
30/01/2024 06:45,1.17
30/01/2024 07:00,1.17
30/01/2024 07:15,1.17
30/01/2024 07:30,1.17
30/01/2024 07:45,1.17
30/01/2024 08:00,1.16
30/01/2024 08:15,1.17
30/01/2024 08:30,1.17
30/01/2024 08:45,1.17
30/01/2024 09:00,1.17
30/01/2024 09:15,1.16
30/01/2024 09:30,1.17
30/01/2024 09:45,1.17
30/01/2024 10:00,1.17
30/01/2024 10:15,1.17
30/01/2024 10:30,1.17
30/01/2024 10:45,1.17
30/01/2024 11:00,1.18
30/01/2024 11:15,1.18
30/01/2024 11:30,1.18
30/01/2024 11:45,1.18
30/01/2024 12:00,1.19
30/01/2024 12:15,1.19
30/01/2024 12:30,1.19
30/01/2024 12:45,1.19
30/01/2024 13:00,1.19
30/01/2024 13:15,1.2
30/01/2024 13:30,1.2
30/01/2024 13:45,1.2
30/01/2024 14:00,1.21
30/01/2024 14:15,1.21
30/01/2024 14:30,1.21
30/01/2024 14:45,1.21
30/01/2024 15:00,1.22
30/01/2024 15:15,1.22
30/01/2024 15:30,1.23
30/01/2024 15:45,1.23
30/01/2024 16:00,1.23
30/01/2024 16:15,1.23
30/01/2024 16:30,1.24
30/01/2024 16:45,1.24
30/01/2024 17:00,1.24
30/01/2024 17:15,1.25
30/01/2024 17:30,1.25
30/01/2024 17:45,1.24
30/01/2024 18:00,1.25
30/01/2024 18:15,1.25
30/01/2024 18:30,1.25
30/01/2024 18:45,1.25
30/01/2024 19:00,1.25
30/01/2024 19:15,1.25
30/01/2024 19:30,1.25
30/01/2024 19:45,1.25
30/01/2024 20:00,1.25
30/01/2024 20:15,1.25
30/01/2024 20:30,1.25
30/01/2024 20:45,1.25
30/01/2024 21:00,1.26
30/01/2024 21:15,1.26
30/01/2024 21:30,1.25
30/01/2024 21:45,1.25
30/01/2024 22:00,1.25
30/01/2024 22:15,1.25
30/01/2024 22:30,1.25
30/01/2024 22:45,1.25
30/01/2024 23:00,1.25
30/01/2024 23:15,1.25
30/01/2024 23:30,1.25
30/01/2024 23:45,1.25
31/01/2024 00:00,1.25
31/01/2024 00:15,1.25
31/01/2024 00:30,1.25
31/01/2024 00:45,1.25
31/01/2024 01:00,1.25
31/01/2024 01:15,1.24
31/01/2024 01:30,1.25
31/01/2024 01:45,1.25
31/01/2024 02:00,1.25
31/01/2024 02:15,1.24
31/01/2024 02:30,1.24
31/01/2024 02:45,1.24
31/01/2024 03:00,1.24
31/01/2024 03:15,1.24
31/01/2024 03:30,1.24
31/01/2024 03:45,1.24
31/01/2024 04:00,1.24
31/01/2024 04:15,1.25
31/01/2024 04:30,1.24
31/01/2024 04:45,1.24
31/01/2024 05:00,1.23
31/01/2024 05:15,1.23
31/01/2024 05:30,1.23
31/01/2024 05:45,1.23
31/01/2024 06:00,1.23
31/01/2024 06:15,1.23
31/01/2024 06:30,1.23
31/01/2024 06:45,1.23
31/01/2024 07:00,1.22
31/01/2024 07:15,1.22
31/01/2024 07:30,1.22
31/01/2024 07:45,1.22
31/01/2024 08:00,1.22
31/01/2024 08:15,1.21
31/01/2024 08:30,1.21
31/01/2024 08:45,1.21
31/01/2024 09:00,1.2
31/01/2024 09:15,1.2
31/01/2024 09:30,1.2
31/01/2024 09:45,1.2
31/01/2024 10:00,1.19
31/01/2024 10:15,1.2
31/01/2024 10:30,1.2
31/01/2024 10:45,1.2
31/01/2024 11:00,1.19
31/01/2024 11:15,1.19
31/01/2024 11:30,1.18
31/01/2024 11:45,1.18
31/01/2024 12:00,1.19
31/01/2024 12:15,1.18
31/01/2024 12:30,1.18
31/01/2024 12:45,1.17
31/01/2024 13:00,1.17
31/01/2024 13:15,1.17
31/01/2024 13:30,1.17
31/01/2024 13:45,1.16
31/01/2024 14:00,1.17
31/01/2024 14:15,1.16
31/01/2024 14:30,1.16
31/01/2024 14:45,1.16
31/01/2024 15:00,1.15
31/01/2024 15:15,1.15
31/01/2024 15:30,1.15
31/01/2024 15:45,1.15
31/01/2024 16:00,1.15
31/01/2024 16:15,1.15
31/01/2024 16:30,1.15
31/01/2024 16:45,1.15
31/01/2024 17:00,1.14
31/01/2024 17:15,1.14
31/01/2024 17:30,1.14
31/01/2024 17:45,1.14
31/01/2024 18:00,1.14
31/01/2024 18:15,1.14
31/01/2024 18:30,1.13
31/01/2024 18:45,1.13
31/01/2024 19:00,1.13
31/01/2024 19:15,1.12
31/01/2024 19:30,1.12
31/01/2024 19:45,1.12
31/01/2024 20:00,1.12
31/01/2024 20:15,1.12
31/01/2024 20:30,1.12
31/01/2024 20:45,1.12
31/01/2024 21:00,1.12
31/01/2024 21:15,1.11
31/01/2024 21:30,1.11
31/01/2024 21:45,1.11
31/01/2024 22:00,1.11
31/01/2024 22:15,1.11
31/01/2024 22:30,1.11
31/01/2024 22:45,1.1
31/01/2024 23:00,1.1
31/01/2024 23:15,1.11
31/01/2024 23:30,1.1
31/01/2024 23:45,1.1
01/02/2024 00:00,1.09
01/02/2024 00:15,1.09
01/02/2024 00:30,1.09
01/02/2024 00:45,1.09
01/02/2024 01:00,1.09
01/02/2024 01:15,1.09
01/02/2024 01:30,1.09
01/02/2024 01:45,1.08
01/02/2024 02:00,1.08
01/02/2024 02:15,1.08
01/02/2024 02:30,1.08
01/02/2024 02:45,1.08
01/02/2024 03:00,1.07
01/02/2024 03:15,1.08
01/02/2024 03:30,1.07
01/02/2024 03:45,1.07
01/02/2024 04:00,1.07
01/02/2024 04:15,1.07
01/02/2024 04:30,1.07
01/02/2024 04:45,1.07
01/02/2024 05:00,1.06
01/02/2024 05:15,1.06
01/02/2024 05:30,1.06
01/02/2024 05:45,1.06
01/02/2024 06:00,1.06
01/02/2024 06:15,1.06
01/02/2024 06:30,1.06
01/02/2024 06:45,1.05
01/02/2024 07:00,1.05
01/02/2024 07:15,1.05
01/02/2024 07:30,1.05
01/02/2024 07:45,1.05
01/02/2024 08:00,1.05
01/02/2024 08:15,1.05
01/02/2024 08:30,1.04
01/02/2024 08:45,1.05
01/02/2024 09:00,1.05
01/02/2024 09:15,1.04
01/02/2024 09:30,1.04
01/02/2024 09:45,1.04
01/02/2024 10:00,1.04
01/02/2024 10:15,1.04
01/02/2024 10:30,1.04
01/02/2024 10:45,1.04
01/02/2024 11:00,1.03
01/02/2024 11:15,1.03
01/02/2024 11:30,1.04
01/02/2024 11:45,1.04
01/02/2024 12:00,1.03
01/02/2024 12:15,1.03
01/02/2024 12:30,1.03
01/02/2024 12:45,1.03
01/02/2024 13:00,1.03
01/02/2024 13:15,1.03
01/02/2024 13:30,1.03
01/02/2024 13:45,1.03
01/02/2024 14:00,1.03
01/02/2024 14:15,1.03
01/02/2024 14:30,1.03
01/02/2024 14:45,1.03
01/02/2024 15:00,1.04
01/02/2024 15:15,1.03
01/02/2024 15:30,1.04
01/02/2024 15:45,1.03
01/02/2024 16:00,1.03
01/02/2024 16:15,1.03
01/02/2024 16:30,1.03
01/02/2024 16:45,1.03
01/02/2024 17:00,1.03
01/02/2024 17:15,1.03
01/02/2024 17:30,1.04
01/02/2024 17:45,1.03
01/02/2024 18:00,1.04
01/02/2024 18:15,1.04
01/02/2024 18:30,1.04
01/02/2024 18:45,1.04
01/02/2024 19:00,1.04
01/02/2024 19:15,1.04
01/02/2024 19:30,1.04
01/02/2024 19:45,1.05
01/02/2024 20:00,1.04
01/02/2024 20:15,1.04
01/02/2024 20:30,1.04
01/02/2024 20:45,1.04
01/02/2024 21:00,1.05
01/02/2024 21:15,1.05
01/02/2024 21:30,1.05
01/02/2024 21:45,1.05
01/02/2024 22:00,1.05
01/02/2024 22:15,1.06
01/02/2024 22:30,1.06
01/02/2024 22:45,1.06
01/02/2024 23:00,1.07
01/02/2024 23:15,1.07
01/02/2024 23:30,1.07
01/02/2024 23:45,1.08
02/02/2024 00:00,1.08
02/02/2024 00:15,1.08
02/02/2024 00:30,1.09
02/02/2024 00:45,1.09
02/02/2024 01:00,1.1
02/02/2024 01:15,1.11
02/02/2024 01:30,1.11
02/02/2024 01:45,1.11
02/02/2024 02:00,1.12
02/02/2024 02:15,1.13
02/02/2024 02:30,1.13
02/02/2024 02:45,1.14
02/02/2024 03:00,1.14
02/02/2024 03:15,1.14
02/02/2024 03:30,1.14
02/02/2024 03:45,1.14
02/02/2024 04:00,1.15
02/02/2024 04:15,1.15
02/02/2024 04:30,1.16
02/02/2024 04:45,1.15
02/02/2024 05:00,1.16
02/02/2024 05:15,1.16
02/02/2024 05:30,1.16
02/02/2024 05:45,1.16
02/02/2024 06:00,1.16
02/02/2024 06:15,1.16
02/02/2024 06:30,1.16
02/02/2024 06:45,1.16
02/02/2024 07:00,1.16
02/02/2024 07:15,1.15
02/02/2024 07:30,1.15
02/02/2024 07:45,1.15
02/02/2024 08:00,1.14
02/02/2024 08:15,1.14
02/02/2024 08:30,1.14
02/02/2024 08:45,1.14
02/02/2024 09:00,1.13
02/02/2024 09:15,1.13
02/02/2024 09:30,1.13
02/02/2024 09:45,1.13
02/02/2024 10:00,1.12
02/02/2024 10:15,1.12
02/02/2024 10:30,1.11
02/02/2024 10:45,1.11
02/02/2024 11:00,1.11
02/02/2024 11:15,1.1
02/02/2024 11:30,1.11
02/02/2024 11:45,1.1
02/02/2024 12:00,1.1
02/02/2024 12:15,1.1
02/02/2024 12:30,1.1
02/02/2024 12:45,1.09
02/02/2024 13:00,1.09
02/02/2024 13:15,1.08
02/02/2024 13:30,1.08
02/02/2024 13:45,1.09
02/02/2024 14:00,1.08
02/02/2024 14:15,1.07
02/02/2024 14:30,1.07
02/02/2024 14:45,1.07
02/02/2024 15:00,1.08
02/02/2024 15:15,1.07
02/02/2024 15:30,1.07
02/02/2024 15:45,1.07
02/02/2024 16:00,1.06
02/02/2024 16:15,1.06
02/02/2024 16:30,1.07
02/02/2024 16:45,1.06
02/02/2024 17:00,1.07
02/02/2024 17:15,1.06
02/02/2024 17:30,1.06
02/02/2024 17:45,1.06
02/02/2024 18:00,1.05
02/02/2024 18:15,1.05
02/02/2024 18:30,1.06
02/02/2024 18:45,1.05
02/02/2024 19:00,1.05
02/02/2024 19:15,1.05
02/02/2024 19:30,1.04
02/02/2024 19:45,1.05
02/02/2024 20:00,1.05
02/02/2024 20:15,1.04
02/02/2024 20:30,1.05
02/02/2024 20:45,1.04
02/02/2024 21:00,1.04
02/02/2024 21:15,1.04
02/02/2024 21:30,1.04
02/02/2024 21:45,1.03
02/02/2024 22:00,1.04
02/02/2024 22:15,1.03
02/02/2024 22:30,1.03
02/02/2024 22:45,1.03
02/02/2024 23:00,1.03
02/02/2024 23:15,1.03
02/02/2024 23:30,1.03
02/02/2024 23:45,1.03
03/02/2024 00:00,1.03
03/02/2024 00:15,1.03
03/02/2024 00:30,1.02
03/02/2024 00:45,1.03
03/02/2024 01:00,1.02
03/02/2024 01:15,1.02
03/02/2024 01:30,1.02
03/02/2024 01:45,1.02
03/02/2024 02:00,1.02
03/02/2024 02:15,1.02
03/02/2024 02:30,1.02
03/02/2024 02:45,1.01
03/02/2024 03:00,1.01
03/02/2024 03:15,1.01
03/02/2024 03:30,1.02
03/02/2024 03:45,1.02
03/02/2024 04:00,1.01
03/02/2024 04:15,1.01
03/02/2024 04:30,1.02
03/02/2024 04:45,1.01
03/02/2024 05:00,1.01
03/02/2024 05:15,1.01
03/02/2024 05:30,1.01
03/02/2024 05:45,1.01
03/02/2024 06:00,1.01
03/02/2024 06:15,1.01
03/02/2024 06:30,1.01
03/02/2024 06:45,1.01
03/02/2024 07:00,1.02
03/02/2024 07:15,1.01
03/02/2024 07:30,1.01
03/02/2024 07:45,1.01
03/02/2024 08:00,1.01
03/02/2024 08:15,1.01
03/02/2024 08:30,1.02
03/02/2024 08:45,1.01
03/02/2024 09:00,1.02
03/02/2024 09:15,1.01
03/02/2024 09:30,1.01
03/02/2024 09:45,1.01
03/02/2024 10:00,1.02
03/02/2024 10:15,1.02
03/02/2024 10:30,1.01
03/02/2024 10:45,1.01
03/02/2024 11:00,1.01
03/02/2024 11:15,1.02
03/02/2024 11:30,1.01
03/02/2024 11:45,1.02
03/02/2024 12:00,1.01
03/02/2024 12:15,1.02
03/02/2024 12:30,1.02
03/02/2024 12:45,1.02
03/02/2024 13:00,1.01
03/02/2024 13:15,1.02
03/02/2024 13:30,1.01
03/02/2024 13:45,1.02
03/02/2024 14:00,1.02
03/02/2024 14:15,1.01
03/02/2024 14:30,1.01
03/02/2024 14:45,1.01
03/02/2024 15:00,1.02
03/02/2024 15:15,1.02
03/02/2024 15:30,1.01
03/02/2024 15:45,1.01
03/02/2024 16:00,1.01
03/02/2024 16:15,1.02
03/02/2024 16:30,1.02
03/02/2024 16:45,1.02
03/02/2024 17:00,1.02
03/02/2024 17:15,1.02
03/02/2024 17:30,1.02
03/02/2024 17:45,1.01
03/02/2024 18:00,1.01
03/02/2024 18:15,1.01
03/02/2024 18:30,1.02
03/02/2024 18:45,1.01
03/02/2024 19:00,1.01
03/02/2024 19:15,1.01
03/02/2024 19:30,1.01
03/02/2024 19:45,1.01
03/02/2024 20:00,1.01
03/02/2024 20:15,1
03/02/2024 20:30,1
03/02/2024 20:45,1
03/02/2024 21:00,1.01
03/02/2024 21:15,1
03/02/2024 21:30,1
03/02/2024 21:45,1
03/02/2024 22:00,1
03/02/2024 22:15,1
03/02/2024 22:30,0.99
03/02/2024 22:45,0.99
03/02/2024 23:00,0.99
03/02/2024 23:15,0.99
03/02/2024 23:30,0.99
03/02/2024 23:45,0.99
04/02/2024 00:00,0.99
04/02/2024 00:15,0.99
04/02/2024 00:30,0.99
04/02/2024 00:45,0.99
04/02/2024 01:00,0.99
04/02/2024 01:15,0.98
04/02/2024 01:30,0.99
04/02/2024 01:45,0.98
04/02/2024 02:00,0.98
04/02/2024 02:15,0.98
04/02/2024 02:30,0.99
04/02/2024 02:45,0.98
04/02/2024 03:00,0.98
04/02/2024 03:15,0.98
04/02/2024 03:30,0.99
04/02/2024 03:45,0.98
04/02/2024 04:00,0.98
04/02/2024 04:15,0.99
04/02/2024 04:30,0.98
04/02/2024 04:45,0.98
04/02/2024 05:00,0.98
04/02/2024 05:15,0.98
04/02/2024 05:30,0.99
04/02/2024 05:45,0.98
04/02/2024 06:00,0.98
04/02/2024 06:15,0.98
04/02/2024 06:30,0.98
04/02/2024 06:45,0.99
04/02/2024 07:00,0.98
04/02/2024 07:15,0.98
04/02/2024 07:30,0.98
04/02/2024 07:45,0.98
04/02/2024 08:00,0.98
04/02/2024 08:15,0.98
04/02/2024 08:30,0.98
04/02/2024 08:45,0.98
04/02/2024 09:00,0.98
04/02/2024 09:15,0.98
04/02/2024 09:30,0.98
04/02/2024 09:45,0.98
04/02/2024 10:00,0.98
04/02/2024 10:15,0.99
04/02/2024 10:30,0.99
04/02/2024 10:45,0.99
04/02/2024 11:00,0.98
04/02/2024 11:15,0.99
04/02/2024 11:30,0.99
04/02/2024 11:45,0.99
04/02/2024 12:00,0.99
04/02/2024 12:15,0.99
04/02/2024 12:30,1
04/02/2024 12:45,1
04/02/2024 13:00,1
04/02/2024 13:15,1
04/02/2024 13:30,1.01
04/02/2024 13:45,1.02
04/02/2024 14:00,1.01
04/02/2024 14:15,1.01
04/02/2024 14:30,1.02
04/02/2024 14:45,1.02
04/02/2024 15:00,1.02
04/02/2024 15:15,1.02
04/02/2024 15:30,1.03
04/02/2024 15:45,1.03
04/02/2024 16:00,1.04
04/02/2024 16:15,1.04
04/02/2024 16:30,1.04
04/02/2024 16:45,1.05
04/02/2024 17:00,1.05
04/02/2024 17:15,1.06
04/02/2024 17:30,1.07
04/02/2024 17:45,1.07
04/02/2024 18:00,1.07
04/02/2024 18:15,1.07
04/02/2024 18:30,1.08
04/02/2024 18:45,1.08
04/02/2024 19:00,1.09
04/02/2024 19:15,1.09
04/02/2024 19:30,1.1
04/02/2024 19:45,1.1
04/02/2024 20:00,1.11
04/02/2024 20:15,1.11
04/02/2024 20:30,1.11
04/02/2024 20:45,1.12
04/02/2024 21:00,1.13
04/02/2024 21:15,1.14
04/02/2024 21:30,1.14
04/02/2024 21:45,1.15
04/02/2024 22:00,1.15
04/02/2024 22:15,1.16
04/02/2024 22:30,1.16
04/02/2024 22:45,1.17
04/02/2024 23:00,1.18
04/02/2024 23:15,1.18
04/02/2024 23:30,1.19
04/02/2024 23:45,1.19
05/02/2024 00:00,1.21
05/02/2024 00:15,1.21
05/02/2024 00:30,1.21
05/02/2024 00:45,1.23
05/02/2024 01:00,1.23
05/02/2024 01:15,1.23
05/02/2024 01:30,1.24
05/02/2024 01:45,1.25
05/02/2024 02:00,1.25
05/02/2024 02:15,1.26
05/02/2024 02:30,1.25
05/02/2024 02:45,1.26
05/02/2024 03:00,1.27
05/02/2024 03:15,1.27
05/02/2024 03:30,1.28
05/02/2024 03:45,1.28
05/02/2024 04:00,1.29
05/02/2024 04:15,1.29
05/02/2024 04:30,1.3
05/02/2024 04:45,1.3
05/02/2024 05:00,1.3
05/02/2024 05:15,1.3
05/02/2024 05:30,1.32
05/02/2024 05:45,1.32
05/02/2024 06:00,1.32
05/02/2024 06:15,1.33
05/02/2024 06:30,1.32
05/02/2024 06:45,1.32
05/02/2024 07:00,1.33
05/02/2024 07:15,1.33
05/02/2024 07:30,1.33
05/02/2024 07:45,1.33
05/02/2024 08:00,1.33
05/02/2024 08:15,1.34
05/02/2024 08:30,1.34
05/02/2024 08:45,1.34
05/02/2024 09:00,1.34
05/02/2024 09:15,1.34
05/02/2024 09:30,1.34
05/02/2024 09:45,1.34
05/02/2024 10:00,1.34
05/02/2024 10:15,1.33
05/02/2024 10:30,1.34
05/02/2024 10:45,1.33
05/02/2024 11:00,1.33
05/02/2024 11:15,1.33
05/02/2024 11:30,1.33
05/02/2024 11:45,1.33
05/02/2024 12:00,1.34
05/02/2024 12:15,1.34
05/02/2024 12:30,1.33
05/02/2024 12:45,1.33
05/02/2024 13:00,1.33
05/02/2024 13:15,1.33
05/02/2024 13:30,1.33
05/02/2024 13:45,1.32
05/02/2024 14:00,1.32
05/02/2024 14:15,1.32
05/02/2024 14:30,1.32
05/02/2024 14:45,1.32
05/02/2024 15:00,1.32
05/02/2024 15:15,1.31
05/02/2024 15:30,1.31
05/02/2024 15:45,1.31
05/02/2024 16:00,1.31
05/02/2024 16:15,1.32
05/02/2024 16:30,1.3
05/02/2024 16:45,1.3
05/02/2024 17:00,1.3
05/02/2024 17:15,1.3
05/02/2024 17:30,1.3
05/02/2024 17:45,1.29
05/02/2024 18:00,1.29
05/02/2024 18:15,1.29
05/02/2024 18:30,1.28
05/02/2024 18:45,1.28
05/02/2024 19:00,1.28
05/02/2024 19:15,1.28
05/02/2024 19:30,1.28
05/02/2024 19:45,1.27
05/02/2024 20:00,1.27
05/02/2024 20:15,1.27
05/02/2024 20:30,1.27
05/02/2024 20:45,1.25
05/02/2024 21:00,1.25
05/02/2024 21:15,1.25
05/02/2024 21:30,1.25
05/02/2024 21:45,1.25
05/02/2024 22:00,1.24
05/02/2024 22:15,1.24
05/02/2024 22:30,1.23
05/02/2024 22:45,1.23
05/02/2024 23:00,1.23
05/02/2024 23:15,1.23
05/02/2024 23:30,1.23
05/02/2024 23:45,1.23
06/02/2024 00:00,1.22
06/02/2024 00:15,1.21
06/02/2024 00:30,1.21
06/02/2024 00:45,1.21
06/02/2024 01:00,1.21
06/02/2024 01:15,1.21
06/02/2024 01:30,1.2
06/02/2024 01:45,1.2
06/02/2024 02:00,1.2
06/02/2024 02:15,1.2
06/02/2024 02:30,1.2
06/02/2024 02:45,1.2
06/02/2024 03:00,1.19
06/02/2024 03:15,1.19
06/02/2024 03:30,1.18
06/02/2024 03:45,1.18
06/02/2024 04:00,1.18
06/02/2024 04:15,1.18
06/02/2024 04:30,1.17
06/02/2024 04:45,1.17
06/02/2024 05:00,1.17
06/02/2024 05:15,1.17
06/02/2024 05:30,1.17
06/02/2024 05:45,1.17
06/02/2024 06:00,1.16
06/02/2024 06:15,1.16
06/02/2024 06:30,1.16
06/02/2024 06:45,1.16
06/02/2024 07:00,1.16
06/02/2024 07:15,1.16
06/02/2024 07:30,1.15
06/02/2024 07:45,1.15
06/02/2024 08:00,1.16
06/02/2024 08:15,1.15
06/02/2024 08:30,1.15
06/02/2024 08:45,1.14
06/02/2024 09:00,1.14
06/02/2024 09:15,1.14
06/02/2024 09:30,1.14
06/02/2024 09:45,1.14
06/02/2024 10:00,1.14
06/02/2024 10:15,1.14
06/02/2024 10:30,1.14
06/02/2024 10:45,1.13
06/02/2024 11:00,1.14
06/02/2024 11:15,1.14
06/02/2024 11:30,1.12
06/02/2024 11:45,1.13
06/02/2024 12:00,1.13
06/02/2024 12:15,1.12
06/02/2024 12:30,1.12
06/02/2024 12:45,1.12
06/02/2024 13:00,1.11
06/02/2024 13:15,1.11
06/02/2024 13:30,1.12
06/02/2024 13:45,1.12
06/02/2024 14:00,1.11
06/02/2024 14:15,1.11
06/02/2024 14:30,1.11
06/02/2024 14:45,1.11
06/02/2024 15:00,1.11
06/02/2024 15:15,1.1
06/02/2024 15:30,1.1
06/02/2024 15:45,1.1
06/02/2024 16:00,1.1
06/02/2024 16:15,1.1
06/02/2024 16:30,1.1
06/02/2024 16:45,1.1
06/02/2024 17:00,1.09
06/02/2024 17:15,1.1
06/02/2024 17:30,1.09
06/02/2024 17:45,1.1
06/02/2024 18:00,1.1
06/02/2024 18:15,1.1
06/02/2024 18:30,1.1
06/02/2024 18:45,1.09
06/02/2024 19:00,1.1
06/02/2024 19:15,1.1
06/02/2024 19:30,1.09
06/02/2024 19:45,1.09
06/02/2024 20:00,1.09
06/02/2024 20:15,1.1
06/02/2024 20:30,1.09
06/02/2024 20:45,1.1
06/02/2024 21:00,1.1
06/02/2024 21:15,1.1
06/02/2024 21:30,1.1
06/02/2024 21:45,1.1
06/02/2024 22:00,1.1
06/02/2024 22:15,1.11
06/02/2024 22:30,1.1
06/02/2024 22:45,1.11
06/02/2024 23:00,1.11
06/02/2024 23:15,1.12
06/02/2024 23:30,1.12
06/02/2024 23:45,1.12
07/02/2024 00:00,1.13
07/02/2024 00:15,1.13
07/02/2024 00:30,1.13
07/02/2024 00:45,1.14
07/02/2024 01:00,1.15
07/02/2024 01:15,1.15
07/02/2024 01:30,1.16
07/02/2024 01:45,1.16
07/02/2024 02:00,1.17
07/02/2024 02:15,1.18
07/02/2024 02:30,1.18
07/02/2024 02:45,1.19
07/02/2024 03:00,1.2
07/02/2024 03:15,1.21
07/02/2024 03:30,1.22
07/02/2024 03:45,1.23
07/02/2024 04:00,1.24
07/02/2024 04:15,1.25
07/02/2024 04:30,1.26
07/02/2024 04:45,1.26
07/02/2024 05:00,1.28
07/02/2024 05:15,1.28
07/02/2024 05:30,1.3
07/02/2024 05:45,1.31
07/02/2024 06:00,1.32
07/02/2024 06:15,1.33
07/02/2024 06:30,1.34
07/02/2024 06:45,1.35
07/02/2024 07:00,1.37
07/02/2024 07:15,1.38
07/02/2024 07:30,1.39
07/02/2024 07:45,1.4
07/02/2024 08:00,1.41
07/02/2024 08:15,1.43
07/02/2024 08:30,1.44
07/02/2024 08:45,1.45
07/02/2024 09:00,1.47
07/02/2024 09:15,1.48
07/02/2024 09:30,1.5
07/02/2024 09:45,1.51
07/02/2024 10:00,1.53
07/02/2024 10:15,1.55
07/02/2024 10:30,1.58
07/02/2024 10:45,1.61
07/02/2024 11:00,1.63
07/02/2024 11:15,1.66
07/02/2024 11:30,1.7
07/02/2024 11:45,1.73
07/02/2024 12:00,1.78
07/02/2024 12:15,1.82
07/02/2024 12:30,1.87
07/02/2024 12:45,1.93
07/02/2024 13:00,1.99
07/02/2024 13:15,2.04
07/02/2024 13:30,2.09
07/02/2024 13:45,2.15
07/02/2024 14:00,2.22
07/02/2024 14:15,2.27
07/02/2024 14:30,2.35
07/02/2024 14:45,2.39
07/02/2024 15:00,2.46
07/02/2024 15:15,2.52
07/02/2024 15:30,2.6
07/02/2024 15:45,2.65
07/02/2024 16:00,2.69
07/02/2024 16:15,2.74
07/02/2024 16:30,2.78
07/02/2024 16:45,2.85
07/02/2024 17:00,2.88
07/02/2024 17:15,2.92
07/02/2024 17:30,2.96
07/02/2024 17:45,3.01
07/02/2024 18:00,3.05
07/02/2024 18:15,3.09
07/02/2024 18:30,3.12
07/02/2024 18:45,3.16
07/02/2024 19:00,3.19
07/02/2024 19:15,3.21
07/02/2024 19:30,3.25
07/02/2024 19:45,3.27
07/02/2024 20:00,3.3
07/02/2024 20:15,3.31
07/02/2024 20:30,3.33
07/02/2024 20:45,3.35
07/02/2024 21:00,3.38
07/02/2024 21:15,3.39
07/02/2024 21:30,3.39
07/02/2024 21:45,3.42
07/02/2024 22:00,3.42
07/02/2024 22:15,3.44
07/02/2024 22:30,3.45
07/02/2024 22:45,3.46
07/02/2024 23:00,3.45
07/02/2024 23:15,3.46
07/02/2024 23:30,3.47
07/02/2024 23:45,3.49
08/02/2024 00:00,3.48
08/02/2024 00:15,3.5
08/02/2024 00:30,3.5
08/02/2024 00:45,3.48
08/02/2024 01:00,3.5
08/02/2024 01:15,3.51
08/02/2024 01:30,3.48
08/02/2024 01:45,3.49
08/02/2024 02:00,3.49
08/02/2024 02:15,3.48
08/02/2024 02:30,3.48
08/02/2024 02:45,3.47
08/02/2024 03:00,3.48
08/02/2024 03:15,3.46
08/02/2024 03:30,3.46
08/02/2024 03:45,3.45
08/02/2024 04:00,3.46
08/02/2024 04:15,3.43
08/02/2024 04:30,3.42
08/02/2024 04:45,3.41
08/02/2024 05:00,3.4
08/02/2024 05:15,3.4
08/02/2024 05:30,3.37
08/02/2024 05:45,3.36
08/02/2024 06:00,3.35
08/02/2024 06:15,3.32
08/02/2024 06:30,3.3
08/02/2024 06:45,3.29
08/02/2024 07:00,3.26
08/02/2024 07:15,3.24
08/02/2024 07:30,3.21
08/02/2024 07:45,3.21
08/02/2024 08:00,3.16
08/02/2024 08:15,3.15
08/02/2024 08:30,3.13
08/02/2024 08:45,3.09
08/02/2024 09:00,3.07
08/02/2024 09:15,3.05
08/02/2024 09:30,3.02
08/02/2024 09:45,3
08/02/2024 10:00,2.99
08/02/2024 10:15,2.95
08/02/2024 10:30,2.92
08/02/2024 10:45,2.9
08/02/2024 11:00,2.88
08/02/2024 11:15,2.87
08/02/2024 11:30,2.83
08/02/2024 11:45,2.82
08/02/2024 12:00,2.79
08/02/2024 12:15,2.77
08/02/2024 12:30,2.74
08/02/2024 12:45,2.73
08/02/2024 13:00,2.71
08/02/2024 13:15,2.68
08/02/2024 13:30,2.67
08/02/2024 13:45,2.64
08/02/2024 14:00,2.63
08/02/2024 14:15,2.62
08/02/2024 14:30,2.6
08/02/2024 14:45,2.58
08/02/2024 15:00,2.57
08/02/2024 15:15,2.55
08/02/2024 15:30,2.53
08/02/2024 15:45,2.52
08/02/2024 16:00,2.51
08/02/2024 16:15,2.49
08/02/2024 16:30,2.49
08/02/2024 16:45,2.48
08/02/2024 17:00,2.46
08/02/2024 17:15,2.46
08/02/2024 17:30,2.44
08/02/2024 17:45,2.44
08/02/2024 18:00,2.43
08/02/2024 18:15,2.42
08/02/2024 18:30,2.42
08/02/2024 18:45,2.41
08/02/2024 19:00,2.41
08/02/2024 19:15,2.4
08/02/2024 19:30,2.4
08/02/2024 19:45,2.39
08/02/2024 20:00,2.39
08/02/2024 20:15,2.39
08/02/2024 20:30,2.38
08/02/2024 20:45,2.38
08/02/2024 21:00,2.38
08/02/2024 21:15,2.38
08/02/2024 21:30,2.39
08/02/2024 21:45,2.38
08/02/2024 22:00,2.38
08/02/2024 22:15,2.39
08/02/2024 22:30,2.4
08/02/2024 22:45,2.42
08/02/2024 23:00,2.42
08/02/2024 23:15,2.44
08/02/2024 23:30,2.45
08/02/2024 23:45,2.46
09/02/2024 00:00,2.48
09/02/2024 00:15,2.51
09/02/2024 00:30,2.51
09/02/2024 00:45,2.53
09/02/2024 01:00,2.56
09/02/2024 01:15,2.57
09/02/2024 01:30,2.6
09/02/2024 01:45,2.62
09/02/2024 02:00,2.65
09/02/2024 02:15,2.68
09/02/2024 02:30,2.71
09/02/2024 02:45,2.74
09/02/2024 03:00,2.77
09/02/2024 03:15,2.81
09/02/2024 03:30,2.84
09/02/2024 03:45,2.88
09/02/2024 04:00,2.9
09/02/2024 04:15,2.95
09/02/2024 04:30,2.99
09/02/2024 04:45,3.02
09/02/2024 05:00,3.04
09/02/2024 05:15,3.09
09/02/2024 05:30,3.14
09/02/2024 05:45,3.15
09/02/2024 06:00,3.2
09/02/2024 06:15,3.22
09/02/2024 06:30,3.26
09/02/2024 06:45,3.3
09/02/2024 07:00,3.31
09/02/2024 07:15,3.35
09/02/2024 07:30,3.38
09/02/2024 07:45,3.39
09/02/2024 08:00,3.42
09/02/2024 08:15,3.45
09/02/2024 08:30,3.46
09/02/2024 08:45,3.5
09/02/2024 09:00,3.51
09/02/2024 09:15,3.52
09/02/2024 09:30,3.53
09/02/2024 09:45,3.54
09/02/2024 10:00,3.55
09/02/2024 10:15,3.58
09/02/2024 10:30,3.6
09/02/2024 10:45,3.6
09/02/2024 11:00,3.6
09/02/2024 11:15,3.62
09/02/2024 11:30,3.61
09/02/2024 11:45,3.63
09/02/2024 12:00,3.63
09/02/2024 12:15,3.64
09/02/2024 12:30,3.65
09/02/2024 12:45,3.65
09/02/2024 13:00,3.68
09/02/2024 13:15,3.69
09/02/2024 13:30,3.68
09/02/2024 13:45,3.71
09/02/2024 14:00,3.74
09/02/2024 14:15,3.71
09/02/2024 14:30,3.73
09/02/2024 14:45,3.74
09/02/2024 15:00,3.76
09/02/2024 15:15,3.76
09/02/2024 15:30,3.79
09/02/2024 15:45,3.77
09/02/2024 16:00,3.77
09/02/2024 16:15,3.82
09/02/2024 16:30,3.79
09/02/2024 16:45,3.82
09/02/2024 17:00,3.82
09/02/2024 17:15,3.82
09/02/2024 17:30,3.84
09/02/2024 17:45,3.84
09/02/2024 18:00,3.83
09/02/2024 18:15,3.86
09/02/2024 18:30,3.89
09/02/2024 18:45,3.89
09/02/2024 19:00,3.88
09/02/2024 19:15,3.87
09/02/2024 19:30,3.88
09/02/2024 19:45,3.89
09/02/2024 20:00,3.89
09/02/2024 20:15,3.92
09/02/2024 20:30,3.9
09/02/2024 20:45,3.92
09/02/2024 21:00,3.93
09/02/2024 21:15,3.92
09/02/2024 21:30,3.94
09/02/2024 21:45,3.96
09/02/2024 22:00,3.93
09/02/2024 22:15,3.94
09/02/2024 22:30,3.94
09/02/2024 22:45,3.93
09/02/2024 23:00,3.96
09/02/2024 23:15,3.95
09/02/2024 23:30,3.96
09/02/2024 23:45,3.96
10/02/2024 00:00,3.97
10/02/2024 00:15,4
10/02/2024 00:30,3.98
10/02/2024 00:45,3.99
10/02/2024 01:00,4.01
10/02/2024 01:15,4.01
10/02/2024 01:30,4.01
10/02/2024 01:45,4
10/02/2024 02:00,4.01
10/02/2024 02:15,4.02
10/02/2024 02:30,4.02
10/02/2024 02:45,4.04
10/02/2024 03:00,4.04
10/02/2024 03:15,4.04
10/02/2024 03:30,4.03
10/02/2024 03:45,4.03
10/02/2024 04:00,4.06
10/02/2024 04:15,4.06
10/02/2024 04:30,4.06
10/02/2024 04:45,4.06
10/02/2024 05:00,4.07
10/02/2024 05:15,4.07
10/02/2024 05:30,4.08
10/02/2024 05:45,4.09
10/02/2024 06:00,4.08
10/02/2024 06:15,4.12
10/02/2024 06:30,4.14
10/02/2024 06:45,4.1
10/02/2024 07:00,4.11
10/02/2024 07:15,4.11
10/02/2024 07:30,4.12
10/02/2024 07:45,4.12
10/02/2024 08:00,4.13
10/02/2024 08:15,4.14
10/02/2024 08:30,4.13
10/02/2024 08:45,4.14
10/02/2024 09:00,4.14
10/02/2024 09:15,4.16
10/02/2024 09:30,4.15
10/02/2024 09:45,4.17
10/02/2024 10:00,4.15
10/02/2024 10:15,4.17
10/02/2024 10:30,4.18
10/02/2024 10:45,4.18
10/02/2024 11:00,4.17
10/02/2024 11:15,4.17
10/02/2024 11:30,4.18
10/02/2024 11:45,4.17
10/02/2024 12:00,4.18
10/02/2024 12:15,4.18
10/02/2024 12:30,4.22
10/02/2024 12:45,4.18
10/02/2024 13:00,4.18
10/02/2024 13:15,4.18
10/02/2024 13:30,4.18
10/02/2024 13:45,4.18
10/02/2024 14:00,4.19
10/02/2024 14:15,4.19
10/02/2024 14:30,4.18
10/02/2024 14:45,4.18
10/02/2024 15:00,4.18
10/02/2024 15:15,4.19
10/02/2024 15:30,4.18
10/02/2024 15:45,4.18
10/02/2024 16:00,4.21
10/02/2024 16:15,4.19
10/02/2024 16:30,4.2
10/02/2024 16:45,4.19
10/02/2024 17:00,4.17
10/02/2024 17:15,4.19
10/02/2024 17:30,4.18
10/02/2024 17:45,4.17
10/02/2024 18:00,4.18
10/02/2024 18:15,4.16
10/02/2024 18:30,4.17
10/02/2024 18:45,4.16
10/02/2024 19:00,4.18
10/02/2024 19:15,4.16
10/02/2024 19:30,4.17
10/02/2024 19:45,4.16
10/02/2024 20:00,4.13
10/02/2024 20:15,4.14
10/02/2024 20:30,4.14
10/02/2024 20:45,4.13
10/02/2024 21:00,4.12
10/02/2024 21:15,4.11
10/02/2024 21:30,4.12
10/02/2024 21:45,4.11
10/02/2024 22:00,4.11
10/02/2024 22:15,4.1
10/02/2024 22:30,4.1
10/02/2024 22:45,4.1
10/02/2024 23:00,4.08
10/02/2024 23:15,4.07
10/02/2024 23:30,4.05
10/02/2024 23:45,4.06
11/02/2024 00:00,4.04
11/02/2024 00:15,4.05
11/02/2024 00:30,4.04
11/02/2024 00:45,4.04
11/02/2024 01:00,4.01
11/02/2024 01:15,4.01
11/02/2024 01:30,4
11/02/2024 01:45,4
11/02/2024 02:00,3.97
11/02/2024 02:15,3.97
11/02/2024 02:30,3.95
11/02/2024 02:45,3.94
11/02/2024 03:00,3.92
11/02/2024 03:15,3.92
11/02/2024 03:30,3.91
11/02/2024 03:45,3.89
11/02/2024 04:00,3.89
11/02/2024 04:15,3.87
11/02/2024 04:30,3.86
11/02/2024 04:45,3.84
11/02/2024 05:00,3.84
11/02/2024 05:15,3.81
11/02/2024 05:30,3.8
11/02/2024 05:45,3.78
11/02/2024 06:00,3.78
11/02/2024 06:15,3.76
11/02/2024 06:30,3.74
11/02/2024 06:45,3.73
11/02/2024 07:00,3.69
11/02/2024 07:15,3.68
11/02/2024 07:30,3.65
11/02/2024 07:45,3.66
11/02/2024 08:00,3.63
11/02/2024 08:15,3.62
11/02/2024 08:30,3.59
11/02/2024 08:45,3.56
11/02/2024 09:00,3.54
11/02/2024 09:15,3.55
11/02/2024 09:30,3.51
11/02/2024 09:45,3.48
11/02/2024 10:00,3.47
11/02/2024 10:15,3.44
11/02/2024 10:30,3.44
11/02/2024 10:45,3.41
11/02/2024 11:00,3.37
11/02/2024 11:15,3.36
11/02/2024 11:30,3.34
11/02/2024 11:45,3.33
11/02/2024 12:00,3.32
11/02/2024 12:15,3.28
11/02/2024 12:30,3.26
11/02/2024 12:45,3.23
11/02/2024 13:00,3.22
11/02/2024 13:15,3.2
11/02/2024 13:30,3.18
11/02/2024 13:45,3.15
11/02/2024 14:00,3.15
11/02/2024 14:15,3.13
11/02/2024 14:30,3.11
11/02/2024 14:45,3.09
11/02/2024 15:00,3.09
11/02/2024 15:15,3.07
11/02/2024 15:30,3.04
11/02/2024 15:45,3.02
11/02/2024 16:00,3.01
11/02/2024 16:15,3
11/02/2024 16:30,2.98
11/02/2024 16:45,3
11/02/2024 17:00,2.96
11/02/2024 17:15,2.94
11/02/2024 17:30,2.94
11/02/2024 17:45,2.91
11/02/2024 18:00,2.9
11/02/2024 18:15,2.89
11/02/2024 18:30,2.87
11/02/2024 18:45,2.86
11/02/2024 19:00,2.85
11/02/2024 19:15,2.84
11/02/2024 19:30,2.83
11/02/2024 19:45,2.81
11/02/2024 20:00,2.81
11/02/2024 20:15,2.8
11/02/2024 20:30,2.78
11/02/2024 20:45,2.77
11/02/2024 21:00,2.75
11/02/2024 21:15,2.75
11/02/2024 21:30,2.74
11/02/2024 21:45,2.73
11/02/2024 22:00,2.72
11/02/2024 22:15,2.71
11/02/2024 22:30,2.7
11/02/2024 22:45,2.69
11/02/2024 23:00,2.69
11/02/2024 23:15,2.67
11/02/2024 23:30,2.65
11/02/2024 23:45,2.66
12/02/2024 00:00,2.63
12/02/2024 00:15,2.63
12/02/2024 00:30,2.63
12/02/2024 00:45,2.61
12/02/2024 01:00,2.6
12/02/2024 01:15,2.59
12/02/2024 01:30,2.59
12/02/2024 01:45,2.58
12/02/2024 02:00,2.57
12/02/2024 02:15,2.56
12/02/2024 02:30,2.55
12/02/2024 02:45,2.55
12/02/2024 03:00,2.54
12/02/2024 03:15,2.52
12/02/2024 03:30,2.51
12/02/2024 03:45,2.51
12/02/2024 04:00,2.5
12/02/2024 04:15,2.49
12/02/2024 04:30,2.49
12/02/2024 04:45,2.48
12/02/2024 05:00,2.48
12/02/2024 05:15,2.45
12/02/2024 05:30,2.45
12/02/2024 05:45,2.45
12/02/2024 06:00,2.44
12/02/2024 06:15,2.43
12/02/2024 06:30,2.43
12/02/2024 06:45,2.42
12/02/2024 07:00,2.41
12/02/2024 07:15,2.41
12/02/2024 07:30,2.4
12/02/2024 07:45,2.39
12/02/2024 08:00,2.38
12/02/2024 08:15,2.38
12/02/2024 08:30,2.38
12/02/2024 08:45,2.36
12/02/2024 09:00,2.35
12/02/2024 09:15,2.35
12/02/2024 09:30,2.35
12/02/2024 09:45,2.34
12/02/2024 10:00,2.33
12/02/2024 10:15,2.32
12/02/2024 10:30,2.31
12/02/2024 10:45,2.31
12/02/2024 11:00,2.3
12/02/2024 11:15,2.3
12/02/2024 11:30,2.29
12/02/2024 11:45,2.28
12/02/2024 12:00,2.27
12/02/2024 12:15,2.27
12/02/2024 12:30,2.27
12/02/2024 12:45,2.27
12/02/2024 13:00,2.25
12/02/2024 13:15,2.25
12/02/2024 13:30,2.25
12/02/2024 13:45,2.23
12/02/2024 14:00,2.23
12/02/2024 14:15,2.22
12/02/2024 14:30,2.23
12/02/2024 14:45,2.21
12/02/2024 15:00,2.2
12/02/2024 15:15,2.21
12/02/2024 15:30,2.2
12/02/2024 15:45,2.2
12/02/2024 16:00,2.17
12/02/2024 16:15,2.17
12/02/2024 16:30,2.16
12/02/2024 16:45,2.17
12/02/2024 17:00,2.16
12/02/2024 17:15,2.16
12/02/2024 17:30,2.15
12/02/2024 17:45,2.14
12/02/2024 18:00,2.14
12/02/2024 18:15,2.13
12/02/2024 18:30,2.13
12/02/2024 18:45,2.12
12/02/2024 19:00,2.11
12/02/2024 19:15,2.1
12/02/2024 19:30,2.11
12/02/2024 19:45,2.1
12/02/2024 20:00,2.09
12/02/2024 20:15,2.08
12/02/2024 20:30,2.08
12/02/2024 20:45,2.07
12/02/2024 21:00,2.06
12/02/2024 21:15,2.06
12/02/2024 21:30,2.06
12/02/2024 21:45,2.05
12/02/2024 22:00,2.06
12/02/2024 22:15,2.05
12/02/2024 22:30,2.04
12/02/2024 22:45,2.04
12/02/2024 23:00,2.03
12/02/2024 23:15,2.03
12/02/2024 23:30,2.03
12/02/2024 23:45,2.02
13/02/2024 00:00,2.01
13/02/2024 00:15,2.01
13/02/2024 00:30,2.01
13/02/2024 00:45,1.99
13/02/2024 01:00,2
13/02/2024 01:15,2
13/02/2024 01:30,2
13/02/2024 01:45,1.98
13/02/2024 02:00,1.98
13/02/2024 02:15,1.98
13/02/2024 02:30,1.98
13/02/2024 02:45,1.97
13/02/2024 03:00,1.97
13/02/2024 03:15,1.98
13/02/2024 03:30,1.97
13/02/2024 03:45,1.97
13/02/2024 04:00,1.96
13/02/2024 04:15,1.96
13/02/2024 04:30,1.96
13/02/2024 04:45,1.95
13/02/2024 05:00,1.95
13/02/2024 05:15,1.95
13/02/2024 05:30,1.95
13/02/2024 05:45,1.94
13/02/2024 06:00,1.95
13/02/2024 06:15,1.94
13/02/2024 06:30,1.93
13/02/2024 06:45,1.94
13/02/2024 07:00,1.93
13/02/2024 07:15,1.93
13/02/2024 07:30,1.93
13/02/2024 07:45,1.93
13/02/2024 08:00,1.92
13/02/2024 08:15,1.92
13/02/2024 08:30,1.92
13/02/2024 08:45,1.91
13/02/2024 09:00,1.91
13/02/2024 09:15,1.91
13/02/2024 09:30,1.91
13/02/2024 09:45,1.91
13/02/2024 10:00,1.91
13/02/2024 10:15,1.9
13/02/2024 10:30,1.91
13/02/2024 10:45,1.89
13/02/2024 11:00,1.89
13/02/2024 11:15,1.89
13/02/2024 11:30,1.89
13/02/2024 11:45,1.88
13/02/2024 12:00,1.88
13/02/2024 12:15,1.88
13/02/2024 12:30,1.88
13/02/2024 12:45,1.87
13/02/2024 13:00,1.87
13/02/2024 13:15,1.87
13/02/2024 13:30,1.86
13/02/2024 13:45,1.86
13/02/2024 14:00,1.85
13/02/2024 14:15,1.85
13/02/2024 14:30,1.85
13/02/2024 14:45,1.84
13/02/2024 15:00,1.84
13/02/2024 15:15,1.84
13/02/2024 15:30,1.84
13/02/2024 15:45,1.84
13/02/2024 16:00,1.84
13/02/2024 16:15,1.84
13/02/2024 16:30,1.83
13/02/2024 16:45,1.82
13/02/2024 17:00,1.82
13/02/2024 17:15,1.82
13/02/2024 17:30,1.82
13/02/2024 17:45,1.82
13/02/2024 18:00,1.82
13/02/2024 18:15,1.82
13/02/2024 18:30,1.8
13/02/2024 18:45,1.81
13/02/2024 19:00,1.8
13/02/2024 19:15,1.8
13/02/2024 19:30,1.8
13/02/2024 19:45,1.8
13/02/2024 20:00,1.79
13/02/2024 20:15,1.79
13/02/2024 20:30,1.79
13/02/2024 20:45,1.79
13/02/2024 21:00,1.79
13/02/2024 21:15,1.78
13/02/2024 21:30,1.78
13/02/2024 21:45,1.78
13/02/2024 22:00,1.78
13/02/2024 22:15,1.78
13/02/2024 22:30,1.78
13/02/2024 22:45,1.78
13/02/2024 23:00,1.78
13/02/2024 23:15,1.77
13/02/2024 23:30,1.77
13/02/2024 23:45,1.77
14/02/2024 00:00,1.78
14/02/2024 00:15,1.77
14/02/2024 00:30,1.77
14/02/2024 00:45,1.77
14/02/2024 01:00,1.77
14/02/2024 01:15,1.77
14/02/2024 01:30,1.77
14/02/2024 01:45,1.78
14/02/2024 02:00,1.77
14/02/2024 02:15,1.77
14/02/2024 02:30,1.77
14/02/2024 02:45,1.78
14/02/2024 03:00,1.77
14/02/2024 03:15,1.78
14/02/2024 03:30,1.78
14/02/2024 03:45,1.79
14/02/2024 04:00,1.78
14/02/2024 04:15,1.79
14/02/2024 04:30,1.78
14/02/2024 04:45,1.78
14/02/2024 05:00,1.79
14/02/2024 05:15,1.8
14/02/2024 05:30,1.79
14/02/2024 05:45,1.8
14/02/2024 06:00,1.81
14/02/2024 06:15,1.82
14/02/2024 06:30,1.82
14/02/2024 06:45,1.83
14/02/2024 07:00,1.83
14/02/2024 07:15,1.84
14/02/2024 07:30,1.85
14/02/2024 07:45,1.87
14/02/2024 08:00,1.87
14/02/2024 08:15,1.89
14/02/2024 08:30,1.9
14/02/2024 08:45,1.91
14/02/2024 09:00,1.93
14/02/2024 09:15,1.94
14/02/2024 09:30,1.96
14/02/2024 09:45,1.98
14/02/2024 10:00,1.99
14/02/2024 10:15,2.01
14/02/2024 10:30,2.03
14/02/2024 10:45,2.06
14/02/2024 11:00,2.07
14/02/2024 11:15,2.09
14/02/2024 11:30,2.12
14/02/2024 11:45,2.14
14/02/2024 12:00,2.16
14/02/2024 12:15,2.17
14/02/2024 12:30,2.2
14/02/2024 12:45,2.22
14/02/2024 13:00,2.24
14/02/2024 13:15,2.26
14/02/2024 13:30,2.28
14/02/2024 13:45,2.31
14/02/2024 14:00,2.31
14/02/2024 14:15,2.35
14/02/2024 14:30,2.37
14/02/2024 14:45,2.37
14/02/2024 15:00,2.39
14/02/2024 15:15,2.41
14/02/2024 15:30,2.42
14/02/2024 15:45,2.44
14/02/2024 16:00,2.45
14/02/2024 16:15,2.47
14/02/2024 16:30,2.48
14/02/2024 16:45,2.48
14/02/2024 17:00,2.5
14/02/2024 17:15,2.51
14/02/2024 17:30,2.52
14/02/2024 17:45,2.53
14/02/2024 18:00,2.54
14/02/2024 18:15,2.54
14/02/2024 18:30,2.56
14/02/2024 18:45,2.56
14/02/2024 19:00,2.57
14/02/2024 19:15,2.57
14/02/2024 19:30,2.58
14/02/2024 19:45,2.59
14/02/2024 20:00,2.59
14/02/2024 20:15,2.6
14/02/2024 20:30,2.6
14/02/2024 20:45,2.61
14/02/2024 21:00,2.62
14/02/2024 21:15,2.63
14/02/2024 21:30,2.63
14/02/2024 21:45,2.63
14/02/2024 22:00,2.63
14/02/2024 22:15,2.65
14/02/2024 22:30,2.65
14/02/2024 22:45,2.65
14/02/2024 23:00,2.65
14/02/2024 23:15,2.65
14/02/2024 23:30,2.66
14/02/2024 23:45,2.65
15/02/2024 00:00,2.64
15/02/2024 00:15,2.65
15/02/2024 00:30,2.66
15/02/2024 00:45,2.66
15/02/2024 01:00,2.66
15/02/2024 01:15,2.67
15/02/2024 01:30,2.68
15/02/2024 01:45,2.67
15/02/2024 02:00,2.67
15/02/2024 02:15,2.66
15/02/2024 02:30,2.66
15/02/2024 02:45,2.67
15/02/2024 03:00,2.67
15/02/2024 03:15,2.68
15/02/2024 03:30,2.67
15/02/2024 03:45,2.67
15/02/2024 04:00,2.67
15/02/2024 04:15,2.67
15/02/2024 04:30,2.66
15/02/2024 04:45,2.67
15/02/2024 05:00,2.66
15/02/2024 05:15,2.66
15/02/2024 05:30,2.68
15/02/2024 05:45,2.66
15/02/2024 06:00,2.67
15/02/2024 06:15,2.67
15/02/2024 06:30,2.67
15/02/2024 06:45,2.66
15/02/2024 07:00,2.67
15/02/2024 07:15,2.66
15/02/2024 07:30,2.65
15/02/2024 07:45,2.65
15/02/2024 08:00,2.65
15/02/2024 08:15,2.64
15/02/2024 08:30,2.65
15/02/2024 08:45,2.64
15/02/2024 09:00,2.63
15/02/2024 09:15,2.63
15/02/2024 09:30,2.63
15/02/2024 09:45,2.62
15/02/2024 10:00,2.62
15/02/2024 10:15,2.62
15/02/2024 10:30,2.61
15/02/2024 10:45,2.6
15/02/2024 11:00,2.61
15/02/2024 11:15,2.6
15/02/2024 11:30,2.59
15/02/2024 11:45,2.59
15/02/2024 12:00,2.59
15/02/2024 12:15,2.57
15/02/2024 12:30,2.57
15/02/2024 12:45,2.58
15/02/2024 13:00,2.57
15/02/2024 13:15,2.55
15/02/2024 13:30,2.54
15/02/2024 13:45,2.54
15/02/2024 14:00,2.54
15/02/2024 14:15,2.54
15/02/2024 14:30,2.53
15/02/2024 14:45,2.52
15/02/2024 15:00,2.53
15/02/2024 15:15,2.52
15/02/2024 15:30,2.52
15/02/2024 15:45,2.51
15/02/2024 16:00,2.5
15/02/2024 16:15,2.49
15/02/2024 16:30,2.49
15/02/2024 16:45,2.47
15/02/2024 17:00,2.48
15/02/2024 17:15,2.48
15/02/2024 17:30,2.47
15/02/2024 17:45,2.46
15/02/2024 18:00,2.45
15/02/2024 18:15,2.45
15/02/2024 18:30,2.45
15/02/2024 18:45,2.44
15/02/2024 19:00,2.44
15/02/2024 19:15,2.43
15/02/2024 19:30,2.44
15/02/2024 19:45,2.43
15/02/2024 20:00,2.42
15/02/2024 20:15,2.42
15/02/2024 20:30,2.41
15/02/2024 20:45,2.42
15/02/2024 21:00,2.4
15/02/2024 21:15,2.4
15/02/2024 21:30,2.4
15/02/2024 21:45,2.39
15/02/2024 22:00,2.38
15/02/2024 22:15,2.39
15/02/2024 22:30,2.38
15/02/2024 22:45,2.38
15/02/2024 23:00,2.38
15/02/2024 23:15,2.38
15/02/2024 23:30,2.36
15/02/2024 23:45,2.37
16/02/2024 00:00,2.37
16/02/2024 00:15,2.36
16/02/2024 00:30,2.36
16/02/2024 00:45,2.37
16/02/2024 01:00,2.35
16/02/2024 01:15,2.35
16/02/2024 01:30,2.35
16/02/2024 01:45,2.35
16/02/2024 02:00,2.35
16/02/2024 02:15,2.35
16/02/2024 02:30,2.36
16/02/2024 02:45,2.34
16/02/2024 03:00,2.35
16/02/2024 03:15,2.35
16/02/2024 03:30,2.34
16/02/2024 03:45,2.35
16/02/2024 04:00,2.34
16/02/2024 04:15,2.35
16/02/2024 04:30,2.34
16/02/2024 04:45,2.35
16/02/2024 05:00,2.34
16/02/2024 05:15,2.35
16/02/2024 05:30,2.34
16/02/2024 05:45,2.34
16/02/2024 06:00,2.34
16/02/2024 06:15,2.34
16/02/2024 06:30,2.34
16/02/2024 06:45,2.34
16/02/2024 07:00,2.35
16/02/2024 07:15,2.33
16/02/2024 07:30,2.33
16/02/2024 07:45,2.32
16/02/2024 08:00,2.34
16/02/2024 08:15,2.33
16/02/2024 08:30,2.33
16/02/2024 08:45,2.33
16/02/2024 09:00,2.33
16/02/2024 09:15,2.32
16/02/2024 09:30,2.33
16/02/2024 09:45,2.32
16/02/2024 10:00,2.33
16/02/2024 10:15,2.32
16/02/2024 10:30,2.34
16/02/2024 10:45,2.31
16/02/2024 11:00,2.32
16/02/2024 11:15,2.32
16/02/2024 11:30,2.32
16/02/2024 11:45,2.32
16/02/2024 12:00,2.31
16/02/2024 12:15,2.32
16/02/2024 12:30,2.32
16/02/2024 12:45,2.32
16/02/2024 13:00,2.33
16/02/2024 13:15,2.32
16/02/2024 13:30,2.32
16/02/2024 13:45,2.32
16/02/2024 14:00,2.32
16/02/2024 14:15,2.33
16/02/2024 14:30,2.34
16/02/2024 14:45,2.33
16/02/2024 15:00,2.33
16/02/2024 15:15,2.34
16/02/2024 15:30,2.34
16/02/2024 15:45,2.34
16/02/2024 16:00,2.35
16/02/2024 16:15,2.34
16/02/2024 16:30,2.34
16/02/2024 16:45,2.34
16/02/2024 17:00,2.36
16/02/2024 17:15,2.36
16/02/2024 17:30,2.35
16/02/2024 17:45,2.36
16/02/2024 18:00,2.37
16/02/2024 18:15,2.37
16/02/2024 18:30,2.37
16/02/2024 18:45,2.38
16/02/2024 19:00,2.37
16/02/2024 19:15,2.37
16/02/2024 19:30,2.38
16/02/2024 19:45,2.38
16/02/2024 20:00,2.38
16/02/2024 20:15,2.38
16/02/2024 20:30,2.39
16/02/2024 20:45,2.38
16/02/2024 21:00,2.39
16/02/2024 21:15,2.38
16/02/2024 21:30,2.38
16/02/2024 21:45,2.38
16/02/2024 22:00,2.37
16/02/2024 22:15,2.37
16/02/2024 22:30,2.38
16/02/2024 22:45,2.38
16/02/2024 23:00,2.38
16/02/2024 23:15,2.37
16/02/2024 23:30,2.37
16/02/2024 23:45,2.36
17/02/2024 00:00,2.35
17/02/2024 00:15,2.36
17/02/2024 00:30,2.35
17/02/2024 00:45,2.35
17/02/2024 01:00,2.34
17/02/2024 01:15,2.34
17/02/2024 01:30,2.33
17/02/2024 01:45,2.32
17/02/2024 02:00,2.32
17/02/2024 02:15,2.3
17/02/2024 02:30,2.3
17/02/2024 02:45,2.31
17/02/2024 03:00,2.29
17/02/2024 03:15,2.29
17/02/2024 03:30,2.29
17/02/2024 03:45,2.27
17/02/2024 04:00,2.27
17/02/2024 04:15,2.26
17/02/2024 04:30,2.26
17/02/2024 04:45,2.25
17/02/2024 05:00,2.24
17/02/2024 05:15,2.24
17/02/2024 05:30,2.24
17/02/2024 05:45,2.22
17/02/2024 06:00,2.22
17/02/2024 06:15,2.2
17/02/2024 06:30,2.2
17/02/2024 06:45,2.19
17/02/2024 07:00,2.18
17/02/2024 07:15,2.18
17/02/2024 07:30,2.18
17/02/2024 07:45,2.18
17/02/2024 08:00,2.16
17/02/2024 08:15,2.16
17/02/2024 08:30,2.15
17/02/2024 08:45,2.14
17/02/2024 09:00,2.14
17/02/2024 09:15,2.14
17/02/2024 09:30,2.13
17/02/2024 09:45,2.13
17/02/2024 10:00,2.13
17/02/2024 10:15,2.12
17/02/2024 10:30,2.11
17/02/2024 10:45,2.1
17/02/2024 11:00,2.1
17/02/2024 11:15,2.09
17/02/2024 11:30,2.08
17/02/2024 11:45,2.08
17/02/2024 12:00,2.07
17/02/2024 12:15,2.07
17/02/2024 12:30,2.05
17/02/2024 12:45,2.06
17/02/2024 13:00,2.05
17/02/2024 13:15,2.05
17/02/2024 13:30,2.04
17/02/2024 13:45,2.03
17/02/2024 14:00,2.04
17/02/2024 14:15,2.02
17/02/2024 14:30,2.03
17/02/2024 14:45,2.02
17/02/2024 15:00,2.01
17/02/2024 15:15,2
17/02/2024 15:30,2.01
17/02/2024 15:45,2.01
17/02/2024 16:00,1.99
17/02/2024 16:15,1.99
17/02/2024 16:30,1.99
17/02/2024 16:45,1.99
17/02/2024 17:00,1.98
17/02/2024 17:15,1.98
17/02/2024 17:30,1.97
17/02/2024 17:45,1.98
17/02/2024 18:00,1.96
17/02/2024 18:15,1.96
17/02/2024 18:30,1.96
17/02/2024 18:45,1.96
17/02/2024 19:00,1.95
17/02/2024 19:15,1.96
17/02/2024 19:30,1.95
17/02/2024 19:45,1.95
17/02/2024 20:00,1.94
17/02/2024 20:15,1.93
17/02/2024 20:30,1.93
17/02/2024 20:45,1.93
17/02/2024 21:00,1.93
17/02/2024 21:15,1.93
17/02/2024 21:30,1.93
17/02/2024 21:45,1.92
17/02/2024 22:00,1.92
17/02/2024 22:15,1.92
17/02/2024 22:30,1.91
17/02/2024 22:45,1.9
17/02/2024 23:00,1.9
17/02/2024 23:15,1.9
17/02/2024 23:30,1.89
17/02/2024 23:45,1.9
18/02/2024 00:00,1.89
18/02/2024 00:15,1.88
18/02/2024 00:30,1.88
18/02/2024 00:45,1.88
18/02/2024 01:00,1.88
18/02/2024 01:15,1.87
18/02/2024 01:30,1.87
18/02/2024 01:45,1.87
18/02/2024 02:00,1.86
18/02/2024 02:15,1.85
18/02/2024 02:30,1.86
18/02/2024 02:45,1.86
18/02/2024 03:00,1.86
18/02/2024 03:15,1.85
18/02/2024 03:30,1.85
18/02/2024 03:45,1.85
18/02/2024 04:00,1.85
18/02/2024 04:15,1.84
18/02/2024 04:30,1.84
18/02/2024 04:45,1.84
18/02/2024 05:00,1.85
18/02/2024 05:15,1.84
18/02/2024 05:30,1.84
18/02/2024 05:45,1.84
18/02/2024 06:00,1.84
18/02/2024 06:15,1.84
18/02/2024 06:30,1.84
18/02/2024 06:45,1.84
18/02/2024 07:00,1.84
18/02/2024 07:15,1.84
18/02/2024 07:30,1.83
18/02/2024 07:45,1.85
18/02/2024 08:00,1.83
18/02/2024 08:15,1.84
18/02/2024 08:30,1.84
18/02/2024 08:45,1.85
18/02/2024 09:00,1.85
18/02/2024 09:15,1.84
18/02/2024 09:30,1.85
18/02/2024 09:45,1.86
18/02/2024 10:00,1.85
18/02/2024 10:15,1.86
18/02/2024 10:30,1.87
18/02/2024 10:45,1.87
18/02/2024 11:00,1.88
18/02/2024 11:15,1.87
18/02/2024 11:30,1.88
18/02/2024 11:45,1.88
18/02/2024 12:00,1.89
18/02/2024 12:15,1.91
18/02/2024 12:30,1.9
18/02/2024 12:45,1.91
18/02/2024 13:00,1.92
18/02/2024 13:15,1.93
18/02/2024 13:30,1.93
18/02/2024 13:45,1.94
18/02/2024 14:00,1.96
18/02/2024 14:15,1.97
18/02/2024 14:30,1.98
18/02/2024 14:45,1.99
18/02/2024 15:00,2.01
18/02/2024 15:15,2.02
18/02/2024 15:30,2.05
18/02/2024 15:45,2.07
18/02/2024 16:00,2.08
18/02/2024 16:15,2.11
18/02/2024 16:30,2.13
18/02/2024 16:45,2.15
18/02/2024 17:00,2.18
18/02/2024 17:15,2.21
18/02/2024 17:30,2.23
18/02/2024 17:45,2.26
18/02/2024 18:00,2.28
18/02/2024 18:15,2.32
18/02/2024 18:30,2.35
18/02/2024 18:45,2.38
18/02/2024 19:00,2.41
18/02/2024 19:15,2.44
18/02/2024 19:30,2.47
18/02/2024 19:45,2.51
18/02/2024 20:00,2.54
18/02/2024 20:15,2.57
18/02/2024 20:30,2.61
18/02/2024 20:45,2.62
18/02/2024 21:00,2.64
18/02/2024 21:15,2.69
18/02/2024 21:30,2.71
18/02/2024 21:45,2.74
18/02/2024 22:00,2.77
18/02/2024 22:15,2.81
18/02/2024 22:30,2.83
18/02/2024 22:45,2.87
18/02/2024 23:00,2.89
18/02/2024 23:15,2.91
18/02/2024 23:30,2.94
18/02/2024 23:45,2.96
19/02/2024 00:00,2.99
19/02/2024 00:15,3.02
19/02/2024 00:30,3.05
19/02/2024 00:45,3.05
19/02/2024 01:00,3.11
19/02/2024 01:15,3.11
19/02/2024 01:30,3.13
19/02/2024 01:45,3.16
19/02/2024 02:00,3.18
19/02/2024 02:15,3.18
19/02/2024 02:30,3.21
19/02/2024 02:45,3.24
19/02/2024 03:00,3.25
19/02/2024 03:15,3.27
19/02/2024 03:30,3.29
19/02/2024 03:45,3.3
19/02/2024 04:00,3.31
19/02/2024 04:15,3.33
19/02/2024 04:30,3.34
19/02/2024 04:45,3.34
19/02/2024 05:00,3.36
19/02/2024 05:15,3.37
19/02/2024 05:30,3.39
19/02/2024 05:45,3.4
19/02/2024 06:00,3.4
19/02/2024 06:15,3.43
19/02/2024 06:30,3.4
19/02/2024 06:45,3.41
19/02/2024 07:00,3.41
19/02/2024 07:15,3.42
19/02/2024 07:30,3.43
19/02/2024 07:45,3.43
19/02/2024 08:00,3.44
19/02/2024 08:15,3.43
19/02/2024 08:30,3.44
19/02/2024 08:45,3.44
19/02/2024 09:00,3.45
19/02/2024 09:15,3.44
19/02/2024 09:30,3.46
19/02/2024 09:45,3.46
19/02/2024 10:00,3.45
19/02/2024 10:15,3.45
19/02/2024 10:30,3.44
19/02/2024 10:45,3.43
19/02/2024 11:00,3.44
19/02/2024 11:15,3.44
19/02/2024 11:30,3.44
19/02/2024 11:45,3.42
19/02/2024 12:00,3.43
19/02/2024 12:15,3.43
19/02/2024 12:30,3.42
19/02/2024 12:45,3.4
19/02/2024 13:00,3.42
19/02/2024 13:15,3.39
19/02/2024 13:30,3.38
19/02/2024 13:45,3.4
19/02/2024 14:00,3.37
19/02/2024 14:15,3.35
19/02/2024 14:30,3.35
19/02/2024 14:45,3.34
19/02/2024 15:00,3.32
19/02/2024 15:15,3.3
19/02/2024 15:30,3.31
19/02/2024 15:45,3.28
19/02/2024 16:00,3.28
19/02/2024 16:15,3.26
19/02/2024 16:30,3.24
19/02/2024 16:45,3.23
19/02/2024 17:00,3.21
19/02/2024 17:15,3.17
19/02/2024 17:30,3.16
19/02/2024 17:45,3.14
19/02/2024 18:00,3.13
19/02/2024 18:15,3.11
19/02/2024 18:30,3.1
19/02/2024 18:45,3.08
19/02/2024 19:00,3.06
19/02/2024 19:15,3.05
19/02/2024 19:30,3.02
19/02/2024 19:45,3.02
19/02/2024 20:00,2.98
19/02/2024 20:15,2.97
19/02/2024 20:30,2.95
19/02/2024 20:45,2.94
19/02/2024 21:00,2.92
19/02/2024 21:15,2.89
19/02/2024 21:30,2.88
19/02/2024 21:45,2.86
19/02/2024 22:00,2.85
19/02/2024 22:15,2.84
19/02/2024 22:30,2.81
19/02/2024 22:45,2.8
19/02/2024 23:00,2.78
19/02/2024 23:15,2.76
19/02/2024 23:30,2.75
19/02/2024 23:45,2.74
20/02/2024 00:00,2.72
20/02/2024 00:15,2.7
20/02/2024 00:30,2.68
20/02/2024 00:45,2.68
20/02/2024 01:00,2.66
20/02/2024 01:15,2.65
20/02/2024 01:30,2.64
20/02/2024 01:45,2.62
20/02/2024 02:00,2.61
20/02/2024 02:15,2.61
20/02/2024 02:30,2.58
20/02/2024 02:45,2.57
20/02/2024 03:00,2.56
20/02/2024 03:15,2.55
20/02/2024 03:30,2.55
20/02/2024 03:45,2.52
20/02/2024 04:00,2.53
20/02/2024 04:15,2.51
20/02/2024 04:30,2.49
20/02/2024 04:45,2.49
20/02/2024 05:00,2.48
20/02/2024 05:15,2.49
20/02/2024 05:30,2.46
20/02/2024 05:45,2.46
20/02/2024 06:00,2.45
20/02/2024 06:15,2.45
20/02/2024 06:30,2.43
20/02/2024 06:45,2.42
20/02/2024 07:00,2.42
20/02/2024 07:15,2.4
20/02/2024 07:30,2.4
20/02/2024 07:45,2.39
20/02/2024 08:00,2.39
20/02/2024 08:15,2.39
20/02/2024 08:30,2.38
20/02/2024 08:45,2.38
20/02/2024 09:00,2.38
20/02/2024 09:15,2.38
20/02/2024 09:30,2.36
20/02/2024 09:45,2.35
20/02/2024 10:00,2.35
20/02/2024 10:15,2.34
20/02/2024 10:30,2.34
20/02/2024 10:45,2.35
20/02/2024 11:00,2.34
20/02/2024 11:15,2.32
20/02/2024 11:30,2.32
20/02/2024 11:45,2.31
20/02/2024 12:00,2.31
20/02/2024 12:15,2.31
20/02/2024 12:30,2.29
20/02/2024 12:45,2.29
20/02/2024 13:00,2.29
20/02/2024 13:15,2.28
20/02/2024 13:30,2.28
20/02/2024 13:45,2.27
20/02/2024 14:00,2.28
20/02/2024 14:15,2.25
20/02/2024 14:30,2.26
20/02/2024 14:45,2.24
20/02/2024 15:00,2.24
20/02/2024 15:15,2.24
20/02/2024 15:30,2.23
20/02/2024 15:45,2.22
20/02/2024 16:00,2.22
20/02/2024 16:15,2.21
20/02/2024 16:30,2.2
20/02/2024 16:45,2.2
20/02/2024 17:00,2.2
20/02/2024 17:15,2.2
20/02/2024 17:30,2.18
20/02/2024 17:45,2.18
20/02/2024 18:00,2.17
20/02/2024 18:15,2.16
20/02/2024 18:30,2.16
20/02/2024 18:45,2.15
20/02/2024 19:00,2.15
20/02/2024 19:15,2.15
20/02/2024 19:30,2.13
20/02/2024 19:45,2.13
20/02/2024 20:00,2.13
20/02/2024 20:15,2.12
20/02/2024 20:30,2.1
20/02/2024 20:45,2.11
20/02/2024 21:00,2.09
20/02/2024 21:15,2.11
20/02/2024 21:30,2.09
20/02/2024 21:45,2.09
20/02/2024 22:00,2.08
20/02/2024 22:15,2.08
20/02/2024 22:30,2.08
20/02/2024 22:45,2.07
20/02/2024 23:00,2.07
20/02/2024 23:15,2.06
20/02/2024 23:30,2.05
20/02/2024 23:45,2.05
21/02/2024 00:00,2.05
21/02/2024 00:15,2.04
21/02/2024 00:30,2.03
21/02/2024 00:45,2.03
21/02/2024 01:00,2.02
21/02/2024 01:15,2.03
21/02/2024 01:30,2.02
21/02/2024 01:45,2.01
21/02/2024 02:00,2.01
21/02/2024 02:15,2.01
21/02/2024 02:30,2
21/02/2024 02:45,1.99
21/02/2024 03:00,1.98
21/02/2024 03:15,1.99
21/02/2024 03:30,1.98
21/02/2024 03:45,1.97
21/02/2024 04:00,1.97
21/02/2024 04:15,1.97
21/02/2024 04:30,1.98
21/02/2024 04:45,1.97
21/02/2024 05:00,1.95
21/02/2024 05:15,1.95
21/02/2024 05:30,1.95
21/02/2024 05:45,1.94
21/02/2024 06:00,1.94
21/02/2024 06:15,1.94
21/02/2024 06:30,1.94
21/02/2024 06:45,1.94
21/02/2024 07:00,1.93
21/02/2024 07:15,1.93
21/02/2024 07:30,1.93
21/02/2024 07:45,1.92
21/02/2024 08:00,1.91
21/02/2024 08:15,1.92
21/02/2024 08:30,1.91
21/02/2024 08:45,1.91
21/02/2024 09:00,1.91
21/02/2024 09:15,1.9
21/02/2024 09:30,1.9
21/02/2024 09:45,1.9
21/02/2024 10:00,1.89
21/02/2024 10:15,1.89
21/02/2024 10:30,1.89
21/02/2024 10:45,1.9
21/02/2024 11:00,1.89
21/02/2024 11:15,1.89
21/02/2024 11:30,1.88
21/02/2024 11:45,1.88
21/02/2024 12:00,1.88
21/02/2024 12:15,1.88
21/02/2024 12:30,1.89
21/02/2024 12:45,1.87
21/02/2024 13:00,1.88
21/02/2024 13:15,1.87
21/02/2024 13:30,1.87
21/02/2024 13:45,1.87
21/02/2024 14:00,1.87
21/02/2024 14:15,1.87
21/02/2024 14:30,1.87
21/02/2024 14:45,1.87
21/02/2024 15:00,1.86
21/02/2024 15:15,1.88
21/02/2024 15:30,1.87
21/02/2024 15:45,1.88
21/02/2024 16:00,1.88
21/02/2024 16:15,1.88
21/02/2024 16:30,1.88
21/02/2024 16:45,1.88
21/02/2024 17:00,1.89
21/02/2024 17:15,1.89
21/02/2024 17:30,1.89
21/02/2024 17:45,1.89
21/02/2024 18:00,1.89
21/02/2024 18:15,1.89
21/02/2024 18:30,1.9
21/02/2024 18:45,1.91
21/02/2024 19:00,1.92
21/02/2024 19:15,1.92
21/02/2024 19:30,1.93
21/02/2024 19:45,1.93
21/02/2024 20:00,1.94
21/02/2024 20:15,1.94
21/02/2024 20:30,1.95
21/02/2024 20:45,1.97
21/02/2024 21:00,1.96
21/02/2024 21:15,1.98
21/02/2024 21:30,1.99
21/02/2024 21:45,2
21/02/2024 22:00,2.02
21/02/2024 22:15,2.02
21/02/2024 22:30,2.05
21/02/2024 22:45,2.04
21/02/2024 23:00,2.06
21/02/2024 23:15,2.07
21/02/2024 23:30,2.08
21/02/2024 23:45,2.09
22/02/2024 00:00,2.11
22/02/2024 00:15,2.12
22/02/2024 00:30,2.14
22/02/2024 00:45,2.16
22/02/2024 01:00,2.18
22/02/2024 01:15,2.19
22/02/2024 01:30,2.2
22/02/2024 01:45,2.23
22/02/2024 02:00,2.26
22/02/2024 02:15,2.28
22/02/2024 02:30,2.3
22/02/2024 02:45,2.33
22/02/2024 03:00,2.36
22/02/2024 03:15,2.39
22/02/2024 03:30,2.41
22/02/2024 03:45,2.43
22/02/2024 04:00,2.46
22/02/2024 04:15,2.49
22/02/2024 04:30,2.53
22/02/2024 04:45,2.56
22/02/2024 05:00,2.58
22/02/2024 05:15,2.62
22/02/2024 05:30,2.65
22/02/2024 05:45,2.67
22/02/2024 06:00,2.7
22/02/2024 06:15,2.73
22/02/2024 06:30,2.77
22/02/2024 06:45,2.8
22/02/2024 07:00,2.81
22/02/2024 07:15,2.83
22/02/2024 07:30,2.86
22/02/2024 07:45,2.91
22/02/2024 08:00,2.92
22/02/2024 08:15,2.95
22/02/2024 08:30,2.98
22/02/2024 08:45,3
22/02/2024 09:00,3.02
22/02/2024 09:15,3.03
22/02/2024 09:30,3.05
22/02/2024 09:45,3.07
22/02/2024 10:00,3.09
22/02/2024 10:15,3.1
22/02/2024 10:30,3.12
22/02/2024 10:45,3.14
22/02/2024 11:00,3.16
22/02/2024 11:15,3.16
22/02/2024 11:30,3.17
22/02/2024 11:45,3.2
22/02/2024 12:00,3.22
22/02/2024 12:15,3.24
22/02/2024 12:30,3.24
22/02/2024 12:45,3.26
22/02/2024 13:00,3.28
22/02/2024 13:15,3.3
22/02/2024 13:30,3.31
22/02/2024 13:45,3.31
22/02/2024 14:00,3.31
22/02/2024 14:15,3.32
22/02/2024 14:30,3.32
22/02/2024 14:45,3.32
22/02/2024 15:00,3.34
22/02/2024 15:15,3.32
22/02/2024 15:30,3.32
22/02/2024 15:45,3.32
22/02/2024 16:00,3.34
22/02/2024 16:15,3.32
22/02/2024 16:30,3.32
22/02/2024 16:45,3.31
22/02/2024 17:00,3.32
22/02/2024 17:15,3.32
22/02/2024 17:30,3.3
22/02/2024 17:45,3.31
22/02/2024 18:00,3.29
22/02/2024 18:15,3.29
22/02/2024 18:30,3.27
22/02/2024 18:45,3.28
22/02/2024 19:00,3.28
22/02/2024 19:15,3.29
22/02/2024 19:30,3.3
22/02/2024 19:45,3.27
22/02/2024 20:00,3.27
22/02/2024 20:15,3.27
22/02/2024 20:30,3.26
22/02/2024 20:45,3.27
22/02/2024 21:00,3.27
22/02/2024 21:15,3.26
22/02/2024 21:30,3.26
22/02/2024 21:45,3.26
22/02/2024 22:00,3.26
22/02/2024 22:15,3.27
22/02/2024 22:30,3.29
22/02/2024 22:45,3.27
22/02/2024 23:00,3.29
22/02/2024 23:15,3.31
22/02/2024 23:30,3.31
22/02/2024 23:45,3.31
23/02/2024 00:00,3.34
23/02/2024 00:15,3.34
23/02/2024 00:30,3.36
23/02/2024 00:45,3.37
23/02/2024 01:00,3.4
23/02/2024 01:15,3.41
23/02/2024 01:30,3.43
23/02/2024 01:45,3.43
23/02/2024 02:00,3.44
23/02/2024 02:15,3.46
23/02/2024 02:30,3.48
23/02/2024 02:45,3.49
23/02/2024 03:00,3.52
23/02/2024 03:15,3.52
23/02/2024 03:30,3.54
23/02/2024 03:45,3.55
23/02/2024 04:00,3.55
23/02/2024 04:15,3.57
23/02/2024 04:30,3.58
23/02/2024 04:45,3.57
23/02/2024 05:00,3.61
23/02/2024 05:15,3.6
23/02/2024 05:30,3.63
23/02/2024 05:45,3.63
23/02/2024 06:00,3.63
23/02/2024 06:15,3.64
23/02/2024 06:30,3.66
23/02/2024 06:45,3.67
23/02/2024 07:00,3.66
23/02/2024 07:15,3.68
23/02/2024 07:30,3.7
23/02/2024 07:45,3.69
23/02/2024 08:00,3.7
23/02/2024 08:15,3.71
23/02/2024 08:30,3.71
23/02/2024 08:45,3.73
23/02/2024 09:00,3.73
23/02/2024 09:15,3.75
23/02/2024 09:30,3.77
23/02/2024 09:45,3.77
23/02/2024 10:00,3.78
23/02/2024 10:15,3.79
23/02/2024 10:30,3.81
23/02/2024 10:45,3.8
23/02/2024 11:00,3.82
23/02/2024 11:15,3.81
23/02/2024 11:30,3.81
23/02/2024 11:45,3.86
23/02/2024 12:00,3.87
23/02/2024 12:15,3.84
23/02/2024 12:30,3.86
23/02/2024 12:45,3.86
23/02/2024 13:00,3.87
23/02/2024 13:15,3.87
23/02/2024 13:30,3.88
23/02/2024 13:45,3.87
23/02/2024 14:00,3.89
23/02/2024 14:15,3.9
23/02/2024 14:30,3.91
23/02/2024 14:45,3.89
23/02/2024 15:00,3.93
23/02/2024 15:15,3.91
23/02/2024 15:30,3.92
23/02/2024 15:45,3.94
23/02/2024 16:00,3.94
23/02/2024 16:15,3.94
23/02/2024 16:30,3.93
23/02/2024 16:45,3.95
23/02/2024 17:00,3.97
23/02/2024 17:15,3.95
23/02/2024 17:30,3.95
23/02/2024 17:45,3.97
23/02/2024 18:00,3.97
23/02/2024 18:15,3.97
23/02/2024 18:30,3.98
23/02/2024 18:45,3.99
23/02/2024 19:00,3.98
23/02/2024 19:15,3.98
23/02/2024 19:30,3.99
23/02/2024 19:45,3.98
23/02/2024 20:00,4
23/02/2024 20:15,3.98
23/02/2024 20:30,3.99
23/02/2024 20:45,3.99
23/02/2024 21:00,3.99
23/02/2024 21:15,3.99
23/02/2024 21:30,4.01
23/02/2024 21:45,3.99
23/02/2024 22:00,4.01
23/02/2024 22:15,4
23/02/2024 22:30,4.01
23/02/2024 22:45,4
23/02/2024 23:00,3.98
23/02/2024 23:15,4.01
23/02/2024 23:30,4
23/02/2024 23:45,4.01
24/02/2024 00:00,4
24/02/2024 00:15,3.99
24/02/2024 00:30,4
24/02/2024 00:45,4
24/02/2024 01:00,4
24/02/2024 01:15,3.99
24/02/2024 01:30,3.98
24/02/2024 01:45,3.98
24/02/2024 02:00,3.98
24/02/2024 02:15,3.97
24/02/2024 02:30,3.95
24/02/2024 02:45,3.96
24/02/2024 03:00,3.98
24/02/2024 03:15,3.94
24/02/2024 03:30,3.94
24/02/2024 03:45,3.91
24/02/2024 04:00,3.93
24/02/2024 04:15,3.9
24/02/2024 04:30,3.91
24/02/2024 04:45,3.89
24/02/2024 05:00,3.89
24/02/2024 05:15,3.88
24/02/2024 05:30,3.87
24/02/2024 05:45,3.84
24/02/2024 06:00,3.85
24/02/2024 06:15,3.82
24/02/2024 06:30,3.82
24/02/2024 06:45,3.8
24/02/2024 07:00,3.8
24/02/2024 07:15,3.79
24/02/2024 07:30,3.78
24/02/2024 07:45,3.77
24/02/2024 08:00,3.75
24/02/2024 08:15,3.76
24/02/2024 08:30,3.72
24/02/2024 08:45,3.71
24/02/2024 09:00,3.7
24/02/2024 09:15,3.69
24/02/2024 09:30,3.68
24/02/2024 09:45,3.66
24/02/2024 10:00,3.65
24/02/2024 10:15,3.61
24/02/2024 10:30,3.61
24/02/2024 10:45,3.6
24/02/2024 11:00,3.61
24/02/2024 11:15,3.57
24/02/2024 11:30,3.56
24/02/2024 11:45,3.54
24/02/2024 12:00,3.52
24/02/2024 12:15,3.51
24/02/2024 12:30,3.51
24/02/2024 12:45,3.48
24/02/2024 13:00,3.46
24/02/2024 13:15,3.45
24/02/2024 13:30,3.45
24/02/2024 13:45,3.43
24/02/2024 14:00,3.4
24/02/2024 14:15,3.41
24/02/2024 14:30,3.39
24/02/2024 14:45,3.39
24/02/2024 15:00,3.35
24/02/2024 15:15,3.35
24/02/2024 15:30,3.34
24/02/2024 15:45,3.34
24/02/2024 16:00,3.3
24/02/2024 16:15,3.31
24/02/2024 16:30,3.28
24/02/2024 16:45,3.28
24/02/2024 17:00,3.26
24/02/2024 17:15,3.25
24/02/2024 17:30,3.23
24/02/2024 17:45,3.24
24/02/2024 18:00,3.23
24/02/2024 18:15,3.2
24/02/2024 18:30,3.19
24/02/2024 18:45,3.2
24/02/2024 19:00,3.17
24/02/2024 19:15,3.15
24/02/2024 19:30,3.14
24/02/2024 19:45,3.15
24/02/2024 20:00,3.14
24/02/2024 20:15,3.12
24/02/2024 20:30,3.13
24/02/2024 20:45,3.1
24/02/2024 21:00,3.08
24/02/2024 21:15,3.06
24/02/2024 21:30,3.07
24/02/2024 21:45,3.05
24/02/2024 22:00,3.05
24/02/2024 22:15,3.02
24/02/2024 22:30,3.02
24/02/2024 22:45,3
24/02/2024 23:00,2.99
24/02/2024 23:15,2.98
24/02/2024 23:30,2.99
24/02/2024 23:45,2.97
25/02/2024 00:00,2.96
25/02/2024 00:15,2.95
25/02/2024 00:30,2.93
25/02/2024 00:45,2.93
25/02/2024 01:00,2.92
25/02/2024 01:15,2.89
25/02/2024 01:30,2.88
25/02/2024 01:45,2.87
25/02/2024 02:00,2.86
25/02/2024 02:15,2.86
25/02/2024 02:30,2.85
25/02/2024 02:45,2.83
25/02/2024 03:00,2.82
25/02/2024 03:15,2.81
25/02/2024 03:30,2.8
25/02/2024 03:45,2.81
25/02/2024 04:00,2.79
25/02/2024 04:15,2.77
25/02/2024 04:30,2.76
25/02/2024 04:45,2.75
25/02/2024 05:00,2.74
25/02/2024 05:15,2.74
25/02/2024 05:30,2.72
25/02/2024 05:45,2.72
25/02/2024 06:00,2.71
25/02/2024 06:15,2.7
25/02/2024 06:30,2.68
25/02/2024 06:45,2.67
25/02/2024 07:00,2.65
25/02/2024 07:15,2.65
25/02/2024 07:30,2.65
25/02/2024 07:45,2.64
25/02/2024 08:00,2.62
25/02/2024 08:15,2.62
25/02/2024 08:30,2.61
25/02/2024 08:45,2.6
25/02/2024 09:00,2.6
25/02/2024 09:15,2.59
25/02/2024 09:30,2.59
25/02/2024 09:45,2.57
25/02/2024 10:00,2.57
25/02/2024 10:15,2.56
25/02/2024 10:30,2.55
25/02/2024 10:45,2.53
25/02/2024 11:00,2.53
25/02/2024 11:15,2.51
25/02/2024 11:30,2.52
25/02/2024 11:45,2.51
25/02/2024 12:00,2.5
25/02/2024 12:15,2.5
25/02/2024 12:30,2.49
25/02/2024 12:45,2.48
25/02/2024 13:00,2.48
25/02/2024 13:15,2.47
25/02/2024 13:30,2.46
25/02/2024 13:45,2.45
25/02/2024 14:00,2.44
25/02/2024 14:15,2.43
25/02/2024 14:30,2.44
25/02/2024 14:45,2.43
25/02/2024 15:00,2.41
25/02/2024 15:15,2.41
25/02/2024 15:30,2.4
25/02/2024 15:45,2.4
25/02/2024 16:00,2.4
25/02/2024 16:15,2.38
25/02/2024 16:30,2.38
25/02/2024 16:45,2.38
25/02/2024 17:00,2.38
25/02/2024 17:15,2.37
25/02/2024 17:30,2.36
25/02/2024 17:45,2.35
25/02/2024 18:00,2.34
25/02/2024 18:15,2.34
25/02/2024 18:30,2.35
25/02/2024 18:45,2.33
25/02/2024 19:00,2.32
25/02/2024 19:15,2.32
25/02/2024 19:30,2.32
25/02/2024 19:45,2.31
25/02/2024 20:00,2.31
25/02/2024 20:15,2.3
25/02/2024 20:30,2.28
25/02/2024 20:45,2.28
25/02/2024 21:00,2.28
25/02/2024 21:15,2.27
25/02/2024 21:30,2.27
25/02/2024 21:45,2.26
25/02/2024 22:00,2.26
25/02/2024 22:15,2.26
25/02/2024 22:30,2.25
25/02/2024 22:45,2.24
25/02/2024 23:00,2.23
25/02/2024 23:15,2.24
25/02/2024 23:30,2.22
25/02/2024 23:45,2.22
26/02/2024 00:00,2.21
26/02/2024 00:15,2.22
26/02/2024 00:30,2.2
26/02/2024 00:45,2.2
26/02/2024 01:00,2.2
26/02/2024 01:15,2.18
26/02/2024 01:30,2.19
26/02/2024 01:45,2.18
26/02/2024 02:00,2.17
26/02/2024 02:15,2.17
26/02/2024 02:30,2.16
26/02/2024 02:45,2.16
26/02/2024 03:00,2.15
26/02/2024 03:15,2.15
26/02/2024 03:30,2.15
26/02/2024 03:45,2.14
26/02/2024 04:00,2.14
26/02/2024 04:15,2.13
26/02/2024 04:30,2.12
26/02/2024 04:45,2.12
26/02/2024 05:00,2.12
26/02/2024 05:15,2.12
26/02/2024 05:30,2.1
26/02/2024 05:45,2.11
26/02/2024 06:00,2.11
26/02/2024 06:15,2.1
26/02/2024 06:30,2.1
26/02/2024 06:45,2.08
26/02/2024 07:00,2.08
26/02/2024 07:15,2.08
26/02/2024 07:30,2.07
26/02/2024 07:45,2.06
26/02/2024 08:00,2.06
26/02/2024 08:15,2.06
26/02/2024 08:30,2.06
26/02/2024 08:45,2.05
26/02/2024 09:00,2.05
26/02/2024 09:15,2.03
26/02/2024 09:30,2.03
26/02/2024 09:45,2.03
26/02/2024 10:00,2.03
26/02/2024 10:15,2.03
26/02/2024 10:30,2.02
26/02/2024 10:45,2.02
26/02/2024 11:00,2.01
26/02/2024 11:15,2.01
26/02/2024 11:30,2.02
26/02/2024 11:45,2
26/02/2024 12:00,2
26/02/2024 12:15,2
26/02/2024 12:30,1.99
26/02/2024 12:45,1.99
26/02/2024 13:00,1.98
26/02/2024 13:15,1.98
26/02/2024 13:30,1.98
26/02/2024 13:45,1.97
26/02/2024 14:00,1.97
26/02/2024 14:15,1.96
26/02/2024 14:30,1.96
26/02/2024 14:45,1.96
26/02/2024 15:00,1.96
26/02/2024 15:15,1.95
26/02/2024 15:30,1.95
26/02/2024 15:45,1.95
26/02/2024 16:00,1.95
26/02/2024 16:15,1.93
26/02/2024 16:30,1.92
26/02/2024 16:45,1.93
26/02/2024 17:00,1.92
26/02/2024 17:15,1.92
26/02/2024 17:30,1.92
26/02/2024 17:45,1.92
26/02/2024 18:00,1.91
26/02/2024 18:15,1.91
26/02/2024 18:30,1.9
26/02/2024 18:45,1.9
26/02/2024 19:00,1.9
26/02/2024 19:15,1.89
26/02/2024 19:30,1.89
26/02/2024 19:45,1.88
26/02/2024 20:00,1.88
26/02/2024 20:15,1.87
26/02/2024 20:30,1.88
26/02/2024 20:45,1.88
26/02/2024 21:00,1.87
26/02/2024 21:15,1.86
26/02/2024 21:30,1.85
26/02/2024 21:45,1.86
26/02/2024 22:00,1.85
26/02/2024 22:15,1.85
26/02/2024 22:30,1.85
26/02/2024 22:45,1.84
26/02/2024 23:00,1.83
26/02/2024 23:15,1.83
26/02/2024 23:30,1.83
26/02/2024 23:45,1.82
27/02/2024 00:00,1.83
27/02/2024 00:15,1.82
27/02/2024 00:30,1.81
27/02/2024 00:45,1.81
27/02/2024 01:00,1.81
27/02/2024 01:15,1.8
27/02/2024 01:30,1.81
27/02/2024 01:45,1.79
27/02/2024 02:00,1.79
27/02/2024 02:15,1.79
27/02/2024 02:30,1.79
27/02/2024 02:45,1.78
27/02/2024 03:00,1.78
27/02/2024 03:15,1.78
27/02/2024 03:30,1.78
27/02/2024 03:45,1.77
27/02/2024 04:00,1.76
27/02/2024 04:15,1.76
27/02/2024 04:30,1.76
27/02/2024 04:45,1.76
27/02/2024 05:00,1.75
27/02/2024 05:15,1.74
27/02/2024 05:30,1.75
27/02/2024 05:45,1.74
27/02/2024 06:00,1.74
27/02/2024 06:15,1.74
27/02/2024 06:30,1.73
27/02/2024 06:45,1.74
27/02/2024 07:00,1.73
27/02/2024 07:15,1.73
27/02/2024 07:30,1.72
27/02/2024 07:45,1.72
27/02/2024 08:00,1.71
27/02/2024 08:15,1.71
27/02/2024 08:30,1.7
27/02/2024 08:45,1.7
27/02/2024 09:00,1.71
27/02/2024 09:15,1.7
27/02/2024 09:30,1.7
27/02/2024 09:45,1.69
27/02/2024 10:00,1.69
27/02/2024 10:15,1.69
27/02/2024 10:30,1.68
27/02/2024 10:45,1.68
27/02/2024 11:00,1.68
27/02/2024 11:15,1.67
27/02/2024 11:30,1.67
27/02/2024 11:45,1.66
27/02/2024 12:00,1.66
27/02/2024 12:15,1.66
27/02/2024 12:30,1.66
27/02/2024 12:45,1.65
27/02/2024 13:00,1.66
27/02/2024 13:15,1.64
27/02/2024 13:30,1.65
27/02/2024 13:45,1.64
27/02/2024 14:00,1.64
27/02/2024 14:15,1.64
27/02/2024 14:30,1.64
27/02/2024 14:45,1.63
27/02/2024 15:00,1.63
27/02/2024 15:15,1.63
27/02/2024 15:30,1.63
27/02/2024 15:45,1.62
27/02/2024 16:00,1.63
27/02/2024 16:15,1.62
27/02/2024 16:30,1.61
27/02/2024 16:45,1.61
27/02/2024 17:00,1.61
27/02/2024 17:15,1.6
27/02/2024 17:30,1.61
27/02/2024 17:45,1.6
27/02/2024 18:00,1.6
27/02/2024 18:15,1.59
27/02/2024 18:30,1.59
27/02/2024 18:45,1.59
27/02/2024 19:00,1.59
27/02/2024 19:15,1.59
27/02/2024 19:30,1.58
27/02/2024 19:45,1.58
27/02/2024 20:00,1.58
27/02/2024 20:15,1.57
27/02/2024 20:30,1.57
27/02/2024 20:45,1.57
27/02/2024 21:00,1.57
27/02/2024 21:15,1.56
27/02/2024 21:30,1.56
27/02/2024 21:45,1.56
27/02/2024 22:00,1.55
27/02/2024 22:15,1.55
27/02/2024 22:30,1.55
27/02/2024 22:45,1.55
27/02/2024 23:00,1.55
27/02/2024 23:15,1.55
27/02/2024 23:30,1.54
27/02/2024 23:45,1.54
28/02/2024 00:00,1.55
28/02/2024 00:15,1.53
28/02/2024 00:30,1.53
28/02/2024 00:45,1.53
28/02/2024 01:00,1.53
28/02/2024 01:15,1.53
28/02/2024 01:30,1.52
28/02/2024 01:45,1.53
28/02/2024 02:00,1.52
28/02/2024 02:15,1.52
28/02/2024 02:30,1.51
28/02/2024 02:45,1.51
28/02/2024 03:00,1.52
28/02/2024 03:15,1.51
28/02/2024 03:30,1.5
28/02/2024 03:45,1.51
28/02/2024 04:00,1.5
28/02/2024 04:15,1.5
28/02/2024 04:30,1.5
28/02/2024 04:45,1.5
28/02/2024 05:00,1.5
28/02/2024 05:15,1.49
28/02/2024 05:30,1.5
28/02/2024 05:45,1.5
28/02/2024 06:00,1.49
28/02/2024 06:15,1.49
28/02/2024 06:30,1.49
28/02/2024 06:45,1.49
28/02/2024 07:00,1.48
28/02/2024 07:15,1.48
28/02/2024 07:30,1.47
28/02/2024 07:45,1.47
28/02/2024 08:00,1.47
28/02/2024 08:15,1.47
28/02/2024 08:30,1.47
28/02/2024 08:45,1.47
28/02/2024 09:00,1.47
28/02/2024 09:15,1.47
28/02/2024 09:30,1.46
28/02/2024 09:45,1.46
28/02/2024 10:00,1.46
28/02/2024 10:15,1.47
28/02/2024 10:30,1.46
28/02/2024 10:45,1.46
28/02/2024 11:00,1.45
28/02/2024 11:15,1.46
28/02/2024 11:30,1.45
28/02/2024 11:45,1.45
28/02/2024 12:00,1.45
28/02/2024 12:15,1.45
28/02/2024 12:30,1.45
28/02/2024 12:45,1.45
28/02/2024 13:00,1.45
28/02/2024 13:15,1.44
28/02/2024 13:30,1.44
28/02/2024 13:45,1.45
28/02/2024 14:00,1.45
28/02/2024 14:15,1.44
28/02/2024 14:30,1.44
28/02/2024 14:45,1.44
28/02/2024 15:00,1.44
28/02/2024 15:15,1.44
28/02/2024 15:30,1.43
28/02/2024 15:45,1.44
28/02/2024 16:00,1.43
28/02/2024 16:15,1.43
28/02/2024 16:30,1.43
28/02/2024 16:45,1.44
28/02/2024 17:00,1.43
28/02/2024 17:15,1.43
28/02/2024 17:30,1.43
28/02/2024 17:45,1.43
28/02/2024 18:00,1.43
28/02/2024 18:15,1.43
28/02/2024 18:30,1.43
28/02/2024 18:45,1.42
28/02/2024 19:00,1.43
28/02/2024 19:15,1.41
28/02/2024 19:30,1.42
28/02/2024 19:45,1.41
28/02/2024 20:00,1.42
28/02/2024 20:15,1.41
28/02/2024 20:30,1.42
28/02/2024 20:45,1.41
28/02/2024 21:00,1.41
28/02/2024 21:15,1.42
28/02/2024 21:30,1.41
28/02/2024 21:45,1.41
28/02/2024 22:00,1.41
28/02/2024 22:15,1.41
28/02/2024 22:30,1.41
28/02/2024 22:45,1.41
28/02/2024 23:00,1.41
28/02/2024 23:15,1.41
28/02/2024 23:30,1.41
28/02/2024 23:45,1.41
29/02/2024 00:00,1.41
29/02/2024 00:15,1.41
29/02/2024 00:30,1.4
29/02/2024 00:45,1.4
29/02/2024 01:00,1.4
29/02/2024 01:15,1.4
29/02/2024 01:30,1.4
29/02/2024 01:45,1.4
29/02/2024 02:00,1.4
29/02/2024 02:15,1.4
29/02/2024 02:30,1.4
29/02/2024 02:45,1.39
29/02/2024 03:00,1.4
29/02/2024 03:15,1.39
29/02/2024 03:30,1.39
29/02/2024 03:45,1.39
29/02/2024 04:00,1.39
29/02/2024 04:15,1.39
29/02/2024 04:30,1.39
29/02/2024 04:45,1.39
29/02/2024 05:00,1.39
29/02/2024 05:15,1.39
29/02/2024 05:30,1.39
29/02/2024 05:45,1.39
29/02/2024 06:00,1.38
29/02/2024 06:15,1.39
29/02/2024 06:30,1.38
29/02/2024 06:45,1.39
29/02/2024 07:00,1.38
29/02/2024 07:15,1.38
29/02/2024 07:30,1.38
29/02/2024 07:45,1.38
29/02/2024 08:00,1.37
29/02/2024 08:15,1.37
29/02/2024 08:30,1.37
29/02/2024 08:45,1.37
29/02/2024 09:00,1.36
29/02/2024 09:15,1.36
29/02/2024 09:30,1.36
29/02/2024 09:45,1.36
29/02/2024 10:00,1.36
29/02/2024 10:15,1.36
29/02/2024 10:30,1.36
29/02/2024 10:45,1.35
29/02/2024 11:00,1.36
29/02/2024 11:15,1.35
29/02/2024 11:30,1.36
29/02/2024 11:45,1.36
29/02/2024 12:00,1.35
29/02/2024 12:15,1.35
29/02/2024 12:30,1.35
29/02/2024 12:45,1.36
29/02/2024 13:00,1.35
29/02/2024 13:15,1.35
29/02/2024 13:30,1.35
29/02/2024 13:45,1.35
29/02/2024 14:00,1.35
29/02/2024 14:15,1.35
29/02/2024 14:30,1.35
29/02/2024 14:45,1.35
29/02/2024 15:00,1.35
29/02/2024 15:15,1.35
29/02/2024 15:30,1.35
29/02/2024 15:45,1.35
29/02/2024 16:00,1.35
29/02/2024 16:15,1.36
29/02/2024 16:30,1.36
29/02/2024 16:45,1.36
29/02/2024 17:00,1.37
29/02/2024 17:15,1.36
29/02/2024 17:30,1.36
29/02/2024 17:45,1.36
29/02/2024 18:00,1.37
29/02/2024 18:15,1.37
29/02/2024 18:30,1.37
29/02/2024 18:45,1.37
29/02/2024 19:00,1.37
29/02/2024 19:15,1.38
29/02/2024 19:30,1.38
29/02/2024 19:45,1.38
29/02/2024 20:00,1.37
29/02/2024 20:15,1.38
29/02/2024 20:30,1.38
29/02/2024 20:45,1.39
29/02/2024 21:00,1.39
29/02/2024 21:15,1.39
29/02/2024 21:30,1.39
29/02/2024 21:45,1.39
29/02/2024 22:00,1.4
29/02/2024 22:15,1.4
29/02/2024 22:30,1.4
29/02/2024 22:45,1.41
29/02/2024 23:00,1.41
29/02/2024 23:15,1.41
29/02/2024 23:30,1.42
29/02/2024 23:45,1.43
